283,AIRPORT_NAME283,AIRPORT_TYPE283,283,"{COUNTRY283,283000}"
284,AIRPORT_NAME284,AIRPORT_TYPE284,284,"{COUNTRY284,284000}"
285,AIRPORT_NAME285,AIRPORT_TYPE285,285,"{COUNTRY285,285000}"
286,AIRPORT_NAME286,AIRPORT_TYPE286,286,"{COUNTRY286,286000}"
287,AIRPORT_NAME287,AIRPORT_TYPE287,287,"{COUNTRY287,287000}"
288,AIRPORT_NAME288,AIRPORT_TYPE288,288,"{COUNTRY288,288000}"
289,AIRPORT_NAME289,AIRPORT_TYPE289,289,"{COUNTRY289,289000}"
290,AIRPORT_NAME290,AIRPORT_TYPE290,290,"{COUNTRY290,290000}"
291,AIRPORT_NAME291,AIRPORT_TYPE291,291,"{COUNTRY291,291000}"
292,AIRPORT_NAME292,AIRPORT_TYPE292,292,"{COUNTRY292,292000}"
293,AIRPORT_NAME293,AIRPORT_TYPE293,293,"{COUNTRY293,293000}"
294,AIRPORT_NAME294,AIRPORT_TYPE294,294,"{COUNTRY294,294000}"
295,AIRPORT_NAME295,AIRPORT_TYPE295,295,"{COUNTRY295,295000}"
296,AIRPORT_NAME296,AIRPORT_TYPE296,296,"{COUNTRY296,296000}"
297,AIRPORT_NAME297,AIRPORT_TYPE297,297,"{COUNTRY297,297000}"
298,AIRPORT_NAME298,AIRPORT_TYPE298,298,"{COUNTRY298,298000}"
299,AIRPORT_NAME299,AIRPORT_TYPE299,299,"{COUNTRY299,299000}"
300,AIRPORT_NAME300,AIRPORT_TYPE300,300,"{COUNTRY300,300000}"
301,AIRPORT_NAME301,AIRPORT_TYPE301,301,"{COUNTRY301,301000}"
302,AIRPORT_NAME302,AIRPORT_TYPE302,302,"{COUNTRY302,302000}"
303,AIRPORT_NAME303,AIRPORT_TYPE303,303,"{COUNTRY303,303000}"
304,AIRPORT_NAME304,AIRPORT_TYPE304,304,"{COUNTRY304,304000}"
305,AIRPORT_NAME305,AIRPORT_TYPE305,305,"{COUNTRY305,305000}"
306,AIRPORT_NAME306,AIRPORT_TYPE306,306,"{COUNTRY306,306000}"
307,AIRPORT_NAME307,AIRPORT_TYPE307,307,"{COUNTRY307,307000}"
308,AIRPORT_NAME308,AIRPORT_TYPE308,308,"{COUNTRY308,308000}"
309,AIRPORT_NAME309,AIRPORT_TYPE309,309,"{COUNTRY309,309000}"
310,AIRPORT_NAME310,AIRPORT_TYPE310,310,"{COUNTRY310,310000}"
311,AIRPORT_NAME311,AIRPORT_TYPE311,311,"{COUNTRY311,311000}"
312,AIRPORT_NAME312,AIRPORT_TYPE312,312,"{COUNTRY312,312000}"
313,AIRPORT_NAME313,AIRPORT_TYPE313,313,"{COUNTRY313,313000}"
314,AIRPORT_NAME314,AIRPORT_TYPE314,314,"{COUNTRY314,314000}"
315,AIRPORT_NAME315,AIRPORT_TYPE315,315,"{COUNTRY315,315000}"
316,AIRPORT_NAME316,AIRPORT_TYPE316,316,"{COUNTRY316,316000}"
317,AIRPORT_NAME317,AIRPORT_TYPE317,317,"{COUNTRY317,317000}"
318,AIRPORT_NAME318,AIRPORT_TYPE318,318,"{COUNTRY318,318000}"
319,AIRPORT_NAME319,AIRPORT_TYPE319,319,"{COUNTRY319,319000}"
320,AIRPORT_NAME320,AIRPORT_TYPE320,320,"{COUNTRY320,320000}"
321,AIRPORT_NAME321,AIRPORT_TYPE321,321,"{COUNTRY321,321000}"
322,AIRPORT_NAME322,AIRPORT_TYPE322,322,"{COUNTRY322,322000}"
323,AIRPORT_NAME323,AIRPORT_TYPE323,323,"{COUNTRY323,323000}"
324,AIRPORT_NAME324,AIRPORT_TYPE324,324,"{COUNTRY324,324000}"
325,AIRPORT_NAME325,AIRPORT_TYPE325,325,"{COUNTRY325,325000}"
326,AIRPORT_NAME326,AIRPORT_TYPE326,326,"{COUNTRY326,326000}"
327,AIRPORT_NAME327,AIRPORT_TYPE327,327,"{COUNTRY327,327000}"
328,AIRPORT_NAME328,AIRPORT_TYPE328,328,"{COUNTRY328,328000}"
329,AIRPORT_NAME329,AIRPORT_TYPE329,329,"{COUNTRY329,329000}"
330,AIRPORT_NAME330,AIRPORT_TYPE330,330,"{COUNTRY330,330000}"
331,AIRPORT_NAME331,AIRPORT_TYPE331,331,"{COUNTRY331,331000}"
332,AIRPORT_NAME332,AIRPORT_TYPE332,332,"{COUNTRY332,332000}"
333,AIRPORT_NAME333,AIRPORT_TYPE333,333,"{COUNTRY333,333000}"
334,AIRPORT_NAME334,AIRPORT_TYPE334,334,"{COUNTRY334,334000}"
335,AIRPORT_NAME335,AIRPORT_TYPE335,335,"{COUNTRY335,335000}"
336,AIRPORT_NAME336,AIRPORT_TYPE336,336,"{COUNTRY336,336000}"
337,AIRPORT_NAME337,AIRPORT_TYPE337,337,"{COUNTRY337,337000}"
338,AIRPORT_NAME338,AIRPORT_TYPE338,338,"{COUNTRY338,338000}"
339,AIRPORT_NAME339,AIRPORT_TYPE339,339,"{COUNTRY339,339000}"
340,AIRPORT_NAME340,AIRPORT_TYPE340,340,"{COUNTRY340,340000}"
341,AIRPORT_NAME341,AIRPORT_TYPE341,341,"{COUNTRY341,341000}"
342,AIRPORT_NAME342,AIRPORT_TYPE342,342,"{COUNTRY342,342000}"
343,AIRPORT_NAME343,AIRPORT_TYPE343,343,"{COUNTRY343,343000}"
344,AIRPORT_NAME344,AIRPORT_TYPE344,344,"{COUNTRY344,344000}"
345,AIRPORT_NAME345,AIRPORT_TYPE345,345,"{COUNTRY345,345000}"
346,AIRPORT_NAME346,AIRPORT_TYPE346,346,"{COUNTRY346,346000}"
347,AIRPORT_NAME347,AIRPORT_TYPE347,347,"{COUNTRY347,347000}"
348,AIRPORT_NAME348,AIRPORT_TYPE348,348,"{COUNTRY348,348000}"
349,AIRPORT_NAME349,AIRPORT_TYPE349,349,"{COUNTRY349,349000}"
350,AIRPORT_NAME350,AIRPORT_TYPE350,350,"{COUNTRY350,350000}"
351,AIRPORT_NAME351,AIRPORT_TYPE351,351,"{COUNTRY351,351000}"
352,AIRPORT_NAME352,AIRPORT_TYPE352,352,"{COUNTRY352,352000}"
353,AIRPORT_NAME353,AIRPORT_TYPE353,353,"{COUNTRY353,353000}"
354,AIRPORT_NAME354,AIRPORT_TYPE354,354,"{COUNTRY354,354000}"
355,AIRPORT_NAME355,AIRPORT_TYPE355,355,"{COUNTRY355,355000}"
356,AIRPORT_NAME356,AIRPORT_TYPE356,356,"{COUNTRY356,356000}"
357,AIRPORT_NAME357,AIRPORT_TYPE357,357,"{COUNTRY357,357000}"
358,AIRPORT_NAME358,AIRPORT_TYPE358,358,"{COUNTRY358,358000}"
359,AIRPORT_NAME359,AIRPORT_TYPE359,359,"{COUNTRY359,359000}"
360,AIRPORT_NAME360,AIRPORT_TYPE360,360,"{COUNTRY360,360000}"
361,AIRPORT_NAME361,AIRPORT_TYPE361,361,"{COUNTRY361,361000}"
362,AIRPORT_NAME362,AIRPORT_TYPE362,362,"{COUNTRY362,362000}"
363,AIRPORT_NAME363,AIRPORT_TYPE363,363,"{COUNTRY363,363000}"
364,AIRPORT_NAME364,AIRPORT_TYPE364,364,"{COUNTRY364,364000}"
365,AIRPORT_NAME365,AIRPORT_TYPE365,365,"{COUNTRY365,365000}"
366,AIRPORT_NAME366,AIRPORT_TYPE366,366,"{COUNTRY366,366000}"
367,AIRPORT_NAME367,AIRPORT_TYPE367,367,"{COUNTRY367,367000}"
368,AIRPORT_NAME368,AIRPORT_TYPE368,368,"{COUNTRY368,368000}"
369,AIRPORT_NAME369,AIRPORT_TYPE369,369,"{COUNTRY369,369000}"
370,AIRPORT_NAME370,AIRPORT_TYPE370,370,"{COUNTRY370,370000}"
371,AIRPORT_NAME371,AIRPORT_TYPE371,371,"{COUNTRY371,371000}"
372,AIRPORT_NAME372,AIRPORT_TYPE372,372,"{COUNTRY372,372000}"
373,AIRPORT_NAME373,AIRPORT_TYPE373,373,"{COUNTRY373,373000}"
374,AIRPORT_NAME374,AIRPORT_TYPE374,374,"{COUNTRY374,374000}"
375,AIRPORT_NAME375,AIRPORT_TYPE375,375,"{COUNTRY375,375000}"
376,AIRPORT_NAME376,AIRPORT_TYPE376,376,"{COUNTRY376,376000}"
377,AIRPORT_NAME377,AIRPORT_TYPE377,377,"{COUNTRY377,377000}"
378,AIRPORT_NAME378,AIRPORT_TYPE378,378,"{COUNTRY378,378000}"
379,AIRPORT_NAME379,AIRPORT_TYPE379,379,"{COUNTRY379,379000}"
380,AIRPORT_NAME380,AIRPORT_TYPE380,380,"{COUNTRY380,380000}"
381,AIRPORT_NAME381,AIRPORT_TYPE381,381,"{COUNTRY381,381000}"
382,AIRPORT_NAME382,AIRPORT_TYPE382,382,"{COUNTRY382,382000}"
383,AIRPORT_NAME383,AIRPORT_TYPE383,383,"{COUNTRY383,383000}"
384,AIRPORT_NAME384,AIRPORT_TYPE384,384,"{COUNTRY384,384000}"
385,AIRPORT_NAME385,AIRPORT_TYPE385,385,"{COUNTRY385,385000}"
386,AIRPORT_NAME386,AIRPORT_TYPE386,386,"{COUNTRY386,386000}"
387,AIRPORT_NAME387,AIRPORT_TYPE387,387,"{COUNTRY387,387000}"
388,AIRPORT_NAME388,AIRPORT_TYPE388,388,"{COUNTRY388,388000}"
389,AIRPORT_NAME389,AIRPORT_TYPE389,389,"{COUNTRY389,389000}"
390,AIRPORT_NAME390,AIRPORT_TYPE390,390,"{COUNTRY390,390000}"
391,AIRPORT_NAME391,AIRPORT_TYPE391,391,"{COUNTRY391,391000}"
392,AIRPORT_NAME392,AIRPORT_TYPE392,392,"{COUNTRY392,392000}"
393,AIRPORT_NAME393,AIRPORT_TYPE393,393,"{COUNTRY393,393000}"
394,AIRPORT_NAME394,AIRPORT_TYPE394,394,"{COUNTRY394,394000}"
395,AIRPORT_NAME395,AIRPORT_TYPE395,395,"{COUNTRY395,395000}"
396,AIRPORT_NAME396,AIRPORT_TYPE396,396,"{COUNTRY396,396000}"
397,AIRPORT_NAME397,AIRPORT_TYPE397,397,"{COUNTRY397,397000}"
398,AIRPORT_NAME398,AIRPORT_TYPE398,398,"{COUNTRY398,398000}"
399,AIRPORT_NAME399,AIRPORT_TYPE399,399,"{COUNTRY399,399000}"
400,AIRPORT_NAME400,AIRPORT_TYPE400,400,"{COUNTRY400,400000}"
401,AIRPORT_NAME401,AIRPORT_TYPE401,401,"{COUNTRY401,401000}"
402,AIRPORT_NAME402,AIRPORT_TYPE402,402,"{COUNTRY402,402000}"
403,AIRPORT_NAME403,AIRPORT_TYPE403,403,"{COUNTRY403,403000}"
404,AIRPORT_NAME404,AIRPORT_TYPE404,404,"{COUNTRY404,404000}"
405,AIRPORT_NAME405,AIRPORT_TYPE405,405,"{COUNTRY405,405000}"
406,AIRPORT_NAME406,AIRPORT_TYPE406,406,"{COUNTRY406,406000}"
407,AIRPORT_NAME407,AIRPORT_TYPE407,407,"{COUNTRY407,407000}"
408,AIRPORT_NAME408,AIRPORT_TYPE408,408,"{COUNTRY408,408000}"
409,AIRPORT_NAME409,AIRPORT_TYPE409,409,"{COUNTRY409,409000}"
410,AIRPORT_NAME410,AIRPORT_TYPE410,410,"{COUNTRY410,410000}"
411,AIRPORT_NAME411,AIRPORT_TYPE411,411,"{COUNTRY411,411000}"
412,AIRPORT_NAME412,AIRPORT_TYPE412,412,"{COUNTRY412,412000}"
413,AIRPORT_NAME413,AIRPORT_TYPE413,413,"{COUNTRY413,413000}"
414,AIRPORT_NAME414,AIRPORT_TYPE414,414,"{COUNTRY414,414000}"
415,AIRPORT_NAME415,AIRPORT_TYPE415,415,"{COUNTRY415,415000}"
416,AIRPORT_NAME416,AIRPORT_TYPE416,416,"{COUNTRY416,416000}"
417,AIRPORT_NAME417,AIRPORT_TYPE417,417,"{COUNTRY417,417000}"
418,AIRPORT_NAME418,AIRPORT_TYPE418,418,"{COUNTRY418,418000}"
419,AIRPORT_NAME419,AIRPORT_TYPE419,419,"{COUNTRY419,419000}"
420,AIRPORT_NAME420,AIRPORT_TYPE420,420,"{COUNTRY420,420000}"
421,AIRPORT_NAME421,AIRPORT_TYPE421,421,"{COUNTRY421,421000}"
422,AIRPORT_NAME422,AIRPORT_TYPE422,422,"{COUNTRY422,422000}"
423,AIRPORT_NAME423,AIRPORT_TYPE423,423,"{COUNTRY423,423000}"
424,AIRPORT_NAME424,AIRPORT_TYPE424,424,"{COUNTRY424,424000}"
425,AIRPORT_NAME425,AIRPORT_TYPE425,425,"{COUNTRY425,425000}"
426,AIRPORT_NAME426,AIRPORT_TYPE426,426,"{COUNTRY426,426000}"
427,AIRPORT_NAME427,AIRPORT_TYPE427,427,"{COUNTRY427,427000}"
428,AIRPORT_NAME428,AIRPORT_TYPE428,428,"{COUNTRY428,428000}"
429,AIRPORT_NAME429,AIRPORT_TYPE429,429,"{COUNTRY429,429000}"
430,AIRPORT_NAME430,AIRPORT_TYPE430,430,"{COUNTRY430,430000}"
431,AIRPORT_NAME431,AIRPORT_TYPE431,431,"{COUNTRY431,431000}"
432,AIRPORT_NAME432,AIRPORT_TYPE432,432,"{COUNTRY432,432000}"
433,AIRPORT_NAME433,AIRPORT_TYPE433,433,"{COUNTRY433,433000}"
434,AIRPORT_NAME434,AIRPORT_TYPE434,434,"{COUNTRY434,434000}"
435,AIRPORT_NAME435,AIRPORT_TYPE435,435,"{COUNTRY435,435000}"
436,AIRPORT_NAME436,AIRPORT_TYPE436,436,"{COUNTRY436,436000}"
437,AIRPORT_NAME437,AIRPORT_TYPE437,437,"{COUNTRY437,437000}"
438,AIRPORT_NAME438,AIRPORT_TYPE438,438,"{COUNTRY438,438000}"
439,AIRPORT_NAME439,AIRPORT_TYPE439,439,"{COUNTRY439,439000}"
440,AIRPORT_NAME440,AIRPORT_TYPE440,440,"{COUNTRY440,440000}"
441,AIRPORT_NAME441,AIRPORT_TYPE441,441,"{COUNTRY441,441000}"
442,AIRPORT_NAME442,AIRPORT_TYPE442,442,"{COUNTRY442,442000}"
443,AIRPORT_NAME443,AIRPORT_TYPE443,443,"{COUNTRY443,443000}"
444,AIRPORT_NAME444,AIRPORT_TYPE444,444,"{COUNTRY444,444000}"
445,AIRPORT_NAME445,AIRPORT_TYPE445,445,"{COUNTRY445,445000}"
446,AIRPORT_NAME446,AIRPORT_TYPE446,446,"{COUNTRY446,446000}"
447,AIRPORT_NAME447,AIRPORT_TYPE447,447,"{COUNTRY447,447000}"
448,AIRPORT_NAME448,AIRPORT_TYPE448,448,"{COUNTRY448,448000}"
449,AIRPORT_NAME449,AIRPORT_TYPE449,449,"{COUNTRY449,449000}"
450,AIRPORT_NAME450,AIRPORT_TYPE450,450,"{COUNTRY450,450000}"
451,AIRPORT_NAME451,AIRPORT_TYPE451,451,"{COUNTRY451,451000}"
452,AIRPORT_NAME452,AIRPORT_TYPE452,452,"{COUNTRY452,452000}"
453,AIRPORT_NAME453,AIRPORT_TYPE453,453,"{COUNTRY453,453000}"
454,AIRPORT_NAME454,AIRPORT_TYPE454,454,"{COUNTRY454,454000}"
455,AIRPORT_NAME455,AIRPORT_TYPE455,455,"{COUNTRY455,455000}"
456,AIRPORT_NAME456,AIRPORT_TYPE456,456,"{COUNTRY456,456000}"
457,AIRPORT_NAME457,AIRPORT_TYPE457,457,"{COUNTRY457,457000}"
458,AIRPORT_NAME458,AIRPORT_TYPE458,458,"{COUNTRY458,458000}"
459,AIRPORT_NAME459,AIRPORT_TYPE459,459,"{COUNTRY459,459000}"
460,AIRPORT_NAME460,AIRPORT_TYPE460,460,"{COUNTRY460,460000}"
461,AIRPORT_NAME461,AIRPORT_TYPE461,461,"{COUNTRY461,461000}"
462,AIRPORT_NAME462,AIRPORT_TYPE462,462,"{COUNTRY462,462000}"
463,AIRPORT_NAME463,AIRPORT_TYPE463,463,"{COUNTRY463,463000}"
464,AIRPORT_NAME464,AIRPORT_TYPE464,464,"{COUNTRY464,464000}"
465,AIRPORT_NAME465,AIRPORT_TYPE465,465,"{COUNTRY465,465000}"
466,AIRPORT_NAME466,AIRPORT_TYPE466,466,"{COUNTRY466,466000}"
1,AIRPORT_NAME1,AIRPORT_TYPE1,1,"{COUNTRY1,1000}"
2,AIRPORT_NAME2,AIRPORT_TYPE2,2,"{COUNTRY2,2000}"
3,AIRPORT_NAME3,AIRPORT_TYPE3,3,"{COUNTRY3,3000}"
4,AIRPORT_NAME4,AIRPORT_TYPE4,4,"{COUNTRY4,4000}"
5,AIRPORT_NAME5,AIRPORT_TYPE5,5,"{COUNTRY5,5000}"
6,AIRPORT_NAME6,AIRPORT_TYPE6,6,"{COUNTRY6,6000}"
7,AIRPORT_NAME7,AIRPORT_TYPE7,7,"{COUNTRY7,7000}"
8,AIRPORT_NAME8,AIRPORT_TYPE8,8,"{COUNTRY8,8000}"
9,AIRPORT_NAME9,AIRPORT_TYPE9,9,"{COUNTRY9,9000}"
10,AIRPORT_NAME10,AIRPORT_TYPE10,10,"{COUNTRY10,10000}"
11,AIRPORT_NAME11,AIRPORT_TYPE11,11,"{COUNTRY11,11000}"
12,AIRPORT_NAME12,AIRPORT_TYPE12,12,"{COUNTRY12,12000}"
13,AIRPORT_NAME13,AIRPORT_TYPE13,13,"{COUNTRY13,13000}"
14,AIRPORT_NAME14,AIRPORT_TYPE14,14,"{COUNTRY14,14000}"
15,AIRPORT_NAME15,AIRPORT_TYPE15,15,"{COUNTRY15,15000}"
16,AIRPORT_NAME16,AIRPORT_TYPE16,16,"{COUNTRY16,16000}"
17,AIRPORT_NAME17,AIRPORT_TYPE17,17,"{COUNTRY17,17000}"
18,AIRPORT_NAME18,AIRPORT_TYPE18,18,"{COUNTRY18,18000}"
19,AIRPORT_NAME19,AIRPORT_TYPE19,19,"{COUNTRY19,19000}"
20,AIRPORT_NAME20,AIRPORT_TYPE20,20,"{COUNTRY20,20000}"
21,AIRPORT_NAME21,AIRPORT_TYPE21,21,"{COUNTRY21,21000}"
22,AIRPORT_NAME22,AIRPORT_TYPE22,22,"{COUNTRY22,22000}"
23,AIRPORT_NAME23,AIRPORT_TYPE23,23,"{COUNTRY23,23000}"
24,AIRPORT_NAME24,AIRPORT_TYPE24,24,"{COUNTRY24,24000}"
25,AIRPORT_NAME25,AIRPORT_TYPE25,25,"{COUNTRY25,25000}"
26,AIRPORT_NAME26,AIRPORT_TYPE26,26,"{COUNTRY26,26000}"
27,AIRPORT_NAME27,AIRPORT_TYPE27,27,"{COUNTRY27,27000}"
28,AIRPORT_NAME28,AIRPORT_TYPE28,28,"{COUNTRY28,28000}"
29,AIRPORT_NAME29,AIRPORT_TYPE29,29,"{COUNTRY29,29000}"
30,AIRPORT_NAME30,AIRPORT_TYPE30,30,"{COUNTRY30,30000}"
31,AIRPORT_NAME31,AIRPORT_TYPE31,31,"{COUNTRY31,31000}"
32,AIRPORT_NAME32,AIRPORT_TYPE32,32,"{COUNTRY32,32000}"
33,AIRPORT_NAME33,AIRPORT_TYPE33,33,"{COUNTRY33,33000}"
34,AIRPORT_NAME34,AIRPORT_TYPE34,34,"{COUNTRY34,34000}"
35,AIRPORT_NAME35,AIRPORT_TYPE35,35,"{COUNTRY35,35000}"
36,AIRPORT_NAME36,AIRPORT_TYPE36,36,"{COUNTRY36,36000}"
37,AIRPORT_NAME37,AIRPORT_TYPE37,37,"{COUNTRY37,37000}"
38,AIRPORT_NAME38,AIRPORT_TYPE38,38,"{COUNTRY38,38000}"
39,AIRPORT_NAME39,AIRPORT_TYPE39,39,"{COUNTRY39,39000}"
40,AIRPORT_NAME40,AIRPORT_TYPE40,40,"{COUNTRY40,40000}"
41,AIRPORT_NAME41,AIRPORT_TYPE41,41,"{COUNTRY41,41000}"
42,AIRPORT_NAME42,AIRPORT_TYPE42,42,"{COUNTRY42,42000}"
43,AIRPORT_NAME43,AIRPORT_TYPE43,43,"{COUNTRY43,43000}"
44,AIRPORT_NAME44,AIRPORT_TYPE44,44,"{COUNTRY44,44000}"
45,AIRPORT_NAME45,AIRPORT_TYPE45,45,"{COUNTRY45,45000}"
46,AIRPORT_NAME46,AIRPORT_TYPE46,46,"{COUNTRY46,46000}"
47,AIRPORT_NAME47,AIRPORT_TYPE47,47,"{COUNTRY47,47000}"
48,AIRPORT_NAME48,AIRPORT_TYPE48,48,"{COUNTRY48,48000}"
49,AIRPORT_NAME49,AIRPORT_TYPE49,49,"{COUNTRY49,49000}"
50,AIRPORT_NAME50,AIRPORT_TYPE50,50,"{COUNTRY50,50000}"
51,AIRPORT_NAME51,AIRPORT_TYPE51,51,"{COUNTRY51,51000}"
52,AIRPORT_NAME52,AIRPORT_TYPE52,52,"{COUNTRY52,52000}"
53,AIRPORT_NAME53,AIRPORT_TYPE53,53,"{COUNTRY53,53000}"
54,AIRPORT_NAME54,AIRPORT_TYPE54,54,"{COUNTRY54,54000}"
55,AIRPORT_NAME55,AIRPORT_TYPE55,55,"{COUNTRY55,55000}"
56,AIRPORT_NAME56,AIRPORT_TYPE56,56,"{COUNTRY56,56000}"
57,AIRPORT_NAME57,AIRPORT_TYPE57,57,"{COUNTRY57,57000}"
58,AIRPORT_NAME58,AIRPORT_TYPE58,58,"{COUNTRY58,58000}"
59,AIRPORT_NAME59,AIRPORT_TYPE59,59,"{COUNTRY59,59000}"
60,AIRPORT_NAME60,AIRPORT_TYPE60,60,"{COUNTRY60,60000}"
61,AIRPORT_NAME61,AIRPORT_TYPE61,61,"{COUNTRY61,61000}"
62,AIRPORT_NAME62,AIRPORT_TYPE62,62,"{COUNTRY62,62000}"
63,AIRPORT_NAME63,AIRPORT_TYPE63,63,"{COUNTRY63,63000}"
64,AIRPORT_NAME64,AIRPORT_TYPE64,64,"{COUNTRY64,64000}"
65,AIRPORT_NAME65,AIRPORT_TYPE65,65,"{COUNTRY65,65000}"
66,AIRPORT_NAME66,AIRPORT_TYPE66,66,"{COUNTRY66,66000}"
67,AIRPORT_NAME67,AIRPORT_TYPE67,67,"{COUNTRY67,67000}"
68,AIRPORT_NAME68,AIRPORT_TYPE68,68,"{COUNTRY68,68000}"
69,AIRPORT_NAME69,AIRPORT_TYPE69,69,"{COUNTRY69,69000}"
70,AIRPORT_NAME70,AIRPORT_TYPE70,70,"{COUNTRY70,70000}"
71,AIRPORT_NAME71,AIRPORT_TYPE71,71,"{COUNTRY71,71000}"
72,AIRPORT_NAME72,AIRPORT_TYPE72,72,"{COUNTRY72,72000}"
73,AIRPORT_NAME73,AIRPORT_TYPE73,73,"{COUNTRY73,73000}"
74,AIRPORT_NAME74,AIRPORT_TYPE74,74,"{COUNTRY74,74000}"
75,AIRPORT_NAME75,AIRPORT_TYPE75,75,"{COUNTRY75,75000}"
76,AIRPORT_NAME76,AIRPORT_TYPE76,76,"{COUNTRY76,76000}"
77,AIRPORT_NAME77,AIRPORT_TYPE77,77,"{COUNTRY77,77000}"
78,AIRPORT_NAME78,AIRPORT_TYPE78,78,"{COUNTRY78,78000}"
79,AIRPORT_NAME79,AIRPORT_TYPE79,79,"{COUNTRY79,79000}"
80,AIRPORT_NAME80,AIRPORT_TYPE80,80,"{COUNTRY80,80000}"
81,AIRPORT_NAME81,AIRPORT_TYPE81,81,"{COUNTRY81,81000}"
82,AIRPORT_NAME82,AIRPORT_TYPE82,82,"{COUNTRY82,82000}"
83,AIRPORT_NAME83,AIRPORT_TYPE83,83,"{COUNTRY83,83000}"
84,AIRPORT_NAME84,AIRPORT_TYPE84,84,"{COUNTRY84,84000}"
85,AIRPORT_NAME85,AIRPORT_TYPE85,85,"{COUNTRY85,85000}"
86,AIRPORT_NAME86,AIRPORT_TYPE86,86,"{COUNTRY86,86000}"
87,AIRPORT_NAME87,AIRPORT_TYPE87,87,"{COUNTRY87,87000}"
88,AIRPORT_NAME88,AIRPORT_TYPE88,88,"{COUNTRY88,88000}"
89,AIRPORT_NAME89,AIRPORT_TYPE89,89,"{COUNTRY89,89000}"
90,AIRPORT_NAME90,AIRPORT_TYPE90,90,"{COUNTRY90,90000}"
91,AIRPORT_NAME91,AIRPORT_TYPE91,91,"{COUNTRY91,91000}"
92,AIRPORT_NAME92,AIRPORT_TYPE92,92,"{COUNTRY92,92000}"
93,AIRPORT_NAME93,AIRPORT_TYPE93,93,"{COUNTRY93,93000}"
94,AIRPORT_NAME94,AIRPORT_TYPE94,94,"{COUNTRY94,94000}"
95,AIRPORT_NAME95,AIRPORT_TYPE95,95,"{COUNTRY95,95000}"
96,AIRPORT_NAME96,AIRPORT_TYPE96,96,"{COUNTRY96,96000}"
97,AIRPORT_NAME97,AIRPORT_TYPE97,97,"{COUNTRY97,97000}"
98,AIRPORT_NAME98,AIRPORT_TYPE98,98,"{COUNTRY98,98000}"
99,AIRPORT_NAME99,AIRPORT_TYPE99,99,"{COUNTRY99,99000}"
100,AIRPORT_NAME100,AIRPORT_TYPE100,100,"{COUNTRY100,100000}"
101,AIRPORT_NAME101,AIRPORT_TYPE101,101,"{COUNTRY101,101000}"
102,AIRPORT_NAME102,AIRPORT_TYPE102,102,"{COUNTRY102,102000}"
103,AIRPORT_NAME103,AIRPORT_TYPE103,103,"{COUNTRY103,103000}"
104,AIRPORT_NAME104,AIRPORT_TYPE104,104,"{COUNTRY104,104000}"
105,AIRPORT_NAME105,AIRPORT_TYPE105,105,"{COUNTRY105,105000}"
106,AIRPORT_NAME106,AIRPORT_TYPE106,106,"{COUNTRY106,106000}"
107,AIRPORT_NAME107,AIRPORT_TYPE107,107,"{COUNTRY107,107000}"
108,AIRPORT_NAME108,AIRPORT_TYPE108,108,"{COUNTRY108,108000}"
109,AIRPORT_NAME109,AIRPORT_TYPE109,109,"{COUNTRY109,109000}"
110,AIRPORT_NAME110,AIRPORT_TYPE110,110,"{COUNTRY110,110000}"
111,AIRPORT_NAME111,AIRPORT_TYPE111,111,"{COUNTRY111,111000}"
112,AIRPORT_NAME112,AIRPORT_TYPE112,112,"{COUNTRY112,112000}"
113,AIRPORT_NAME113,AIRPORT_TYPE113,113,"{COUNTRY113,113000}"
114,AIRPORT_NAME114,AIRPORT_TYPE114,114,"{COUNTRY114,114000}"
115,AIRPORT_NAME115,AIRPORT_TYPE115,115,"{COUNTRY115,115000}"
116,AIRPORT_NAME116,AIRPORT_TYPE116,116,"{COUNTRY116,116000}"
117,AIRPORT_NAME117,AIRPORT_TYPE117,117,"{COUNTRY117,117000}"
118,AIRPORT_NAME118,AIRPORT_TYPE118,118,"{COUNTRY118,118000}"
119,AIRPORT_NAME119,AIRPORT_TYPE119,119,"{COUNTRY119,119000}"
120,AIRPORT_NAME120,AIRPORT_TYPE120,120,"{COUNTRY120,120000}"
121,AIRPORT_NAME121,AIRPORT_TYPE121,121,"{COUNTRY121,121000}"
122,AIRPORT_NAME122,AIRPORT_TYPE122,122,"{COUNTRY122,122000}"
123,AIRPORT_NAME123,AIRPORT_TYPE123,123,"{COUNTRY123,123000}"
124,AIRPORT_NAME124,AIRPORT_TYPE124,124,"{COUNTRY124,124000}"
125,AIRPORT_NAME125,AIRPORT_TYPE125,125,"{COUNTRY125,125000}"
126,AIRPORT_NAME126,AIRPORT_TYPE126,126,"{COUNTRY126,126000}"
127,AIRPORT_NAME127,AIRPORT_TYPE127,127,"{COUNTRY127,127000}"
128,AIRPORT_NAME128,AIRPORT_TYPE128,128,"{COUNTRY128,128000}"
129,AIRPORT_NAME129,AIRPORT_TYPE129,129,"{COUNTRY129,129000}"
130,AIRPORT_NAME130,AIRPORT_TYPE130,130,"{COUNTRY130,130000}"
131,AIRPORT_NAME131,AIRPORT_TYPE131,131,"{COUNTRY131,131000}"
132,AIRPORT_NAME132,AIRPORT_TYPE132,132,"{COUNTRY132,132000}"
133,AIRPORT_NAME133,AIRPORT_TYPE133,133,"{COUNTRY133,133000}"
134,AIRPORT_NAME134,AIRPORT_TYPE134,134,"{COUNTRY134,134000}"
135,AIRPORT_NAME135,AIRPORT_TYPE135,135,"{COUNTRY135,135000}"
136,AIRPORT_NAME136,AIRPORT_TYPE136,136,"{COUNTRY136,136000}"
137,AIRPORT_NAME137,AIRPORT_TYPE137,137,"{COUNTRY137,137000}"
138,AIRPORT_NAME138,AIRPORT_TYPE138,138,"{COUNTRY138,138000}"
139,AIRPORT_NAME139,AIRPORT_TYPE139,139,"{COUNTRY139,139000}"
140,AIRPORT_NAME140,AIRPORT_TYPE140,140,"{COUNTRY140,140000}"
141,AIRPORT_NAME141,AIRPORT_TYPE141,141,"{COUNTRY141,141000}"
142,AIRPORT_NAME142,AIRPORT_TYPE142,142,"{COUNTRY142,142000}"
143,AIRPORT_NAME143,AIRPORT_TYPE143,143,"{COUNTRY143,143000}"
144,AIRPORT_NAME144,AIRPORT_TYPE144,144,"{COUNTRY144,144000}"
145,AIRPORT_NAME145,AIRPORT_TYPE145,145,"{COUNTRY145,145000}"
146,AIRPORT_NAME146,AIRPORT_TYPE146,146,"{COUNTRY146,146000}"
147,AIRPORT_NAME147,AIRPORT_TYPE147,147,"{COUNTRY147,147000}"
148,AIRPORT_NAME148,AIRPORT_TYPE148,148,"{COUNTRY148,148000}"
149,AIRPORT_NAME149,AIRPORT_TYPE149,149,"{COUNTRY149,149000}"
150,AIRPORT_NAME150,AIRPORT_TYPE150,150,"{COUNTRY150,150000}"
151,AIRPORT_NAME151,AIRPORT_TYPE151,151,"{COUNTRY151,151000}"
152,AIRPORT_NAME152,AIRPORT_TYPE152,152,"{COUNTRY152,152000}"
153,AIRPORT_NAME153,AIRPORT_TYPE153,153,"{COUNTRY153,153000}"
154,AIRPORT_NAME154,AIRPORT_TYPE154,154,"{COUNTRY154,154000}"
155,AIRPORT_NAME155,AIRPORT_TYPE155,155,"{COUNTRY155,155000}"
156,AIRPORT_NAME156,AIRPORT_TYPE156,156,"{COUNTRY156,156000}"
157,AIRPORT_NAME157,AIRPORT_TYPE157,157,"{COUNTRY157,157000}"
158,AIRPORT_NAME158,AIRPORT_TYPE158,158,"{COUNTRY158,158000}"
159,AIRPORT_NAME159,AIRPORT_TYPE159,159,"{COUNTRY159,159000}"
160,AIRPORT_NAME160,AIRPORT_TYPE160,160,"{COUNTRY160,160000}"
161,AIRPORT_NAME161,AIRPORT_TYPE161,161,"{COUNTRY161,161000}"
162,AIRPORT_NAME162,AIRPORT_TYPE162,162,"{COUNTRY162,162000}"
163,AIRPORT_NAME163,AIRPORT_TYPE163,163,"{COUNTRY163,163000}"
164,AIRPORT_NAME164,AIRPORT_TYPE164,164,"{COUNTRY164,164000}"
165,AIRPORT_NAME165,AIRPORT_TYPE165,165,"{COUNTRY165,165000}"
166,AIRPORT_NAME166,AIRPORT_TYPE166,166,"{COUNTRY166,166000}"
167,AIRPORT_NAME167,AIRPORT_TYPE167,167,"{COUNTRY167,167000}"
168,AIRPORT_NAME168,AIRPORT_TYPE168,168,"{COUNTRY168,168000}"
169,AIRPORT_NAME169,AIRPORT_TYPE169,169,"{COUNTRY169,169000}"
170,AIRPORT_NAME170,AIRPORT_TYPE170,170,"{COUNTRY170,170000}"
171,AIRPORT_NAME171,AIRPORT_TYPE171,171,"{COUNTRY171,171000}"
172,AIRPORT_NAME172,AIRPORT_TYPE172,172,"{COUNTRY172,172000}"
173,AIRPORT_NAME173,AIRPORT_TYPE173,173,"{COUNTRY173,173000}"
174,AIRPORT_NAME174,AIRPORT_TYPE174,174,"{COUNTRY174,174000}"
175,AIRPORT_NAME175,AIRPORT_TYPE175,175,"{COUNTRY175,175000}"
176,AIRPORT_NAME176,AIRPORT_TYPE176,176,"{COUNTRY176,176000}"
177,AIRPORT_NAME177,AIRPORT_TYPE177,177,"{COUNTRY177,177000}"
178,AIRPORT_NAME178,AIRPORT_TYPE178,178,"{COUNTRY178,178000}"
179,AIRPORT_NAME179,AIRPORT_TYPE179,179,"{COUNTRY179,179000}"
180,AIRPORT_NAME180,AIRPORT_TYPE180,180,"{COUNTRY180,180000}"
181,AIRPORT_NAME181,AIRPORT_TYPE181,181,"{COUNTRY181,181000}"
182,AIRPORT_NAME182,AIRPORT_TYPE182,182,"{COUNTRY182,182000}"
183,AIRPORT_NAME183,AIRPORT_TYPE183,183,"{COUNTRY183,183000}"
184,AIRPORT_NAME184,AIRPORT_TYPE184,184,"{COUNTRY184,184000}"
185,AIRPORT_NAME185,AIRPORT_TYPE185,185,"{COUNTRY185,185000}"
186,AIRPORT_NAME186,AIRPORT_TYPE186,186,"{COUNTRY186,186000}"
187,AIRPORT_NAME187,AIRPORT_TYPE187,187,"{COUNTRY187,187000}"
188,AIRPORT_NAME188,AIRPORT_TYPE188,188,"{COUNTRY188,188000}"
189,AIRPORT_NAME189,AIRPORT_TYPE189,189,"{COUNTRY189,189000}"
190,AIRPORT_NAME190,AIRPORT_TYPE190,190,"{COUNTRY190,190000}"
191,AIRPORT_NAME191,AIRPORT_TYPE191,191,"{COUNTRY191,191000}"
192,AIRPORT_NAME192,AIRPORT_TYPE192,192,"{COUNTRY192,192000}"
193,AIRPORT_NAME193,AIRPORT_TYPE193,193,"{COUNTRY193,193000}"
194,AIRPORT_NAME194,AIRPORT_TYPE194,194,"{COUNTRY194,194000}"
195,AIRPORT_NAME195,AIRPORT_TYPE195,195,"{COUNTRY195,195000}"
196,AIRPORT_NAME196,AIRPORT_TYPE196,196,"{COUNTRY196,196000}"
197,AIRPORT_NAME197,AIRPORT_TYPE197,197,"{COUNTRY197,197000}"
198,AIRPORT_NAME198,AIRPORT_TYPE198,198,"{COUNTRY198,198000}"
199,AIRPORT_NAME199,AIRPORT_TYPE199,199,"{COUNTRY199,199000}"
200,AIRPORT_NAME200,AIRPORT_TYPE200,200,"{COUNTRY200,200000}"
201,AIRPORT_NAME201,AIRPORT_TYPE201,201,"{COUNTRY201,201000}"
202,AIRPORT_NAME202,AIRPORT_TYPE202,202,"{COUNTRY202,202000}"
203,AIRPORT_NAME203,AIRPORT_TYPE203,203,"{COUNTRY203,203000}"
204,AIRPORT_NAME204,AIRPORT_TYPE204,204,"{COUNTRY204,204000}"
205,AIRPORT_NAME205,AIRPORT_TYPE205,205,"{COUNTRY205,205000}"
206,AIRPORT_NAME206,AIRPORT_TYPE206,206,"{COUNTRY206,206000}"
207,AIRPORT_NAME207,AIRPORT_TYPE207,207,"{COUNTRY207,207000}"
208,AIRPORT_NAME208,AIRPORT_TYPE208,208,"{COUNTRY208,208000}"
209,AIRPORT_NAME209,AIRPORT_TYPE209,209,"{COUNTRY209,209000}"
210,AIRPORT_NAME210,AIRPORT_TYPE210,210,"{COUNTRY210,210000}"
211,AIRPORT_NAME211,AIRPORT_TYPE211,211,"{COUNTRY211,211000}"
212,AIRPORT_NAME212,AIRPORT_TYPE212,212,"{COUNTRY212,212000}"
213,AIRPORT_NAME213,AIRPORT_TYPE213,213,"{COUNTRY213,213000}"
214,AIRPORT_NAME214,AIRPORT_TYPE214,214,"{COUNTRY214,214000}"
215,AIRPORT_NAME215,AIRPORT_TYPE215,215,"{COUNTRY215,215000}"
216,AIRPORT_NAME216,AIRPORT_TYPE216,216,"{COUNTRY216,216000}"
217,AIRPORT_NAME217,AIRPORT_TYPE217,217,"{COUNTRY217,217000}"
218,AIRPORT_NAME218,AIRPORT_TYPE218,218,"{COUNTRY218,218000}"
219,AIRPORT_NAME219,AIRPORT_TYPE219,219,"{COUNTRY219,219000}"
220,AIRPORT_NAME220,AIRPORT_TYPE220,220,"{COUNTRY220,220000}"
221,AIRPORT_NAME221,AIRPORT_TYPE221,221,"{COUNTRY221,221000}"
222,AIRPORT_NAME222,AIRPORT_TYPE222,222,"{COUNTRY222,222000}"
223,AIRPORT_NAME223,AIRPORT_TYPE223,223,"{COUNTRY223,223000}"
224,AIRPORT_NAME224,AIRPORT_TYPE224,224,"{COUNTRY224,224000}"
225,AIRPORT_NAME225,AIRPORT_TYPE225,225,"{COUNTRY225,225000}"
226,AIRPORT_NAME226,AIRPORT_TYPE226,226,"{COUNTRY226,226000}"
227,AIRPORT_NAME227,AIRPORT_TYPE227,227,"{COUNTRY227,227000}"
228,AIRPORT_NAME228,AIRPORT_TYPE228,228,"{COUNTRY228,228000}"
229,AIRPORT_NAME229,AIRPORT_TYPE229,229,"{COUNTRY229,229000}"
230,AIRPORT_NAME230,AIRPORT_TYPE230,230,"{COUNTRY230,230000}"
231,AIRPORT_NAME231,AIRPORT_TYPE231,231,"{COUNTRY231,231000}"
232,AIRPORT_NAME232,AIRPORT_TYPE232,232,"{COUNTRY232,232000}"
233,AIRPORT_NAME233,AIRPORT_TYPE233,233,"{COUNTRY233,233000}"
234,AIRPORT_NAME234,AIRPORT_TYPE234,234,"{COUNTRY234,234000}"
235,AIRPORT_NAME235,AIRPORT_TYPE235,235,"{COUNTRY235,235000}"
236,AIRPORT_NAME236,AIRPORT_TYPE236,236,"{COUNTRY236,236000}"
237,AIRPORT_NAME237,AIRPORT_TYPE237,237,"{COUNTRY237,237000}"
238,AIRPORT_NAME238,AIRPORT_TYPE238,238,"{COUNTRY238,238000}"
239,AIRPORT_NAME239,AIRPORT_TYPE239,239,"{COUNTRY239,239000}"
240,AIRPORT_NAME240,AIRPORT_TYPE240,240,"{COUNTRY240,240000}"
241,AIRPORT_NAME241,AIRPORT_TYPE241,241,"{COUNTRY241,241000}"
242,AIRPORT_NAME242,AIRPORT_TYPE242,242,"{COUNTRY242,242000}"
243,AIRPORT_NAME243,AIRPORT_TYPE243,243,"{COUNTRY243,243000}"
244,AIRPORT_NAME244,AIRPORT_TYPE244,244,"{COUNTRY244,244000}"
245,AIRPORT_NAME245,AIRPORT_TYPE245,245,"{COUNTRY245,245000}"
246,AIRPORT_NAME246,AIRPORT_TYPE246,246,"{COUNTRY246,246000}"
247,AIRPORT_NAME247,AIRPORT_TYPE247,247,"{COUNTRY247,247000}"
248,AIRPORT_NAME248,AIRPORT_TYPE248,248,"{COUNTRY248,248000}"
249,AIRPORT_NAME249,AIRPORT_TYPE249,249,"{COUNTRY249,249000}"
250,AIRPORT_NAME250,AIRPORT_TYPE250,250,"{COUNTRY250,250000}"
251,AIRPORT_NAME251,AIRPORT_TYPE251,251,"{COUNTRY251,251000}"
252,AIRPORT_NAME252,AIRPORT_TYPE252,252,"{COUNTRY252,252000}"
253,AIRPORT_NAME253,AIRPORT_TYPE253,253,"{COUNTRY253,253000}"
254,AIRPORT_NAME254,AIRPORT_TYPE254,254,"{COUNTRY254,254000}"
255,AIRPORT_NAME255,AIRPORT_TYPE255,255,"{COUNTRY255,255000}"
256,AIRPORT_NAME256,AIRPORT_TYPE256,256,"{COUNTRY256,256000}"
257,AIRPORT_NAME257,AIRPORT_TYPE257,257,"{COUNTRY257,257000}"
258,AIRPORT_NAME258,AIRPORT_TYPE258,258,"{COUNTRY258,258000}"
259,AIRPORT_NAME259,AIRPORT_TYPE259,259,"{COUNTRY259,259000}"
260,AIRPORT_NAME260,AIRPORT_TYPE260,260,"{COUNTRY260,260000}"
261,AIRPORT_NAME261,AIRPORT_TYPE261,261,"{COUNTRY261,261000}"
262,AIRPORT_NAME262,AIRPORT_TYPE262,262,"{COUNTRY262,262000}"
263,AIRPORT_NAME263,AIRPORT_TYPE263,263,"{COUNTRY263,263000}"
264,AIRPORT_NAME264,AIRPORT_TYPE264,264,"{COUNTRY264,264000}"
265,AIRPORT_NAME265,AIRPORT_TYPE265,265,"{COUNTRY265,265000}"
266,AIRPORT_NAME266,AIRPORT_TYPE266,266,"{COUNTRY266,266000}"
267,AIRPORT_NAME267,AIRPORT_TYPE267,267,"{COUNTRY267,267000}"
268,AIRPORT_NAME268,AIRPORT_TYPE268,268,"{COUNTRY268,268000}"
269,AIRPORT_NAME269,AIRPORT_TYPE269,269,"{COUNTRY269,269000}"
270,AIRPORT_NAME270,AIRPORT_TYPE270,270,"{COUNTRY270,270000}"
271,AIRPORT_NAME271,AIRPORT_TYPE271,271,"{COUNTRY271,271000}"
272,AIRPORT_NAME272,AIRPORT_TYPE272,272,"{COUNTRY272,272000}"
273,AIRPORT_NAME273,AIRPORT_TYPE273,273,"{COUNTRY273,273000}"
274,AIRPORT_NAME274,AIRPORT_TYPE274,274,"{COUNTRY274,274000}"
275,AIRPORT_NAME275,AIRPORT_TYPE275,275,"{COUNTRY275,275000}"
276,AIRPORT_NAME276,AIRPORT_TYPE276,276,"{COUNTRY276,276000}"
277,AIRPORT_NAME277,AIRPORT_TYPE277,277,"{COUNTRY277,277000}"
278,AIRPORT_NAME278,AIRPORT_TYPE278,278,"{COUNTRY278,278000}"
279,AIRPORT_NAME279,AIRPORT_TYPE279,279,"{COUNTRY279,279000}"
280,AIRPORT_NAME280,AIRPORT_TYPE280,280,"{COUNTRY280,280000}"
281,AIRPORT_NAME281,AIRPORT_TYPE281,281,"{COUNTRY281,281000}"
282,AIRPORT_NAME282,AIRPORT_TYPE282,282,"{COUNTRY282,282000}"
467,AIRPORT_NAME467,AIRPORT_TYPE467,467,"{COUNTRY467,467000}"
468,AIRPORT_NAME468,AIRPORT_TYPE468,468,"{COUNTRY468,468000}"
469,AIRPORT_NAME469,AIRPORT_TYPE469,469,"{COUNTRY469,469000}"
470,AIRPORT_NAME470,AIRPORT_TYPE470,470,"{COUNTRY470,470000}"
471,AIRPORT_NAME471,AIRPORT_TYPE471,471,"{COUNTRY471,471000}"
472,AIRPORT_NAME472,AIRPORT_TYPE472,472,"{COUNTRY472,472000}"
473,AIRPORT_NAME473,AIRPORT_TYPE473,473,"{COUNTRY473,473000}"
474,AIRPORT_NAME474,AIRPORT_TYPE474,474,"{COUNTRY474,474000}"
475,AIRPORT_NAME475,AIRPORT_TYPE475,475,"{COUNTRY475,475000}"
476,AIRPORT_NAME476,AIRPORT_TYPE476,476,"{COUNTRY476,476000}"
477,AIRPORT_NAME477,AIRPORT_TYPE477,477,"{COUNTRY477,477000}"
478,AIRPORT_NAME478,AIRPORT_TYPE478,478,"{COUNTRY478,478000}"
479,AIRPORT_NAME479,AIRPORT_TYPE479,479,"{COUNTRY479,479000}"
480,AIRPORT_NAME480,AIRPORT_TYPE480,480,"{COUNTRY480,480000}"
481,AIRPORT_NAME481,AIRPORT_TYPE481,481,"{COUNTRY481,481000}"
482,AIRPORT_NAME482,AIRPORT_TYPE482,482,"{COUNTRY482,482000}"
483,AIRPORT_NAME483,AIRPORT_TYPE483,483,"{COUNTRY483,483000}"
484,AIRPORT_NAME484,AIRPORT_TYPE484,484,"{COUNTRY484,484000}"
485,AIRPORT_NAME485,AIRPORT_TYPE485,485,"{COUNTRY485,485000}"
486,AIRPORT_NAME486,AIRPORT_TYPE486,486,"{COUNTRY486,486000}"
487,AIRPORT_NAME487,AIRPORT_TYPE487,487,"{COUNTRY487,487000}"
488,AIRPORT_NAME488,AIRPORT_TYPE488,488,"{COUNTRY488,488000}"
489,AIRPORT_NAME489,AIRPORT_TYPE489,489,"{COUNTRY489,489000}"
490,AIRPORT_NAME490,AIRPORT_TYPE490,490,"{COUNTRY490,490000}"
491,AIRPORT_NAME491,AIRPORT_TYPE491,491,"{COUNTRY491,491000}"
492,AIRPORT_NAME492,AIRPORT_TYPE492,492,"{COUNTRY492,492000}"
493,AIRPORT_NAME493,AIRPORT_TYPE493,493,"{COUNTRY493,493000}"
494,AIRPORT_NAME494,AIRPORT_TYPE494,494,"{COUNTRY494,494000}"
495,AIRPORT_NAME495,AIRPORT_TYPE495,495,"{COUNTRY495,495000}"
496,AIRPORT_NAME496,AIRPORT_TYPE496,496,"{COUNTRY496,496000}"
497,AIRPORT_NAME497,AIRPORT_TYPE497,497,"{COUNTRY497,497000}"
498,AIRPORT_NAME498,AIRPORT_TYPE498,498,"{COUNTRY498,498000}"
499,AIRPORT_NAME499,AIRPORT_TYPE499,499,"{COUNTRY499,499000}"
500,AIRPORT_NAME500,AIRPORT_TYPE500,500,"{COUNTRY500,500000}"
501,AIRPORT_NAME501,AIRPORT_TYPE501,501,"{COUNTRY501,501000}"
502,AIRPORT_NAME502,AIRPORT_TYPE502,502,"{COUNTRY502,502000}"
503,AIRPORT_NAME503,AIRPORT_TYPE503,503,"{COUNTRY503,503000}"
504,AIRPORT_NAME504,AIRPORT_TYPE504,504,"{COUNTRY504,504000}"
505,AIRPORT_NAME505,AIRPORT_TYPE505,505,"{COUNTRY505,505000}"
506,AIRPORT_NAME506,AIRPORT_TYPE506,506,"{COUNTRY506,506000}"
507,AIRPORT_NAME507,AIRPORT_TYPE507,507,"{COUNTRY507,507000}"
508,AIRPORT_NAME508,AIRPORT_TYPE508,508,"{COUNTRY508,508000}"
509,AIRPORT_NAME509,AIRPORT_TYPE509,509,"{COUNTRY509,509000}"
510,AIRPORT_NAME510,AIRPORT_TYPE510,510,"{COUNTRY510,510000}"
511,AIRPORT_NAME511,AIRPORT_TYPE511,511,"{COUNTRY511,511000}"
512,AIRPORT_NAME512,AIRPORT_TYPE512,512,"{COUNTRY512,512000}"
513,AIRPORT_NAME513,AIRPORT_TYPE513,513,"{COUNTRY513,513000}"
514,AIRPORT_NAME514,AIRPORT_TYPE514,514,"{COUNTRY514,514000}"
515,AIRPORT_NAME515,AIRPORT_TYPE515,515,"{COUNTRY515,515000}"
516,AIRPORT_NAME516,AIRPORT_TYPE516,516,"{COUNTRY516,516000}"
517,AIRPORT_NAME517,AIRPORT_TYPE517,517,"{COUNTRY517,517000}"
518,AIRPORT_NAME518,AIRPORT_TYPE518,518,"{COUNTRY518,518000}"
519,AIRPORT_NAME519,AIRPORT_TYPE519,519,"{COUNTRY519,519000}"
520,AIRPORT_NAME520,AIRPORT_TYPE520,520,"{COUNTRY520,520000}"
521,AIRPORT_NAME521,AIRPORT_TYPE521,521,"{COUNTRY521,521000}"
522,AIRPORT_NAME522,AIRPORT_TYPE522,522,"{COUNTRY522,522000}"
523,AIRPORT_NAME523,AIRPORT_TYPE523,523,"{COUNTRY523,523000}"
524,AIRPORT_NAME524,AIRPORT_TYPE524,524,"{COUNTRY524,524000}"
525,AIRPORT_NAME525,AIRPORT_TYPE525,525,"{COUNTRY525,525000}"
526,AIRPORT_NAME526,AIRPORT_TYPE526,526,"{COUNTRY526,526000}"
527,AIRPORT_NAME527,AIRPORT_TYPE527,527,"{COUNTRY527,527000}"
528,AIRPORT_NAME528,AIRPORT_TYPE528,528,"{COUNTRY528,528000}"
529,AIRPORT_NAME529,AIRPORT_TYPE529,529,"{COUNTRY529,529000}"
530,AIRPORT_NAME530,AIRPORT_TYPE530,530,"{COUNTRY530,530000}"
531,AIRPORT_NAME531,AIRPORT_TYPE531,531,"{COUNTRY531,531000}"
532,AIRPORT_NAME532,AIRPORT_TYPE532,532,"{COUNTRY532,532000}"
533,AIRPORT_NAME533,AIRPORT_TYPE533,533,"{COUNTRY533,533000}"
534,AIRPORT_NAME534,AIRPORT_TYPE534,534,"{COUNTRY534,534000}"
535,AIRPORT_NAME535,AIRPORT_TYPE535,535,"{COUNTRY535,535000}"
536,AIRPORT_NAME536,AIRPORT_TYPE536,536,"{COUNTRY536,536000}"
537,AIRPORT_NAME537,AIRPORT_TYPE537,537,"{COUNTRY537,537000}"
538,AIRPORT_NAME538,AIRPORT_TYPE538,538,"{COUNTRY538,538000}"
539,AIRPORT_NAME539,AIRPORT_TYPE539,539,"{COUNTRY539,539000}"
540,AIRPORT_NAME540,AIRPORT_TYPE540,540,"{COUNTRY540,540000}"
541,AIRPORT_NAME541,AIRPORT_TYPE541,541,"{COUNTRY541,541000}"
542,AIRPORT_NAME542,AIRPORT_TYPE542,542,"{COUNTRY542,542000}"
543,AIRPORT_NAME543,AIRPORT_TYPE543,543,"{COUNTRY543,543000}"
544,AIRPORT_NAME544,AIRPORT_TYPE544,544,"{COUNTRY544,544000}"
545,AIRPORT_NAME545,AIRPORT_TYPE545,545,"{COUNTRY545,545000}"
546,AIRPORT_NAME546,AIRPORT_TYPE546,546,"{COUNTRY546,546000}"
547,AIRPORT_NAME547,AIRPORT_TYPE547,547,"{COUNTRY547,547000}"
548,AIRPORT_NAME548,AIRPORT_TYPE548,548,"{COUNTRY548,548000}"
549,AIRPORT_NAME549,AIRPORT_TYPE549,549,"{COUNTRY549,549000}"
550,AIRPORT_NAME550,AIRPORT_TYPE550,550,"{COUNTRY550,550000}"
551,AIRPORT_NAME551,AIRPORT_TYPE551,551,"{COUNTRY551,551000}"
552,AIRPORT_NAME552,AIRPORT_TYPE552,552,"{COUNTRY552,552000}"
553,AIRPORT_NAME553,AIRPORT_TYPE553,553,"{COUNTRY553,553000}"
554,AIRPORT_NAME554,AIRPORT_TYPE554,554,"{COUNTRY554,554000}"
555,AIRPORT_NAME555,AIRPORT_TYPE555,555,"{COUNTRY555,555000}"
556,AIRPORT_NAME556,AIRPORT_TYPE556,556,"{COUNTRY556,556000}"
557,AIRPORT_NAME557,AIRPORT_TYPE557,557,"{COUNTRY557,557000}"
558,AIRPORT_NAME558,AIRPORT_TYPE558,558,"{COUNTRY558,558000}"
559,AIRPORT_NAME559,AIRPORT_TYPE559,559,"{COUNTRY559,559000}"
560,AIRPORT_NAME560,AIRPORT_TYPE560,560,"{COUNTRY560,560000}"
561,AIRPORT_NAME561,AIRPORT_TYPE561,561,"{COUNTRY561,561000}"
562,AIRPORT_NAME562,AIRPORT_TYPE562,562,"{COUNTRY562,562000}"
563,AIRPORT_NAME563,AIRPORT_TYPE563,563,"{COUNTRY563,563000}"
564,AIRPORT_NAME564,AIRPORT_TYPE564,564,"{COUNTRY564,564000}"
565,AIRPORT_NAME565,AIRPORT_TYPE565,565,"{COUNTRY565,565000}"
566,AIRPORT_NAME566,AIRPORT_TYPE566,566,"{COUNTRY566,566000}"
567,AIRPORT_NAME567,AIRPORT_TYPE567,567,"{COUNTRY567,567000}"
568,AIRPORT_NAME568,AIRPORT_TYPE568,568,"{COUNTRY568,568000}"
569,AIRPORT_NAME569,AIRPORT_TYPE569,569,"{COUNTRY569,569000}"
570,AIRPORT_NAME570,AIRPORT_TYPE570,570,"{COUNTRY570,570000}"
571,AIRPORT_NAME571,AIRPORT_TYPE571,571,"{COUNTRY571,571000}"
572,AIRPORT_NAME572,AIRPORT_TYPE572,572,"{COUNTRY572,572000}"
573,AIRPORT_NAME573,AIRPORT_TYPE573,573,"{COUNTRY573,573000}"
574,AIRPORT_NAME574,AIRPORT_TYPE574,574,"{COUNTRY574,574000}"
575,AIRPORT_NAME575,AIRPORT_TYPE575,575,"{COUNTRY575,575000}"
576,AIRPORT_NAME576,AIRPORT_TYPE576,576,"{COUNTRY576,576000}"
577,AIRPORT_NAME577,AIRPORT_TYPE577,577,"{COUNTRY577,577000}"
578,AIRPORT_NAME578,AIRPORT_TYPE578,578,"{COUNTRY578,578000}"
579,AIRPORT_NAME579,AIRPORT_TYPE579,579,"{COUNTRY579,579000}"
580,AIRPORT_NAME580,AIRPORT_TYPE580,580,"{COUNTRY580,580000}"
581,AIRPORT_NAME581,AIRPORT_TYPE581,581,"{COUNTRY581,581000}"
582,AIRPORT_NAME582,AIRPORT_TYPE582,582,"{COUNTRY582,582000}"
583,AIRPORT_NAME583,AIRPORT_TYPE583,583,"{COUNTRY583,583000}"
584,AIRPORT_NAME584,AIRPORT_TYPE584,584,"{COUNTRY584,584000}"
585,AIRPORT_NAME585,AIRPORT_TYPE585,585,"{COUNTRY585,585000}"
586,AIRPORT_NAME586,AIRPORT_TYPE586,586,"{COUNTRY586,586000}"
587,AIRPORT_NAME587,AIRPORT_TYPE587,587,"{COUNTRY587,587000}"
588,AIRPORT_NAME588,AIRPORT_TYPE588,588,"{COUNTRY588,588000}"
589,AIRPORT_NAME589,AIRPORT_TYPE589,589,"{COUNTRY589,589000}"
590,AIRPORT_NAME590,AIRPORT_TYPE590,590,"{COUNTRY590,590000}"
591,AIRPORT_NAME591,AIRPORT_TYPE591,591,"{COUNTRY591,591000}"
592,AIRPORT_NAME592,AIRPORT_TYPE592,592,"{COUNTRY592,592000}"
593,AIRPORT_NAME593,AIRPORT_TYPE593,593,"{COUNTRY593,593000}"
594,AIRPORT_NAME594,AIRPORT_TYPE594,594,"{COUNTRY594,594000}"
595,AIRPORT_NAME595,AIRPORT_TYPE595,595,"{COUNTRY595,595000}"
596,AIRPORT_NAME596,AIRPORT_TYPE596,596,"{COUNTRY596,596000}"
597,AIRPORT_NAME597,AIRPORT_TYPE597,597,"{COUNTRY597,597000}"
598,AIRPORT_NAME598,AIRPORT_TYPE598,598,"{COUNTRY598,598000}"
599,AIRPORT_NAME599,AIRPORT_TYPE599,599,"{COUNTRY599,599000}"
600,AIRPORT_NAME600,AIRPORT_TYPE600,600,"{COUNTRY600,600000}"
601,AIRPORT_NAME601,AIRPORT_TYPE601,601,"{COUNTRY601,601000}"
602,AIRPORT_NAME602,AIRPORT_TYPE602,602,"{COUNTRY602,602000}"
603,AIRPORT_NAME603,AIRPORT_TYPE603,603,"{COUNTRY603,603000}"
604,AIRPORT_NAME604,AIRPORT_TYPE604,604,"{COUNTRY604,604000}"
605,AIRPORT_NAME605,AIRPORT_TYPE605,605,"{COUNTRY605,605000}"
606,AIRPORT_NAME606,AIRPORT_TYPE606,606,"{COUNTRY606,606000}"
607,AIRPORT_NAME607,AIRPORT_TYPE607,607,"{COUNTRY607,607000}"
608,AIRPORT_NAME608,AIRPORT_TYPE608,608,"{COUNTRY608,608000}"
609,AIRPORT_NAME609,AIRPORT_TYPE609,609,"{COUNTRY609,609000}"
610,AIRPORT_NAME610,AIRPORT_TYPE610,610,"{COUNTRY610,610000}"
611,AIRPORT_NAME611,AIRPORT_TYPE611,611,"{COUNTRY611,611000}"
612,AIRPORT_NAME612,AIRPORT_TYPE612,612,"{COUNTRY612,612000}"
613,AIRPORT_NAME613,AIRPORT_TYPE613,613,"{COUNTRY613,613000}"
614,AIRPORT_NAME614,AIRPORT_TYPE614,614,"{COUNTRY614,614000}"
615,AIRPORT_NAME615,AIRPORT_TYPE615,615,"{COUNTRY615,615000}"
616,AIRPORT_NAME616,AIRPORT_TYPE616,616,"{COUNTRY616,616000}"
617,AIRPORT_NAME617,AIRPORT_TYPE617,617,"{COUNTRY617,617000}"
618,AIRPORT_NAME618,AIRPORT_TYPE618,618,"{COUNTRY618,618000}"
619,AIRPORT_NAME619,AIRPORT_TYPE619,619,"{COUNTRY619,619000}"
620,AIRPORT_NAME620,AIRPORT_TYPE620,620,"{COUNTRY620,620000}"
621,AIRPORT_NAME621,AIRPORT_TYPE621,621,"{COUNTRY621,621000}"
622,AIRPORT_NAME622,AIRPORT_TYPE622,622,"{COUNTRY622,622000}"
623,AIRPORT_NAME623,AIRPORT_TYPE623,623,"{COUNTRY623,623000}"
624,AIRPORT_NAME624,AIRPORT_TYPE624,624,"{COUNTRY624,624000}"
625,AIRPORT_NAME625,AIRPORT_TYPE625,625,"{COUNTRY625,625000}"
626,AIRPORT_NAME626,AIRPORT_TYPE626,626,"{COUNTRY626,626000}"
627,AIRPORT_NAME627,AIRPORT_TYPE627,627,"{COUNTRY627,627000}"
628,AIRPORT_NAME628,AIRPORT_TYPE628,628,"{COUNTRY628,628000}"
629,AIRPORT_NAME629,AIRPORT_TYPE629,629,"{COUNTRY629,629000}"
630,AIRPORT_NAME630,AIRPORT_TYPE630,630,"{COUNTRY630,630000}"
631,AIRPORT_NAME631,AIRPORT_TYPE631,631,"{COUNTRY631,631000}"
632,AIRPORT_NAME632,AIRPORT_TYPE632,632,"{COUNTRY632,632000}"
633,AIRPORT_NAME633,AIRPORT_TYPE633,633,"{COUNTRY633,633000}"
634,AIRPORT_NAME634,AIRPORT_TYPE634,634,"{COUNTRY634,634000}"
635,AIRPORT_NAME635,AIRPORT_TYPE635,635,"{COUNTRY635,635000}"
636,AIRPORT_NAME636,AIRPORT_TYPE636,636,"{COUNTRY636,636000}"
637,AIRPORT_NAME637,AIRPORT_TYPE637,637,"{COUNTRY637,637000}"
638,AIRPORT_NAME638,AIRPORT_TYPE638,638,"{COUNTRY638,638000}"
639,AIRPORT_NAME639,AIRPORT_TYPE639,639,"{COUNTRY639,639000}"
640,AIRPORT_NAME640,AIRPORT_TYPE640,640,"{COUNTRY640,640000}"
641,AIRPORT_NAME641,AIRPORT_TYPE641,641,"{COUNTRY641,641000}"
642,AIRPORT_NAME642,AIRPORT_TYPE642,642,"{COUNTRY642,642000}"
643,AIRPORT_NAME643,AIRPORT_TYPE643,643,"{COUNTRY643,643000}"
644,AIRPORT_NAME644,AIRPORT_TYPE644,644,"{COUNTRY644,644000}"
645,AIRPORT_NAME645,AIRPORT_TYPE645,645,"{COUNTRY645,645000}"
646,AIRPORT_NAME646,AIRPORT_TYPE646,646,"{COUNTRY646,646000}"
647,AIRPORT_NAME647,AIRPORT_TYPE647,647,"{COUNTRY647,647000}"
648,AIRPORT_NAME648,AIRPORT_TYPE648,648,"{COUNTRY648,648000}"
649,AIRPORT_NAME649,AIRPORT_TYPE649,649,"{COUNTRY649,649000}"
650,AIRPORT_NAME650,AIRPORT_TYPE650,650,"{COUNTRY650,650000}"
651,AIRPORT_NAME651,AIRPORT_TYPE651,651,"{COUNTRY651,651000}"
652,AIRPORT_NAME652,AIRPORT_TYPE652,652,"{COUNTRY652,652000}"
653,AIRPORT_NAME653,AIRPORT_TYPE653,653,"{COUNTRY653,653000}"
654,AIRPORT_NAME654,AIRPORT_TYPE654,654,"{COUNTRY654,654000}"
655,AIRPORT_NAME655,AIRPORT_TYPE655,655,"{COUNTRY655,655000}"
656,AIRPORT_NAME656,AIRPORT_TYPE656,656,"{COUNTRY656,656000}"
657,AIRPORT_NAME657,AIRPORT_TYPE657,657,"{COUNTRY657,657000}"
658,AIRPORT_NAME658,AIRPORT_TYPE658,658,"{COUNTRY658,658000}"
659,AIRPORT_NAME659,AIRPORT_TYPE659,659,"{COUNTRY659,659000}"
660,AIRPORT_NAME660,AIRPORT_TYPE660,660,"{COUNTRY660,660000}"
661,AIRPORT_NAME661,AIRPORT_TYPE661,661,"{COUNTRY661,661000}"
662,AIRPORT_NAME662,AIRPORT_TYPE662,662,"{COUNTRY662,662000}"
663,AIRPORT_NAME663,AIRPORT_TYPE663,663,"{COUNTRY663,663000}"
664,AIRPORT_NAME664,AIRPORT_TYPE664,664,"{COUNTRY664,664000}"
665,AIRPORT_NAME665,AIRPORT_TYPE665,665,"{COUNTRY665,665000}"
666,AIRPORT_NAME666,AIRPORT_TYPE666,666,"{COUNTRY666,666000}"
667,AIRPORT_NAME667,AIRPORT_TYPE667,667,"{COUNTRY667,667000}"
668,AIRPORT_NAME668,AIRPORT_TYPE668,668,"{COUNTRY668,668000}"
669,AIRPORT_NAME669,AIRPORT_TYPE669,669,"{COUNTRY669,669000}"
670,AIRPORT_NAME670,AIRPORT_TYPE670,670,"{COUNTRY670,670000}"
671,AIRPORT_NAME671,AIRPORT_TYPE671,671,"{COUNTRY671,671000}"
672,AIRPORT_NAME672,AIRPORT_TYPE672,672,"{COUNTRY672,672000}"
673,AIRPORT_NAME673,AIRPORT_TYPE673,673,"{COUNTRY673,673000}"
674,AIRPORT_NAME674,AIRPORT_TYPE674,674,"{COUNTRY674,674000}"
675,AIRPORT_NAME675,AIRPORT_TYPE675,675,"{COUNTRY675,675000}"
676,AIRPORT_NAME676,AIRPORT_TYPE676,676,"{COUNTRY676,676000}"
677,AIRPORT_NAME677,AIRPORT_TYPE677,677,"{COUNTRY677,677000}"
678,AIRPORT_NAME678,AIRPORT_TYPE678,678,"{COUNTRY678,678000}"
679,AIRPORT_NAME679,AIRPORT_TYPE679,679,"{COUNTRY679,679000}"
680,AIRPORT_NAME680,AIRPORT_TYPE680,680,"{COUNTRY680,680000}"
681,AIRPORT_NAME681,AIRPORT_TYPE681,681,"{COUNTRY681,681000}"
682,AIRPORT_NAME682,AIRPORT_TYPE682,682,"{COUNTRY682,682000}"
683,AIRPORT_NAME683,AIRPORT_TYPE683,683,"{COUNTRY683,683000}"
684,AIRPORT_NAME684,AIRPORT_TYPE684,684,"{COUNTRY684,684000}"
685,AIRPORT_NAME685,AIRPORT_TYPE685,685,"{COUNTRY685,685000}"
686,AIRPORT_NAME686,AIRPORT_TYPE686,686,"{COUNTRY686,686000}"
687,AIRPORT_NAME687,AIRPORT_TYPE687,687,"{COUNTRY687,687000}"
688,AIRPORT_NAME688,AIRPORT_TYPE688,688,"{COUNTRY688,688000}"
689,AIRPORT_NAME689,AIRPORT_TYPE689,689,"{COUNTRY689,689000}"
690,AIRPORT_NAME690,AIRPORT_TYPE690,690,"{COUNTRY690,690000}"
691,AIRPORT_NAME691,AIRPORT_TYPE691,691,"{COUNTRY691,691000}"
692,AIRPORT_NAME692,AIRPORT_TYPE692,692,"{COUNTRY692,692000}"
693,AIRPORT_NAME693,AIRPORT_TYPE693,693,"{COUNTRY693,693000}"
694,AIRPORT_NAME694,AIRPORT_TYPE694,694,"{COUNTRY694,694000}"
695,AIRPORT_NAME695,AIRPORT_TYPE695,695,"{COUNTRY695,695000}"
696,AIRPORT_NAME696,AIRPORT_TYPE696,696,"{COUNTRY696,696000}"
697,AIRPORT_NAME697,AIRPORT_TYPE697,697,"{COUNTRY697,697000}"
698,AIRPORT_NAME698,AIRPORT_TYPE698,698,"{COUNTRY698,698000}"
699,AIRPORT_NAME699,AIRPORT_TYPE699,699,"{COUNTRY699,699000}"
700,AIRPORT_NAME700,AIRPORT_TYPE700,700,"{COUNTRY700,700000}"
701,AIRPORT_NAME701,AIRPORT_TYPE701,701,"{COUNTRY701,701000}"
702,AIRPORT_NAME702,AIRPORT_TYPE702,702,"{COUNTRY702,702000}"
703,AIRPORT_NAME703,AIRPORT_TYPE703,703,"{COUNTRY703,703000}"
704,AIRPORT_NAME704,AIRPORT_TYPE704,704,"{COUNTRY704,704000}"
705,AIRPORT_NAME705,AIRPORT_TYPE705,705,"{COUNTRY705,705000}"
706,AIRPORT_NAME706,AIRPORT_TYPE706,706,"{COUNTRY706,706000}"
707,AIRPORT_NAME707,AIRPORT_TYPE707,707,"{COUNTRY707,707000}"
708,AIRPORT_NAME708,AIRPORT_TYPE708,708,"{COUNTRY708,708000}"
709,AIRPORT_NAME709,AIRPORT_TYPE709,709,"{COUNTRY709,709000}"
710,AIRPORT_NAME710,AIRPORT_TYPE710,710,"{COUNTRY710,710000}"
711,AIRPORT_NAME711,AIRPORT_TYPE711,711,"{COUNTRY711,711000}"
712,AIRPORT_NAME712,AIRPORT_TYPE712,712,"{COUNTRY712,712000}"
713,AIRPORT_NAME713,AIRPORT_TYPE713,713,"{COUNTRY713,713000}"
714,AIRPORT_NAME714,AIRPORT_TYPE714,714,"{COUNTRY714,714000}"
715,AIRPORT_NAME715,AIRPORT_TYPE715,715,"{COUNTRY715,715000}"
716,AIRPORT_NAME716,AIRPORT_TYPE716,716,"{COUNTRY716,716000}"
717,AIRPORT_NAME717,AIRPORT_TYPE717,717,"{COUNTRY717,717000}"
718,AIRPORT_NAME718,AIRPORT_TYPE718,718,"{COUNTRY718,718000}"
719,AIRPORT_NAME719,AIRPORT_TYPE719,719,"{COUNTRY719,719000}"
720,AIRPORT_NAME720,AIRPORT_TYPE720,720,"{COUNTRY720,720000}"
721,AIRPORT_NAME721,AIRPORT_TYPE721,721,"{COUNTRY721,721000}"
722,AIRPORT_NAME722,AIRPORT_TYPE722,722,"{COUNTRY722,722000}"
723,AIRPORT_NAME723,AIRPORT_TYPE723,723,"{COUNTRY723,723000}"
724,AIRPORT_NAME724,AIRPORT_TYPE724,724,"{COUNTRY724,724000}"
725,AIRPORT_NAME725,AIRPORT_TYPE725,725,"{COUNTRY725,725000}"
726,AIRPORT_NAME726,AIRPORT_TYPE726,726,"{COUNTRY726,726000}"
727,AIRPORT_NAME727,AIRPORT_TYPE727,727,"{COUNTRY727,727000}"
728,AIRPORT_NAME728,AIRPORT_TYPE728,728,"{COUNTRY728,728000}"
729,AIRPORT_NAME729,AIRPORT_TYPE729,729,"{COUNTRY729,729000}"
730,AIRPORT_NAME730,AIRPORT_TYPE730,730,"{COUNTRY730,730000}"
731,AIRPORT_NAME731,AIRPORT_TYPE731,731,"{COUNTRY731,731000}"
732,AIRPORT_NAME732,AIRPORT_TYPE732,732,"{COUNTRY732,732000}"
733,AIRPORT_NAME733,AIRPORT_TYPE733,733,"{COUNTRY733,733000}"
734,AIRPORT_NAME734,AIRPORT_TYPE734,734,"{COUNTRY734,734000}"
735,AIRPORT_NAME735,AIRPORT_TYPE735,735,"{COUNTRY735,735000}"
736,AIRPORT_NAME736,AIRPORT_TYPE736,736,"{COUNTRY736,736000}"
737,AIRPORT_NAME737,AIRPORT_TYPE737,737,"{COUNTRY737,737000}"
738,AIRPORT_NAME738,AIRPORT_TYPE738,738,"{COUNTRY738,738000}"
739,AIRPORT_NAME739,AIRPORT_TYPE739,739,"{COUNTRY739,739000}"
740,AIRPORT_NAME740,AIRPORT_TYPE740,740,"{COUNTRY740,740000}"
741,AIRPORT_NAME741,AIRPORT_TYPE741,741,"{COUNTRY741,741000}"
742,AIRPORT_NAME742,AIRPORT_TYPE742,742,"{COUNTRY742,742000}"
743,AIRPORT_NAME743,AIRPORT_TYPE743,743,"{COUNTRY743,743000}"
744,AIRPORT_NAME744,AIRPORT_TYPE744,744,"{COUNTRY744,744000}"
745,AIRPORT_NAME745,AIRPORT_TYPE745,745,"{COUNTRY745,745000}"
746,AIRPORT_NAME746,AIRPORT_TYPE746,746,"{COUNTRY746,746000}"
747,AIRPORT_NAME747,AIRPORT_TYPE747,747,"{COUNTRY747,747000}"
748,AIRPORT_NAME748,AIRPORT_TYPE748,748,"{COUNTRY748,748000}"
749,AIRPORT_NAME749,AIRPORT_TYPE749,749,"{COUNTRY749,749000}"
750,AIRPORT_NAME750,AIRPORT_TYPE750,750,"{COUNTRY750,750000}"
751,AIRPORT_NAME751,AIRPORT_TYPE751,751,"{COUNTRY751,751000}"
752,AIRPORT_NAME752,AIRPORT_TYPE752,752,"{COUNTRY752,752000}"
753,AIRPORT_NAME753,AIRPORT_TYPE753,753,"{COUNTRY753,753000}"
754,AIRPORT_NAME754,AIRPORT_TYPE754,754,"{COUNTRY754,754000}"
755,AIRPORT_NAME755,AIRPORT_TYPE755,755,"{COUNTRY755,755000}"
756,AIRPORT_NAME756,AIRPORT_TYPE756,756,"{COUNTRY756,756000}"
757,AIRPORT_NAME757,AIRPORT_TYPE757,757,"{COUNTRY757,757000}"
758,AIRPORT_NAME758,AIRPORT_TYPE758,758,"{COUNTRY758,758000}"
759,AIRPORT_NAME759,AIRPORT_TYPE759,759,"{COUNTRY759,759000}"
760,AIRPORT_NAME760,AIRPORT_TYPE760,760,"{COUNTRY760,760000}"
761,AIRPORT_NAME761,AIRPORT_TYPE761,761,"{COUNTRY761,761000}"
762,AIRPORT_NAME762,AIRPORT_TYPE762,762,"{COUNTRY762,762000}"
763,AIRPORT_NAME763,AIRPORT_TYPE763,763,"{COUNTRY763,763000}"
764,AIRPORT_NAME764,AIRPORT_TYPE764,764,"{COUNTRY764,764000}"
765,AIRPORT_NAME765,AIRPORT_TYPE765,765,"{COUNTRY765,765000}"
766,AIRPORT_NAME766,AIRPORT_TYPE766,766,"{COUNTRY766,766000}"
767,AIRPORT_NAME767,AIRPORT_TYPE767,767,"{COUNTRY767,767000}"
768,AIRPORT_NAME768,AIRPORT_TYPE768,768,"{COUNTRY768,768000}"
769,AIRPORT_NAME769,AIRPORT_TYPE769,769,"{COUNTRY769,769000}"
770,AIRPORT_NAME770,AIRPORT_TYPE770,770,"{COUNTRY770,770000}"
771,AIRPORT_NAME771,AIRPORT_TYPE771,771,"{COUNTRY771,771000}"
772,AIRPORT_NAME772,AIRPORT_TYPE772,772,"{COUNTRY772,772000}"
773,AIRPORT_NAME773,AIRPORT_TYPE773,773,"{COUNTRY773,773000}"
774,AIRPORT_NAME774,AIRPORT_TYPE774,774,"{COUNTRY774,774000}"
775,AIRPORT_NAME775,AIRPORT_TYPE775,775,"{COUNTRY775,775000}"
776,AIRPORT_NAME776,AIRPORT_TYPE776,776,"{COUNTRY776,776000}"
777,AIRPORT_NAME777,AIRPORT_TYPE777,777,"{COUNTRY777,777000}"
778,AIRPORT_NAME778,AIRPORT_TYPE778,778,"{COUNTRY778,778000}"
779,AIRPORT_NAME779,AIRPORT_TYPE779,779,"{COUNTRY779,779000}"
780,AIRPORT_NAME780,AIRPORT_TYPE780,780,"{COUNTRY780,780000}"
781,AIRPORT_NAME781,AIRPORT_TYPE781,781,"{COUNTRY781,781000}"
782,AIRPORT_NAME782,AIRPORT_TYPE782,782,"{COUNTRY782,782000}"
783,AIRPORT_NAME783,AIRPORT_TYPE783,783,"{COUNTRY783,783000}"
784,AIRPORT_NAME784,AIRPORT_TYPE784,784,"{COUNTRY784,784000}"
785,AIRPORT_NAME785,AIRPORT_TYPE785,785,"{COUNTRY785,785000}"
786,AIRPORT_NAME786,AIRPORT_TYPE786,786,"{COUNTRY786,786000}"
787,AIRPORT_NAME787,AIRPORT_TYPE787,787,"{COUNTRY787,787000}"
788,AIRPORT_NAME788,AIRPORT_TYPE788,788,"{COUNTRY788,788000}"
789,AIRPORT_NAME789,AIRPORT_TYPE789,789,"{COUNTRY789,789000}"
790,AIRPORT_NAME790,AIRPORT_TYPE790,790,"{COUNTRY790,790000}"
791,AIRPORT_NAME791,AIRPORT_TYPE791,791,"{COUNTRY791,791000}"
792,AIRPORT_NAME792,AIRPORT_TYPE792,792,"{COUNTRY792,792000}"
793,AIRPORT_NAME793,AIRPORT_TYPE793,793,"{COUNTRY793,793000}"
794,AIRPORT_NAME794,AIRPORT_TYPE794,794,"{COUNTRY794,794000}"
795,AIRPORT_NAME795,AIRPORT_TYPE795,795,"{COUNTRY795,795000}"
796,AIRPORT_NAME796,AIRPORT_TYPE796,796,"{COUNTRY796,796000}"
797,AIRPORT_NAME797,AIRPORT_TYPE797,797,"{COUNTRY797,797000}"
798,AIRPORT_NAME798,AIRPORT_TYPE798,798,"{COUNTRY798,798000}"
799,AIRPORT_NAME799,AIRPORT_TYPE799,799,"{COUNTRY799,799000}"
800,AIRPORT_NAME800,AIRPORT_TYPE800,800,"{COUNTRY800,800000}"
801,AIRPORT_NAME801,AIRPORT_TYPE801,801,"{COUNTRY801,801000}"
802,AIRPORT_NAME802,AIRPORT_TYPE802,802,"{COUNTRY802,802000}"
803,AIRPORT_NAME803,AIRPORT_TYPE803,803,"{COUNTRY803,803000}"
804,AIRPORT_NAME804,AIRPORT_TYPE804,804,"{COUNTRY804,804000}"
805,AIRPORT_NAME805,AIRPORT_TYPE805,805,"{COUNTRY805,805000}"
806,AIRPORT_NAME806,AIRPORT_TYPE806,806,"{COUNTRY806,806000}"
807,AIRPORT_NAME807,AIRPORT_TYPE807,807,"{COUNTRY807,807000}"
808,AIRPORT_NAME808,AIRPORT_TYPE808,808,"{COUNTRY808,808000}"
809,AIRPORT_NAME809,AIRPORT_TYPE809,809,"{COUNTRY809,809000}"
810,AIRPORT_NAME810,AIRPORT_TYPE810,810,"{COUNTRY810,810000}"
811,AIRPORT_NAME811,AIRPORT_TYPE811,811,"{COUNTRY811,811000}"
812,AIRPORT_NAME812,AIRPORT_TYPE812,812,"{COUNTRY812,812000}"
813,AIRPORT_NAME813,AIRPORT_TYPE813,813,"{COUNTRY813,813000}"
814,AIRPORT_NAME814,AIRPORT_TYPE814,814,"{COUNTRY814,814000}"
815,AIRPORT_NAME815,AIRPORT_TYPE815,815,"{COUNTRY815,815000}"
816,AIRPORT_NAME816,AIRPORT_TYPE816,816,"{COUNTRY816,816000}"
817,AIRPORT_NAME817,AIRPORT_TYPE817,817,"{COUNTRY817,817000}"
818,AIRPORT_NAME818,AIRPORT_TYPE818,818,"{COUNTRY818,818000}"
819,AIRPORT_NAME819,AIRPORT_TYPE819,819,"{COUNTRY819,819000}"
820,AIRPORT_NAME820,AIRPORT_TYPE820,820,"{COUNTRY820,820000}"
821,AIRPORT_NAME821,AIRPORT_TYPE821,821,"{COUNTRY821,821000}"
822,AIRPORT_NAME822,AIRPORT_TYPE822,822,"{COUNTRY822,822000}"
823,AIRPORT_NAME823,AIRPORT_TYPE823,823,"{COUNTRY823,823000}"
824,AIRPORT_NAME824,AIRPORT_TYPE824,824,"{COUNTRY824,824000}"
825,AIRPORT_NAME825,AIRPORT_TYPE825,825,"{COUNTRY825,825000}"
826,AIRPORT_NAME826,AIRPORT_TYPE826,826,"{COUNTRY826,826000}"
827,AIRPORT_NAME827,AIRPORT_TYPE827,827,"{COUNTRY827,827000}"
828,AIRPORT_NAME828,AIRPORT_TYPE828,828,"{COUNTRY828,828000}"
829,AIRPORT_NAME829,AIRPORT_TYPE829,829,"{COUNTRY829,829000}"
830,AIRPORT_NAME830,AIRPORT_TYPE830,830,"{COUNTRY830,830000}"
831,AIRPORT_NAME831,AIRPORT_TYPE831,831,"{COUNTRY831,831000}"
832,AIRPORT_NAME832,AIRPORT_TYPE832,832,"{COUNTRY832,832000}"
833,AIRPORT_NAME833,AIRPORT_TYPE833,833,"{COUNTRY833,833000}"
834,AIRPORT_NAME834,AIRPORT_TYPE834,834,"{COUNTRY834,834000}"
835,AIRPORT_NAME835,AIRPORT_TYPE835,835,"{COUNTRY835,835000}"
836,AIRPORT_NAME836,AIRPORT_TYPE836,836,"{COUNTRY836,836000}"
837,AIRPORT_NAME837,AIRPORT_TYPE837,837,"{COUNTRY837,837000}"
838,AIRPORT_NAME838,AIRPORT_TYPE838,838,"{COUNTRY838,838000}"
839,AIRPORT_NAME839,AIRPORT_TYPE839,839,"{COUNTRY839,839000}"
840,AIRPORT_NAME840,AIRPORT_TYPE840,840,"{COUNTRY840,840000}"
841,AIRPORT_NAME841,AIRPORT_TYPE841,841,"{COUNTRY841,841000}"
842,AIRPORT_NAME842,AIRPORT_TYPE842,842,"{COUNTRY842,842000}"
843,AIRPORT_NAME843,AIRPORT_TYPE843,843,"{COUNTRY843,843000}"
844,AIRPORT_NAME844,AIRPORT_TYPE844,844,"{COUNTRY844,844000}"
845,AIRPORT_NAME845,AIRPORT_TYPE845,845,"{COUNTRY845,845000}"
846,AIRPORT_NAME846,AIRPORT_TYPE846,846,"{COUNTRY846,846000}"
847,AIRPORT_NAME847,AIRPORT_TYPE847,847,"{COUNTRY847,847000}"
848,AIRPORT_NAME848,AIRPORT_TYPE848,848,"{COUNTRY848,848000}"
849,AIRPORT_NAME849,AIRPORT_TYPE849,849,"{COUNTRY849,849000}"
850,AIRPORT_NAME850,AIRPORT_TYPE850,850,"{COUNTRY850,850000}"
851,AIRPORT_NAME851,AIRPORT_TYPE851,851,"{COUNTRY851,851000}"
852,AIRPORT_NAME852,AIRPORT_TYPE852,852,"{COUNTRY852,852000}"
853,AIRPORT_NAME853,AIRPORT_TYPE853,853,"{COUNTRY853,853000}"
854,AIRPORT_NAME854,AIRPORT_TYPE854,854,"{COUNTRY854,854000}"
855,AIRPORT_NAME855,AIRPORT_TYPE855,855,"{COUNTRY855,855000}"
856,AIRPORT_NAME856,AIRPORT_TYPE856,856,"{COUNTRY856,856000}"
857,AIRPORT_NAME857,AIRPORT_TYPE857,857,"{COUNTRY857,857000}"
858,AIRPORT_NAME858,AIRPORT_TYPE858,858,"{COUNTRY858,858000}"
859,AIRPORT_NAME859,AIRPORT_TYPE859,859,"{COUNTRY859,859000}"
860,AIRPORT_NAME860,AIRPORT_TYPE860,860,"{COUNTRY860,860000}"
861,AIRPORT_NAME861,AIRPORT_TYPE861,861,"{COUNTRY861,861000}"
862,AIRPORT_NAME862,AIRPORT_TYPE862,862,"{COUNTRY862,862000}"
863,AIRPORT_NAME863,AIRPORT_TYPE863,863,"{COUNTRY863,863000}"
864,AIRPORT_NAME864,AIRPORT_TYPE864,864,"{COUNTRY864,864000}"
865,AIRPORT_NAME865,AIRPORT_TYPE865,865,"{COUNTRY865,865000}"
866,AIRPORT_NAME866,AIRPORT_TYPE866,866,"{COUNTRY866,866000}"
867,AIRPORT_NAME867,AIRPORT_TYPE867,867,"{COUNTRY867,867000}"
868,AIRPORT_NAME868,AIRPORT_TYPE868,868,"{COUNTRY868,868000}"
869,AIRPORT_NAME869,AIRPORT_TYPE869,869,"{COUNTRY869,869000}"
870,AIRPORT_NAME870,AIRPORT_TYPE870,870,"{COUNTRY870,870000}"
871,AIRPORT_NAME871,AIRPORT_TYPE871,871,"{COUNTRY871,871000}"
872,AIRPORT_NAME872,AIRPORT_TYPE872,872,"{COUNTRY872,872000}"
873,AIRPORT_NAME873,AIRPORT_TYPE873,873,"{COUNTRY873,873000}"
874,AIRPORT_NAME874,AIRPORT_TYPE874,874,"{COUNTRY874,874000}"
875,AIRPORT_NAME875,AIRPORT_TYPE875,875,"{COUNTRY875,875000}"
876,AIRPORT_NAME876,AIRPORT_TYPE876,876,"{COUNTRY876,876000}"
877,AIRPORT_NAME877,AIRPORT_TYPE877,877,"{COUNTRY877,877000}"
878,AIRPORT_NAME878,AIRPORT_TYPE878,878,"{COUNTRY878,878000}"
879,AIRPORT_NAME879,AIRPORT_TYPE879,879,"{COUNTRY879,879000}"
880,AIRPORT_NAME880,AIRPORT_TYPE880,880,"{COUNTRY880,880000}"
881,AIRPORT_NAME881,AIRPORT_TYPE881,881,"{COUNTRY881,881000}"
882,AIRPORT_NAME882,AIRPORT_TYPE882,882,"{COUNTRY882,882000}"
883,AIRPORT_NAME883,AIRPORT_TYPE883,883,"{COUNTRY883,883000}"
884,AIRPORT_NAME884,AIRPORT_TYPE884,884,"{COUNTRY884,884000}"
885,AIRPORT_NAME885,AIRPORT_TYPE885,885,"{COUNTRY885,885000}"
886,AIRPORT_NAME886,AIRPORT_TYPE886,886,"{COUNTRY886,886000}"
887,AIRPORT_NAME887,AIRPORT_TYPE887,887,"{COUNTRY887,887000}"
888,AIRPORT_NAME888,AIRPORT_TYPE888,888,"{COUNTRY888,888000}"
889,AIRPORT_NAME889,AIRPORT_TYPE889,889,"{COUNTRY889,889000}"
890,AIRPORT_NAME890,AIRPORT_TYPE890,890,"{COUNTRY890,890000}"
891,AIRPORT_NAME891,AIRPORT_TYPE891,891,"{COUNTRY891,891000}"
892,AIRPORT_NAME892,AIRPORT_TYPE892,892,"{COUNTRY892,892000}"
893,AIRPORT_NAME893,AIRPORT_TYPE893,893,"{COUNTRY893,893000}"
894,AIRPORT_NAME894,AIRPORT_TYPE894,894,"{COUNTRY894,894000}"
895,AIRPORT_NAME895,AIRPORT_TYPE895,895,"{COUNTRY895,895000}"
896,AIRPORT_NAME896,AIRPORT_TYPE896,896,"{COUNTRY896,896000}"
897,AIRPORT_NAME897,AIRPORT_TYPE897,897,"{COUNTRY897,897000}"
898,AIRPORT_NAME898,AIRPORT_TYPE898,898,"{COUNTRY898,898000}"
899,AIRPORT_NAME899,AIRPORT_TYPE899,899,"{COUNTRY899,899000}"
900,AIRPORT_NAME900,AIRPORT_TYPE900,900,"{COUNTRY900,900000}"
901,AIRPORT_NAME901,AIRPORT_TYPE901,901,"{COUNTRY901,901000}"
902,AIRPORT_NAME902,AIRPORT_TYPE902,902,"{COUNTRY902,902000}"
903,AIRPORT_NAME903,AIRPORT_TYPE903,903,"{COUNTRY903,903000}"
904,AIRPORT_NAME904,AIRPORT_TYPE904,904,"{COUNTRY904,904000}"
905,AIRPORT_NAME905,AIRPORT_TYPE905,905,"{COUNTRY905,905000}"
906,AIRPORT_NAME906,AIRPORT_TYPE906,906,"{COUNTRY906,906000}"
907,AIRPORT_NAME907,AIRPORT_TYPE907,907,"{COUNTRY907,907000}"
908,AIRPORT_NAME908,AIRPORT_TYPE908,908,"{COUNTRY908,908000}"
909,AIRPORT_NAME909,AIRPORT_TYPE909,909,"{COUNTRY909,909000}"
910,AIRPORT_NAME910,AIRPORT_TYPE910,910,"{COUNTRY910,910000}"
911,AIRPORT_NAME911,AIRPORT_TYPE911,911,"{COUNTRY911,911000}"
912,AIRPORT_NAME912,AIRPORT_TYPE912,912,"{COUNTRY912,912000}"
913,AIRPORT_NAME913,AIRPORT_TYPE913,913,"{COUNTRY913,913000}"
914,AIRPORT_NAME914,AIRPORT_TYPE914,914,"{COUNTRY914,914000}"
915,AIRPORT_NAME915,AIRPORT_TYPE915,915,"{COUNTRY915,915000}"
916,AIRPORT_NAME916,AIRPORT_TYPE916,916,"{COUNTRY916,916000}"
917,AIRPORT_NAME917,AIRPORT_TYPE917,917,"{COUNTRY917,917000}"
918,AIRPORT_NAME918,AIRPORT_TYPE918,918,"{COUNTRY918,918000}"
919,AIRPORT_NAME919,AIRPORT_TYPE919,919,"{COUNTRY919,919000}"
920,AIRPORT_NAME920,AIRPORT_TYPE920,920,"{COUNTRY920,920000}"
921,AIRPORT_NAME921,AIRPORT_TYPE921,921,"{COUNTRY921,921000}"
922,AIRPORT_NAME922,AIRPORT_TYPE922,922,"{COUNTRY922,922000}"
923,AIRPORT_NAME923,AIRPORT_TYPE923,923,"{COUNTRY923,923000}"
924,AIRPORT_NAME924,AIRPORT_TYPE924,924,"{COUNTRY924,924000}"
925,AIRPORT_NAME925,AIRPORT_TYPE925,925,"{COUNTRY925,925000}"
926,AIRPORT_NAME926,AIRPORT_TYPE926,926,"{COUNTRY926,926000}"
927,AIRPORT_NAME927,AIRPORT_TYPE927,927,"{COUNTRY927,927000}"
928,AIRPORT_NAME928,AIRPORT_TYPE928,928,"{COUNTRY928,928000}"
929,AIRPORT_NAME929,AIRPORT_TYPE929,929,"{COUNTRY929,929000}"
930,AIRPORT_NAME930,AIRPORT_TYPE930,930,"{COUNTRY930,930000}"
931,AIRPORT_NAME931,AIRPORT_TYPE931,931,"{COUNTRY931,931000}"
932,AIRPORT_NAME932,AIRPORT_TYPE932,932,"{COUNTRY932,932000}"
933,AIRPORT_NAME933,AIRPORT_TYPE933,933,"{COUNTRY933,933000}"
934,AIRPORT_NAME934,AIRPORT_TYPE934,934,"{COUNTRY934,934000}"
935,AIRPORT_NAME935,AIRPORT_TYPE935,935,"{COUNTRY935,935000}"
936,AIRPORT_NAME936,AIRPORT_TYPE936,936,"{COUNTRY936,936000}"
937,AIRPORT_NAME937,AIRPORT_TYPE937,937,"{COUNTRY937,937000}"
938,AIRPORT_NAME938,AIRPORT_TYPE938,938,"{COUNTRY938,938000}"
939,AIRPORT_NAME939,AIRPORT_TYPE939,939,"{COUNTRY939,939000}"
940,AIRPORT_NAME940,AIRPORT_TYPE940,940,"{COUNTRY940,940000}"
941,AIRPORT_NAME941,AIRPORT_TYPE941,941,"{COUNTRY941,941000}"
942,AIRPORT_NAME942,AIRPORT_TYPE942,942,"{COUNTRY942,942000}"
943,AIRPORT_NAME943,AIRPORT_TYPE943,943,"{COUNTRY943,943000}"
944,AIRPORT_NAME944,AIRPORT_TYPE944,944,"{COUNTRY944,944000}"
945,AIRPORT_NAME945,AIRPORT_TYPE945,945,"{COUNTRY945,945000}"
946,AIRPORT_NAME946,AIRPORT_TYPE946,946,"{COUNTRY946,946000}"
947,AIRPORT_NAME947,AIRPORT_TYPE947,947,"{COUNTRY947,947000}"
948,AIRPORT_NAME948,AIRPORT_TYPE948,948,"{COUNTRY948,948000}"
949,AIRPORT_NAME949,AIRPORT_TYPE949,949,"{COUNTRY949,949000}"
950,AIRPORT_NAME950,AIRPORT_TYPE950,950,"{COUNTRY950,950000}"
951,AIRPORT_NAME951,AIRPORT_TYPE951,951,"{COUNTRY951,951000}"
952,AIRPORT_NAME952,AIRPORT_TYPE952,952,"{COUNTRY952,952000}"
953,AIRPORT_NAME953,AIRPORT_TYPE953,953,"{COUNTRY953,953000}"
954,AIRPORT_NAME954,AIRPORT_TYPE954,954,"{COUNTRY954,954000}"
955,AIRPORT_NAME955,AIRPORT_TYPE955,955,"{COUNTRY955,955000}"
956,AIRPORT_NAME956,AIRPORT_TYPE956,956,"{COUNTRY956,956000}"
957,AIRPORT_NAME957,AIRPORT_TYPE957,957,"{COUNTRY957,957000}"
958,AIRPORT_NAME958,AIRPORT_TYPE958,958,"{COUNTRY958,958000}"
959,AIRPORT_NAME959,AIRPORT_TYPE959,959,"{COUNTRY959,959000}"
960,AIRPORT_NAME960,AIRPORT_TYPE960,960,"{COUNTRY960,960000}"
961,AIRPORT_NAME961,AIRPORT_TYPE961,961,"{COUNTRY961,961000}"
962,AIRPORT_NAME962,AIRPORT_TYPE962,962,"{COUNTRY962,962000}"
963,AIRPORT_NAME963,AIRPORT_TYPE963,963,"{COUNTRY963,963000}"
964,AIRPORT_NAME964,AIRPORT_TYPE964,964,"{COUNTRY964,964000}"
965,AIRPORT_NAME965,AIRPORT_TYPE965,965,"{COUNTRY965,965000}"
966,AIRPORT_NAME966,AIRPORT_TYPE966,966,"{COUNTRY966,966000}"
967,AIRPORT_NAME967,AIRPORT_TYPE967,967,"{COUNTRY967,967000}"
968,AIRPORT_NAME968,AIRPORT_TYPE968,968,"{COUNTRY968,968000}"
969,AIRPORT_NAME969,AIRPORT_TYPE969,969,"{COUNTRY969,969000}"
970,AIRPORT_NAME970,AIRPORT_TYPE970,970,"{COUNTRY970,970000}"
971,AIRPORT_NAME971,AIRPORT_TYPE971,971,"{COUNTRY971,971000}"
972,AIRPORT_NAME972,AIRPORT_TYPE972,972,"{COUNTRY972,972000}"
973,AIRPORT_NAME973,AIRPORT_TYPE973,973,"{COUNTRY973,973000}"
974,AIRPORT_NAME974,AIRPORT_TYPE974,974,"{COUNTRY974,974000}"
975,AIRPORT_NAME975,AIRPORT_TYPE975,975,"{COUNTRY975,975000}"
976,AIRPORT_NAME976,AIRPORT_TYPE976,976,"{COUNTRY976,976000}"
977,AIRPORT_NAME977,AIRPORT_TYPE977,977,"{COUNTRY977,977000}"
978,AIRPORT_NAME978,AIRPORT_TYPE978,978,"{COUNTRY978,978000}"
979,AIRPORT_NAME979,AIRPORT_TYPE979,979,"{COUNTRY979,979000}"
980,AIRPORT_NAME980,AIRPORT_TYPE980,980,"{COUNTRY980,980000}"
981,AIRPORT_NAME981,AIRPORT_TYPE981,981,"{COUNTRY981,981000}"
982,AIRPORT_NAME982,AIRPORT_TYPE982,982,"{COUNTRY982,982000}"
983,AIRPORT_NAME983,AIRPORT_TYPE983,983,"{COUNTRY983,983000}"
984,AIRPORT_NAME984,AIRPORT_TYPE984,984,"{COUNTRY984,984000}"
985,AIRPORT_NAME985,AIRPORT_TYPE985,985,"{COUNTRY985,985000}"
986,AIRPORT_NAME986,AIRPORT_TYPE986,986,"{COUNTRY986,986000}"
987,AIRPORT_NAME987,AIRPORT_TYPE987,987,"{COUNTRY987,987000}"
988,AIRPORT_NAME988,AIRPORT_TYPE988,988,"{COUNTRY988,988000}"
989,AIRPORT_NAME989,AIRPORT_TYPE989,989,"{COUNTRY989,989000}"
990,AIRPORT_NAME990,AIRPORT_TYPE990,990,"{COUNTRY990,990000}"
991,AIRPORT_NAME991,AIRPORT_TYPE991,991,"{COUNTRY991,991000}"
992,AIRPORT_NAME992,AIRPORT_TYPE992,992,"{COUNTRY992,992000}"
993,AIRPORT_NAME993,AIRPORT_TYPE993,993,"{COUNTRY993,993000}"
994,AIRPORT_NAME994,AIRPORT_TYPE994,994,"{COUNTRY994,994000}"
995,AIRPORT_NAME995,AIRPORT_TYPE995,995,"{COUNTRY995,995000}"
996,AIRPORT_NAME996,AIRPORT_TYPE996,996,"{COUNTRY996,996000}"
997,AIRPORT_NAME997,AIRPORT_TYPE997,997,"{COUNTRY997,997000}"
998,AIRPORT_NAME998,AIRPORT_TYPE998,998,"{COUNTRY998,998000}"
999,AIRPORT_NAME999,AIRPORT_TYPE999,999,"{COUNTRY999,999000}"
