594,SERVICE594
595,SERVICE595
596,SERVICE596
597,SERVICE597
598,SERVICE598
599,SERVICE599
600,SERVICE600
601,SERVICE601
602,SERVICE602
603,SERVICE603
604,SERVICE604
605,SERVICE605
606,SERVICE606
607,SERVICE607
608,SERVICE608
609,SERVICE609
610,SERVICE610
611,SERVICE611
612,SERVICE612
613,SERVICE613
614,SERVICE614
615,SERVICE615
616,SERVICE616
617,SERVICE617
618,SERVICE618
619,SERVICE619
620,SERVICE620
621,SERVICE621
622,SERVICE622
623,SERVICE623
624,SERVICE624
625,SERVICE625
626,SERVICE626
627,SERVICE627
628,SERVICE628
629,SERVICE629
630,SERVICE630
631,SERVICE631
632,SERVICE632
633,SERVICE633
634,SERVICE634
635,SERVICE635
636,SERVICE636
637,SERVICE637
638,SERVICE638
639,SERVICE639
640,SERVICE640
641,SERVICE641
642,SERVICE642
643,SERVICE643
644,SERVICE644
645,SERVICE645
646,SERVICE646
647,SERVICE647
648,SERVICE648
649,SERVICE649
650,SERVICE650
651,SERVICE651
652,SERVICE652
653,SERVICE653
654,SERVICE654
655,SERVICE655
656,SERVICE656
657,SERVICE657
658,SERVICE658
659,SERVICE659
660,SERVICE660
661,SERVICE661
662,SERVICE662
663,SERVICE663
664,SERVICE664
665,SERVICE665
666,SERVICE666
667,SERVICE667
668,SERVICE668
669,SERVICE669
670,SERVICE670
671,SERVICE671
672,SERVICE672
673,SERVICE673
674,SERVICE674
675,SERVICE675
676,SERVICE676
677,SERVICE677
678,SERVICE678
679,SERVICE679
680,SERVICE680
681,SERVICE681
682,SERVICE682
683,SERVICE683
684,SERVICE684
685,SERVICE685
686,SERVICE686
687,SERVICE687
688,SERVICE688
689,SERVICE689
690,SERVICE690
691,SERVICE691
692,SERVICE692
693,SERVICE693
694,SERVICE694
695,SERVICE695
696,SERVICE696
697,SERVICE697
698,SERVICE698
699,SERVICE699
700,SERVICE700
701,SERVICE701
702,SERVICE702
703,SERVICE703
704,SERVICE704
705,SERVICE705
706,SERVICE706
707,SERVICE707
708,SERVICE708
709,SERVICE709
710,SERVICE710
711,SERVICE711
712,SERVICE712
713,SERVICE713
714,SERVICE714
715,SERVICE715
716,SERVICE716
717,SERVICE717
718,SERVICE718
719,SERVICE719
720,SERVICE720
721,SERVICE721
722,SERVICE722
723,SERVICE723
724,SERVICE724
725,SERVICE725
726,SERVICE726
727,SERVICE727
728,SERVICE728
729,SERVICE729
730,SERVICE730
731,SERVICE731
732,SERVICE732
733,SERVICE733
734,SERVICE734
735,SERVICE735
736,SERVICE736
737,SERVICE737
738,SERVICE738
739,SERVICE739
740,SERVICE740
741,SERVICE741
742,SERVICE742
743,SERVICE743
744,SERVICE744
745,SERVICE745
746,SERVICE746
747,SERVICE747
748,SERVICE748
749,SERVICE749
750,SERVICE750
751,SERVICE751
752,SERVICE752
753,SERVICE753
754,SERVICE754
755,SERVICE755
756,SERVICE756
757,SERVICE757
758,SERVICE758
759,SERVICE759
760,SERVICE760
761,SERVICE761
762,SERVICE762
763,SERVICE763
764,SERVICE764
765,SERVICE765
766,SERVICE766
767,SERVICE767
768,SERVICE768
769,SERVICE769
770,SERVICE770
771,SERVICE771
772,SERVICE772
773,SERVICE773
774,SERVICE774
775,SERVICE775
776,SERVICE776
777,SERVICE777
778,SERVICE778
779,SERVICE779
780,SERVICE780
781,SERVICE781
782,SERVICE782
783,SERVICE783
784,SERVICE784
785,SERVICE785
786,SERVICE786
787,SERVICE787
788,SERVICE788
789,SERVICE789
790,SERVICE790
791,SERVICE791
792,SERVICE792
793,SERVICE793
794,SERVICE794
795,SERVICE795
796,SERVICE796
797,SERVICE797
798,SERVICE798
799,SERVICE799
800,SERVICE800
801,SERVICE801
802,SERVICE802
803,SERVICE803
804,SERVICE804
805,SERVICE805
806,SERVICE806
807,SERVICE807
808,SERVICE808
809,SERVICE809
810,SERVICE810
811,SERVICE811
812,SERVICE812
813,SERVICE813
814,SERVICE814
815,SERVICE815
816,SERVICE816
817,SERVICE817
818,SERVICE818
819,SERVICE819
820,SERVICE820
821,SERVICE821
822,SERVICE822
823,SERVICE823
824,SERVICE824
825,SERVICE825
826,SERVICE826
827,SERVICE827
828,SERVICE828
829,SERVICE829
830,SERVICE830
831,SERVICE831
832,SERVICE832
833,SERVICE833
834,SERVICE834
835,SERVICE835
836,SERVICE836
837,SERVICE837
838,SERVICE838
839,SERVICE839
840,SERVICE840
841,SERVICE841
842,SERVICE842
843,SERVICE843
844,SERVICE844
845,SERVICE845
846,SERVICE846
847,SERVICE847
848,SERVICE848
849,SERVICE849
850,SERVICE850
851,SERVICE851
852,SERVICE852
853,SERVICE853
854,SERVICE854
855,SERVICE855
856,SERVICE856
857,SERVICE857
858,SERVICE858
859,SERVICE859
860,SERVICE860
861,SERVICE861
862,SERVICE862
863,SERVICE863
864,SERVICE864
865,SERVICE865
866,SERVICE866
867,SERVICE867
868,SERVICE868
869,SERVICE869
870,SERVICE870
871,SERVICE871
872,SERVICE872
873,SERVICE873
874,SERVICE874
875,SERVICE875
876,SERVICE876
877,SERVICE877
878,SERVICE878
879,SERVICE879
880,SERVICE880
881,SERVICE881
882,SERVICE882
883,SERVICE883
884,SERVICE884
885,SERVICE885
886,SERVICE886
887,SERVICE887
888,SERVICE888
889,SERVICE889
890,SERVICE890
891,SERVICE891
892,SERVICE892
893,SERVICE893
894,SERVICE894
895,SERVICE895
896,SERVICE896
897,SERVICE897
898,SERVICE898
899,SERVICE899
900,SERVICE900
901,SERVICE901
902,SERVICE902
903,SERVICE903
904,SERVICE904
905,SERVICE905
906,SERVICE906
907,SERVICE907
908,SERVICE908
909,SERVICE909
910,SERVICE910
911,SERVICE911
912,SERVICE912
913,SERVICE913
914,SERVICE914
915,SERVICE915
916,SERVICE916
917,SERVICE917
918,SERVICE918
919,SERVICE919
920,SERVICE920
921,SERVICE921
922,SERVICE922
923,SERVICE923
924,SERVICE924
925,SERVICE925
926,SERVICE926
927,SERVICE927
928,SERVICE928
929,SERVICE929
930,SERVICE930
931,SERVICE931
932,SERVICE932
933,SERVICE933
934,SERVICE934
935,SERVICE935
936,SERVICE936
937,SERVICE937
938,SERVICE938
939,SERVICE939
940,SERVICE940
941,SERVICE941
942,SERVICE942
943,SERVICE943
944,SERVICE944
945,SERVICE945
946,SERVICE946
947,SERVICE947
948,SERVICE948
949,SERVICE949
950,SERVICE950
951,SERVICE951
952,SERVICE952
953,SERVICE953
954,SERVICE954
955,SERVICE955
956,SERVICE956
957,SERVICE957
958,SERVICE958
959,SERVICE959
960,SERVICE960
961,SERVICE961
962,SERVICE962
963,SERVICE963
964,SERVICE964
965,SERVICE965
966,SERVICE966
967,SERVICE967
968,SERVICE968
969,SERVICE969
970,SERVICE970
971,SERVICE971
972,SERVICE972
973,SERVICE973
974,SERVICE974
975,SERVICE975
976,SERVICE976
977,SERVICE977
978,SERVICE978
979,SERVICE979
980,SERVICE980
981,SERVICE981
982,SERVICE982
983,SERVICE983
984,SERVICE984
985,SERVICE985
1,SERVICE1
2,SERVICE2
3,SERVICE3
4,SERVICE4
5,SERVICE5
6,SERVICE6
7,SERVICE7
8,SERVICE8
9,SERVICE9
10,SERVICE10
11,SERVICE11
12,SERVICE12
13,SERVICE13
14,SERVICE14
15,SERVICE15
16,SERVICE16
17,SERVICE17
18,SERVICE18
19,SERVICE19
20,SERVICE20
21,SERVICE21
22,SERVICE22
23,SERVICE23
24,SERVICE24
25,SERVICE25
26,SERVICE26
27,SERVICE27
28,SERVICE28
29,SERVICE29
30,SERVICE30
31,SERVICE31
32,SERVICE32
33,SERVICE33
34,SERVICE34
35,SERVICE35
36,SERVICE36
37,SERVICE37
38,SERVICE38
39,SERVICE39
40,SERVICE40
41,SERVICE41
42,SERVICE42
43,SERVICE43
44,SERVICE44
45,SERVICE45
46,SERVICE46
47,SERVICE47
48,SERVICE48
49,SERVICE49
50,SERVICE50
51,SERVICE51
52,SERVICE52
53,SERVICE53
54,SERVICE54
55,SERVICE55
56,SERVICE56
57,SERVICE57
58,SERVICE58
59,SERVICE59
60,SERVICE60
61,SERVICE61
62,SERVICE62
63,SERVICE63
64,SERVICE64
65,SERVICE65
66,SERVICE66
67,SERVICE67
68,SERVICE68
69,SERVICE69
70,SERVICE70
71,SERVICE71
72,SERVICE72
73,SERVICE73
74,SERVICE74
75,SERVICE75
76,SERVICE76
77,SERVICE77
78,SERVICE78
79,SERVICE79
80,SERVICE80
81,SERVICE81
82,SERVICE82
83,SERVICE83
84,SERVICE84
85,SERVICE85
86,SERVICE86
87,SERVICE87
88,SERVICE88
89,SERVICE89
90,SERVICE90
91,SERVICE91
92,SERVICE92
93,SERVICE93
94,SERVICE94
95,SERVICE95
96,SERVICE96
97,SERVICE97
98,SERVICE98
99,SERVICE99
100,SERVICE100
101,SERVICE101
102,SERVICE102
103,SERVICE103
104,SERVICE104
105,SERVICE105
106,SERVICE106
107,SERVICE107
108,SERVICE108
109,SERVICE109
110,SERVICE110
111,SERVICE111
112,SERVICE112
113,SERVICE113
114,SERVICE114
115,SERVICE115
116,SERVICE116
117,SERVICE117
118,SERVICE118
119,SERVICE119
120,SERVICE120
121,SERVICE121
122,SERVICE122
123,SERVICE123
124,SERVICE124
125,SERVICE125
126,SERVICE126
127,SERVICE127
128,SERVICE128
129,SERVICE129
130,SERVICE130
131,SERVICE131
132,SERVICE132
133,SERVICE133
134,SERVICE134
135,SERVICE135
136,SERVICE136
137,SERVICE137
138,SERVICE138
139,SERVICE139
140,SERVICE140
141,SERVICE141
142,SERVICE142
143,SERVICE143
144,SERVICE144
145,SERVICE145
146,SERVICE146
147,SERVICE147
148,SERVICE148
149,SERVICE149
150,SERVICE150
151,SERVICE151
152,SERVICE152
153,SERVICE153
154,SERVICE154
155,SERVICE155
156,SERVICE156
157,SERVICE157
158,SERVICE158
159,SERVICE159
160,SERVICE160
161,SERVICE161
162,SERVICE162
163,SERVICE163
164,SERVICE164
165,SERVICE165
166,SERVICE166
167,SERVICE167
168,SERVICE168
169,SERVICE169
170,SERVICE170
171,SERVICE171
172,SERVICE172
173,SERVICE173
174,SERVICE174
175,SERVICE175
176,SERVICE176
177,SERVICE177
178,SERVICE178
179,SERVICE179
180,SERVICE180
181,SERVICE181
182,SERVICE182
183,SERVICE183
184,SERVICE184
185,SERVICE185
186,SERVICE186
187,SERVICE187
188,SERVICE188
189,SERVICE189
190,SERVICE190
191,SERVICE191
192,SERVICE192
193,SERVICE193
194,SERVICE194
195,SERVICE195
196,SERVICE196
197,SERVICE197
198,SERVICE198
199,SERVICE199
200,SERVICE200
201,SERVICE201
202,SERVICE202
203,SERVICE203
204,SERVICE204
205,SERVICE205
206,SERVICE206
207,SERVICE207
208,SERVICE208
209,SERVICE209
210,SERVICE210
211,SERVICE211
212,SERVICE212
213,SERVICE213
214,SERVICE214
215,SERVICE215
216,SERVICE216
217,SERVICE217
218,SERVICE218
219,SERVICE219
220,SERVICE220
221,SERVICE221
222,SERVICE222
223,SERVICE223
224,SERVICE224
225,SERVICE225
226,SERVICE226
227,SERVICE227
228,SERVICE228
229,SERVICE229
230,SERVICE230
231,SERVICE231
232,SERVICE232
233,SERVICE233
234,SERVICE234
235,SERVICE235
236,SERVICE236
237,SERVICE237
238,SERVICE238
239,SERVICE239
240,SERVICE240
241,SERVICE241
242,SERVICE242
243,SERVICE243
244,SERVICE244
245,SERVICE245
246,SERVICE246
247,SERVICE247
248,SERVICE248
249,SERVICE249
250,SERVICE250
251,SERVICE251
252,SERVICE252
253,SERVICE253
254,SERVICE254
255,SERVICE255
256,SERVICE256
257,SERVICE257
258,SERVICE258
259,SERVICE259
260,SERVICE260
261,SERVICE261
262,SERVICE262
263,SERVICE263
264,SERVICE264
265,SERVICE265
266,SERVICE266
267,SERVICE267
268,SERVICE268
269,SERVICE269
270,SERVICE270
271,SERVICE271
272,SERVICE272
273,SERVICE273
274,SERVICE274
275,SERVICE275
276,SERVICE276
277,SERVICE277
278,SERVICE278
279,SERVICE279
280,SERVICE280
281,SERVICE281
282,SERVICE282
283,SERVICE283
284,SERVICE284
285,SERVICE285
286,SERVICE286
287,SERVICE287
288,SERVICE288
289,SERVICE289
290,SERVICE290
291,SERVICE291
292,SERVICE292
293,SERVICE293
294,SERVICE294
295,SERVICE295
296,SERVICE296
297,SERVICE297
298,SERVICE298
299,SERVICE299
300,SERVICE300
301,SERVICE301
302,SERVICE302
303,SERVICE303
304,SERVICE304
305,SERVICE305
306,SERVICE306
307,SERVICE307
308,SERVICE308
309,SERVICE309
310,SERVICE310
311,SERVICE311
312,SERVICE312
313,SERVICE313
314,SERVICE314
315,SERVICE315
316,SERVICE316
317,SERVICE317
318,SERVICE318
319,SERVICE319
320,SERVICE320
321,SERVICE321
322,SERVICE322
323,SERVICE323
324,SERVICE324
325,SERVICE325
326,SERVICE326
327,SERVICE327
328,SERVICE328
329,SERVICE329
330,SERVICE330
331,SERVICE331
332,SERVICE332
333,SERVICE333
334,SERVICE334
335,SERVICE335
336,SERVICE336
337,SERVICE337
338,SERVICE338
339,SERVICE339
340,SERVICE340
341,SERVICE341
342,SERVICE342
343,SERVICE343
344,SERVICE344
345,SERVICE345
346,SERVICE346
347,SERVICE347
348,SERVICE348
349,SERVICE349
350,SERVICE350
351,SERVICE351
352,SERVICE352
353,SERVICE353
354,SERVICE354
355,SERVICE355
356,SERVICE356
357,SERVICE357
358,SERVICE358
359,SERVICE359
360,SERVICE360
361,SERVICE361
362,SERVICE362
363,SERVICE363
364,SERVICE364
365,SERVICE365
366,SERVICE366
367,SERVICE367
368,SERVICE368
369,SERVICE369
370,SERVICE370
371,SERVICE371
372,SERVICE372
373,SERVICE373
374,SERVICE374
375,SERVICE375
376,SERVICE376
377,SERVICE377
378,SERVICE378
379,SERVICE379
380,SERVICE380
381,SERVICE381
382,SERVICE382
383,SERVICE383
384,SERVICE384
385,SERVICE385
386,SERVICE386
387,SERVICE387
388,SERVICE388
389,SERVICE389
390,SERVICE390
391,SERVICE391
392,SERVICE392
393,SERVICE393
394,SERVICE394
395,SERVICE395
396,SERVICE396
397,SERVICE397
398,SERVICE398
399,SERVICE399
400,SERVICE400
401,SERVICE401
402,SERVICE402
403,SERVICE403
404,SERVICE404
405,SERVICE405
406,SERVICE406
407,SERVICE407
408,SERVICE408
409,SERVICE409
410,SERVICE410
411,SERVICE411
412,SERVICE412
413,SERVICE413
414,SERVICE414
415,SERVICE415
416,SERVICE416
417,SERVICE417
418,SERVICE418
419,SERVICE419
420,SERVICE420
421,SERVICE421
422,SERVICE422
423,SERVICE423
424,SERVICE424
425,SERVICE425
426,SERVICE426
427,SERVICE427
428,SERVICE428
429,SERVICE429
430,SERVICE430
431,SERVICE431
432,SERVICE432
433,SERVICE433
434,SERVICE434
435,SERVICE435
436,SERVICE436
437,SERVICE437
438,SERVICE438
439,SERVICE439
440,SERVICE440
441,SERVICE441
442,SERVICE442
443,SERVICE443
444,SERVICE444
445,SERVICE445
446,SERVICE446
447,SERVICE447
448,SERVICE448
449,SERVICE449
450,SERVICE450
451,SERVICE451
452,SERVICE452
453,SERVICE453
454,SERVICE454
455,SERVICE455
456,SERVICE456
457,SERVICE457
458,SERVICE458
459,SERVICE459
460,SERVICE460
461,SERVICE461
462,SERVICE462
463,SERVICE463
464,SERVICE464
465,SERVICE465
466,SERVICE466
467,SERVICE467
468,SERVICE468
469,SERVICE469
470,SERVICE470
471,SERVICE471
472,SERVICE472
473,SERVICE473
474,SERVICE474
475,SERVICE475
476,SERVICE476
477,SERVICE477
478,SERVICE478
479,SERVICE479
480,SERVICE480
481,SERVICE481
482,SERVICE482
483,SERVICE483
484,SERVICE484
485,SERVICE485
486,SERVICE486
487,SERVICE487
488,SERVICE488
489,SERVICE489
490,SERVICE490
491,SERVICE491
492,SERVICE492
493,SERVICE493
494,SERVICE494
495,SERVICE495
496,SERVICE496
497,SERVICE497
498,SERVICE498
499,SERVICE499
500,SERVICE500
501,SERVICE501
502,SERVICE502
503,SERVICE503
504,SERVICE504
505,SERVICE505
506,SERVICE506
507,SERVICE507
508,SERVICE508
509,SERVICE509
510,SERVICE510
511,SERVICE511
512,SERVICE512
513,SERVICE513
514,SERVICE514
515,SERVICE515
516,SERVICE516
517,SERVICE517
518,SERVICE518
519,SERVICE519
520,SERVICE520
521,SERVICE521
522,SERVICE522
523,SERVICE523
524,SERVICE524
525,SERVICE525
526,SERVICE526
527,SERVICE527
528,SERVICE528
529,SERVICE529
530,SERVICE530
531,SERVICE531
532,SERVICE532
533,SERVICE533
534,SERVICE534
535,SERVICE535
536,SERVICE536
537,SERVICE537
538,SERVICE538
539,SERVICE539
540,SERVICE540
541,SERVICE541
542,SERVICE542
543,SERVICE543
544,SERVICE544
545,SERVICE545
546,SERVICE546
547,SERVICE547
548,SERVICE548
549,SERVICE549
550,SERVICE550
551,SERVICE551
552,SERVICE552
553,SERVICE553
554,SERVICE554
555,SERVICE555
556,SERVICE556
557,SERVICE557
558,SERVICE558
559,SERVICE559
560,SERVICE560
561,SERVICE561
562,SERVICE562
563,SERVICE563
564,SERVICE564
565,SERVICE565
566,SERVICE566
567,SERVICE567
568,SERVICE568
569,SERVICE569
570,SERVICE570
571,SERVICE571
572,SERVICE572
573,SERVICE573
574,SERVICE574
575,SERVICE575
576,SERVICE576
577,SERVICE577
578,SERVICE578
579,SERVICE579
580,SERVICE580
581,SERVICE581
582,SERVICE582
583,SERVICE583
584,SERVICE584
585,SERVICE585
586,SERVICE586
587,SERVICE587
588,SERVICE588
589,SERVICE589
590,SERVICE590
591,SERVICE591
592,SERVICE592
593,SERVICE593
986,SERVICE986
987,SERVICE987
988,SERVICE988
989,SERVICE989
990,SERVICE990
991,SERVICE991
992,SERVICE992
993,SERVICE993
994,SERVICE994
995,SERVICE995
996,SERVICE996
997,SERVICE997
998,SERVICE998
999,SERVICE999
