317,SEAT_NO317,SEAT_TYPE317,317,0,FLIGHT_NUM317
318,SEAT_NO318,SEAT_TYPE318,318,0,FLIGHT_NUM318
319,SEAT_NO319,SEAT_TYPE319,319,1,FLIGHT_NUM319
320,SEAT_NO320,SEAT_TYPE320,320,0,FLIGHT_NUM320
321,SEAT_NO321,SEAT_TYPE321,321,1,FLIGHT_NUM321
322,SEAT_NO322,SEAT_TYPE322,322,1,FLIGHT_NUM322
323,SEAT_NO323,SEAT_TYPE323,323,1,FLIGHT_NUM323
324,SEAT_NO324,SEAT_TYPE324,324,1,FLIGHT_NUM324
325,SEAT_NO325,SEAT_TYPE325,325,0,FLIGHT_NUM325
326,SEAT_NO326,SEAT_TYPE326,326,0,FLIGHT_NUM326
327,SEAT_NO327,SEAT_TYPE327,327,1,FLIGHT_NUM327
328,SEAT_NO328,SEAT_TYPE328,328,0,FLIGHT_NUM328
329,SEAT_NO329,SEAT_TYPE329,329,1,FLIGHT_NUM329
330,SEAT_NO330,SEAT_TYPE330,330,1,FLIGHT_NUM330
331,SEAT_NO331,SEAT_TYPE331,331,0,FLIGHT_NUM331
332,SEAT_NO332,SEAT_TYPE332,332,0,FLIGHT_NUM332
333,SEAT_NO333,SEAT_TYPE333,333,0,FLIGHT_NUM333
334,SEAT_NO334,SEAT_TYPE334,334,0,FLIGHT_NUM334
335,SEAT_NO335,SEAT_TYPE335,335,1,FLIGHT_NUM335
336,SEAT_NO336,SEAT_TYPE336,336,0,FLIGHT_NUM336
337,SEAT_NO337,SEAT_TYPE337,337,0,FLIGHT_NUM337
338,SEAT_NO338,SEAT_TYPE338,338,1,FLIGHT_NUM338
339,SEAT_NO339,SEAT_TYPE339,339,0,FLIGHT_NUM339
340,SEAT_NO340,SEAT_TYPE340,340,1,FLIGHT_NUM340
341,SEAT_NO341,SEAT_TYPE341,341,1,FLIGHT_NUM341
342,SEAT_NO342,SEAT_TYPE342,342,0,FLIGHT_NUM342
343,SEAT_NO343,SEAT_TYPE343,343,1,FLIGHT_NUM343
344,SEAT_NO344,SEAT_TYPE344,344,1,FLIGHT_NUM344
345,SEAT_NO345,SEAT_TYPE345,345,1,FLIGHT_NUM345
346,SEAT_NO346,SEAT_TYPE346,346,1,FLIGHT_NUM346
347,SEAT_NO347,SEAT_TYPE347,347,1,FLIGHT_NUM347
348,SEAT_NO348,SEAT_TYPE348,348,0,FLIGHT_NUM348
349,SEAT_NO349,SEAT_TYPE349,349,1,FLIGHT_NUM349
350,SEAT_NO350,SEAT_TYPE350,350,1,FLIGHT_NUM350
351,SEAT_NO351,SEAT_TYPE351,351,1,FLIGHT_NUM351
352,SEAT_NO352,SEAT_TYPE352,352,1,FLIGHT_NUM352
353,SEAT_NO353,SEAT_TYPE353,353,1,FLIGHT_NUM353
354,SEAT_NO354,SEAT_TYPE354,354,0,FLIGHT_NUM354
355,SEAT_NO355,SEAT_TYPE355,355,0,FLIGHT_NUM355
356,SEAT_NO356,SEAT_TYPE356,356,0,FLIGHT_NUM356
357,SEAT_NO357,SEAT_TYPE357,357,0,FLIGHT_NUM357
358,SEAT_NO358,SEAT_TYPE358,358,0,FLIGHT_NUM358
359,SEAT_NO359,SEAT_TYPE359,359,0,FLIGHT_NUM359
360,SEAT_NO360,SEAT_TYPE360,360,0,FLIGHT_NUM360
361,SEAT_NO361,SEAT_TYPE361,361,1,FLIGHT_NUM361
362,SEAT_NO362,SEAT_TYPE362,362,1,FLIGHT_NUM362
363,SEAT_NO363,SEAT_TYPE363,363,0,FLIGHT_NUM363
364,SEAT_NO364,SEAT_TYPE364,364,0,FLIGHT_NUM364
365,SEAT_NO365,SEAT_TYPE365,365,0,FLIGHT_NUM365
366,SEAT_NO366,SEAT_TYPE366,366,1,FLIGHT_NUM366
367,SEAT_NO367,SEAT_TYPE367,367,1,FLIGHT_NUM367
368,SEAT_NO368,SEAT_TYPE368,368,0,FLIGHT_NUM368
369,SEAT_NO369,SEAT_TYPE369,369,0,FLIGHT_NUM369
370,SEAT_NO370,SEAT_TYPE370,370,1,FLIGHT_NUM370
371,SEAT_NO371,SEAT_TYPE371,371,0,FLIGHT_NUM371
372,SEAT_NO372,SEAT_TYPE372,372,0,FLIGHT_NUM372
373,SEAT_NO373,SEAT_TYPE373,373,1,FLIGHT_NUM373
374,SEAT_NO374,SEAT_TYPE374,374,0,FLIGHT_NUM374
375,SEAT_NO375,SEAT_TYPE375,375,0,FLIGHT_NUM375
376,SEAT_NO376,SEAT_TYPE376,376,0,FLIGHT_NUM376
377,SEAT_NO377,SEAT_TYPE377,377,0,FLIGHT_NUM377
378,SEAT_NO378,SEAT_TYPE378,378,1,FLIGHT_NUM378
379,SEAT_NO379,SEAT_TYPE379,379,0,FLIGHT_NUM379
380,SEAT_NO380,SEAT_TYPE380,380,1,FLIGHT_NUM380
381,SEAT_NO381,SEAT_TYPE381,381,1,FLIGHT_NUM381
382,SEAT_NO382,SEAT_TYPE382,382,1,FLIGHT_NUM382
383,SEAT_NO383,SEAT_TYPE383,383,0,FLIGHT_NUM383
384,SEAT_NO384,SEAT_TYPE384,384,1,FLIGHT_NUM384
385,SEAT_NO385,SEAT_TYPE385,385,1,FLIGHT_NUM385
386,SEAT_NO386,SEAT_TYPE386,386,0,FLIGHT_NUM386
387,SEAT_NO387,SEAT_TYPE387,387,1,FLIGHT_NUM387
388,SEAT_NO388,SEAT_TYPE388,388,0,FLIGHT_NUM388
389,SEAT_NO389,SEAT_TYPE389,389,1,FLIGHT_NUM389
390,SEAT_NO390,SEAT_TYPE390,390,1,FLIGHT_NUM390
391,SEAT_NO391,SEAT_TYPE391,391,0,FLIGHT_NUM391
392,SEAT_NO392,SEAT_TYPE392,392,0,FLIGHT_NUM392
393,SEAT_NO393,SEAT_TYPE393,393,0,FLIGHT_NUM393
394,SEAT_NO394,SEAT_TYPE394,394,0,FLIGHT_NUM394
395,SEAT_NO395,SEAT_TYPE395,395,0,FLIGHT_NUM395
396,SEAT_NO396,SEAT_TYPE396,396,0,FLIGHT_NUM396
397,SEAT_NO397,SEAT_TYPE397,397,0,FLIGHT_NUM397
398,SEAT_NO398,SEAT_TYPE398,398,1,FLIGHT_NUM398
399,SEAT_NO399,SEAT_TYPE399,399,1,FLIGHT_NUM399
400,SEAT_NO400,SEAT_TYPE400,400,1,FLIGHT_NUM400
401,SEAT_NO401,SEAT_TYPE401,401,0,FLIGHT_NUM401
402,SEAT_NO402,SEAT_TYPE402,402,0,FLIGHT_NUM402
403,SEAT_NO403,SEAT_TYPE403,403,0,FLIGHT_NUM403
404,SEAT_NO404,SEAT_TYPE404,404,0,FLIGHT_NUM404
405,SEAT_NO405,SEAT_TYPE405,405,1,FLIGHT_NUM405
406,SEAT_NO406,SEAT_TYPE406,406,0,FLIGHT_NUM406
407,SEAT_NO407,SEAT_TYPE407,407,1,FLIGHT_NUM407
408,SEAT_NO408,SEAT_TYPE408,408,0,FLIGHT_NUM408
409,SEAT_NO409,SEAT_TYPE409,409,1,FLIGHT_NUM409
410,SEAT_NO410,SEAT_TYPE410,410,0,FLIGHT_NUM410
411,SEAT_NO411,SEAT_TYPE411,411,0,FLIGHT_NUM411
412,SEAT_NO412,SEAT_TYPE412,412,0,FLIGHT_NUM412
413,SEAT_NO413,SEAT_TYPE413,413,0,FLIGHT_NUM413
414,SEAT_NO414,SEAT_TYPE414,414,0,FLIGHT_NUM414
415,SEAT_NO415,SEAT_TYPE415,415,0,FLIGHT_NUM415
416,SEAT_NO416,SEAT_TYPE416,416,0,FLIGHT_NUM416
417,SEAT_NO417,SEAT_TYPE417,417,0,FLIGHT_NUM417
418,SEAT_NO418,SEAT_TYPE418,418,0,FLIGHT_NUM418
419,SEAT_NO419,SEAT_TYPE419,419,0,FLIGHT_NUM419
420,SEAT_NO420,SEAT_TYPE420,420,0,FLIGHT_NUM420
421,SEAT_NO421,SEAT_TYPE421,421,1,FLIGHT_NUM421
422,SEAT_NO422,SEAT_TYPE422,422,1,FLIGHT_NUM422
423,SEAT_NO423,SEAT_TYPE423,423,1,FLIGHT_NUM423
424,SEAT_NO424,SEAT_TYPE424,424,1,FLIGHT_NUM424
425,SEAT_NO425,SEAT_TYPE425,425,0,FLIGHT_NUM425
426,SEAT_NO426,SEAT_TYPE426,426,0,FLIGHT_NUM426
427,SEAT_NO427,SEAT_TYPE427,427,0,FLIGHT_NUM427
428,SEAT_NO428,SEAT_TYPE428,428,0,FLIGHT_NUM428
429,SEAT_NO429,SEAT_TYPE429,429,1,FLIGHT_NUM429
430,SEAT_NO430,SEAT_TYPE430,430,0,FLIGHT_NUM430
431,SEAT_NO431,SEAT_TYPE431,431,0,FLIGHT_NUM431
432,SEAT_NO432,SEAT_TYPE432,432,0,FLIGHT_NUM432
433,SEAT_NO433,SEAT_TYPE433,433,0,FLIGHT_NUM433
434,SEAT_NO434,SEAT_TYPE434,434,0,FLIGHT_NUM434
435,SEAT_NO435,SEAT_TYPE435,435,1,FLIGHT_NUM435
436,SEAT_NO436,SEAT_TYPE436,436,1,FLIGHT_NUM436
437,SEAT_NO437,SEAT_TYPE437,437,1,FLIGHT_NUM437
438,SEAT_NO438,SEAT_TYPE438,438,1,FLIGHT_NUM438
439,SEAT_NO439,SEAT_TYPE439,439,1,FLIGHT_NUM439
440,SEAT_NO440,SEAT_TYPE440,440,1,FLIGHT_NUM440
441,SEAT_NO441,SEAT_TYPE441,441,0,FLIGHT_NUM441
442,SEAT_NO442,SEAT_TYPE442,442,1,FLIGHT_NUM442
443,SEAT_NO443,SEAT_TYPE443,443,0,FLIGHT_NUM443
444,SEAT_NO444,SEAT_TYPE444,444,0,FLIGHT_NUM444
445,SEAT_NO445,SEAT_TYPE445,445,1,FLIGHT_NUM445
446,SEAT_NO446,SEAT_TYPE446,446,1,FLIGHT_NUM446
447,SEAT_NO447,SEAT_TYPE447,447,1,FLIGHT_NUM447
448,SEAT_NO448,SEAT_TYPE448,448,1,FLIGHT_NUM448
449,SEAT_NO449,SEAT_TYPE449,449,0,FLIGHT_NUM449
450,SEAT_NO450,SEAT_TYPE450,450,1,FLIGHT_NUM450
451,SEAT_NO451,SEAT_TYPE451,451,1,FLIGHT_NUM451
452,SEAT_NO452,SEAT_TYPE452,452,0,FLIGHT_NUM452
453,SEAT_NO453,SEAT_TYPE453,453,1,FLIGHT_NUM453
454,SEAT_NO454,SEAT_TYPE454,454,0,FLIGHT_NUM454
455,SEAT_NO455,SEAT_TYPE455,455,1,FLIGHT_NUM455
456,SEAT_NO456,SEAT_TYPE456,456,0,FLIGHT_NUM456
457,SEAT_NO457,SEAT_TYPE457,457,0,FLIGHT_NUM457
458,SEAT_NO458,SEAT_TYPE458,458,1,FLIGHT_NUM458
459,SEAT_NO459,SEAT_TYPE459,459,1,FLIGHT_NUM459
460,SEAT_NO460,SEAT_TYPE460,460,1,FLIGHT_NUM460
461,SEAT_NO461,SEAT_TYPE461,461,0,FLIGHT_NUM461
462,SEAT_NO462,SEAT_TYPE462,462,1,FLIGHT_NUM462
463,SEAT_NO463,SEAT_TYPE463,463,0,FLIGHT_NUM463
464,SEAT_NO464,SEAT_TYPE464,464,1,FLIGHT_NUM464
465,SEAT_NO465,SEAT_TYPE465,465,1,FLIGHT_NUM465
466,SEAT_NO466,SEAT_TYPE466,466,0,FLIGHT_NUM466
467,SEAT_NO467,SEAT_TYPE467,467,1,FLIGHT_NUM467
468,SEAT_NO468,SEAT_TYPE468,468,1,FLIGHT_NUM468
469,SEAT_NO469,SEAT_TYPE469,469,1,FLIGHT_NUM469
470,SEAT_NO470,SEAT_TYPE470,470,0,FLIGHT_NUM470
471,SEAT_NO471,SEAT_TYPE471,471,1,FLIGHT_NUM471
472,SEAT_NO472,SEAT_TYPE472,472,0,FLIGHT_NUM472
473,SEAT_NO473,SEAT_TYPE473,473,0,FLIGHT_NUM473
474,SEAT_NO474,SEAT_TYPE474,474,0,FLIGHT_NUM474
475,SEAT_NO475,SEAT_TYPE475,475,1,FLIGHT_NUM475
476,SEAT_NO476,SEAT_TYPE476,476,1,FLIGHT_NUM476
477,SEAT_NO477,SEAT_TYPE477,477,0,FLIGHT_NUM477
478,SEAT_NO478,SEAT_TYPE478,478,1,FLIGHT_NUM478
479,SEAT_NO479,SEAT_TYPE479,479,0,FLIGHT_NUM479
480,SEAT_NO480,SEAT_TYPE480,480,1,FLIGHT_NUM480
481,SEAT_NO481,SEAT_TYPE481,481,0,FLIGHT_NUM481
482,SEAT_NO482,SEAT_TYPE482,482,1,FLIGHT_NUM482
483,SEAT_NO483,SEAT_TYPE483,483,1,FLIGHT_NUM483
484,SEAT_NO484,SEAT_TYPE484,484,0,FLIGHT_NUM484
485,SEAT_NO485,SEAT_TYPE485,485,0,FLIGHT_NUM485
486,SEAT_NO486,SEAT_TYPE486,486,0,FLIGHT_NUM486
487,SEAT_NO487,SEAT_TYPE487,487,1,FLIGHT_NUM487
488,SEAT_NO488,SEAT_TYPE488,488,0,FLIGHT_NUM488
489,SEAT_NO489,SEAT_TYPE489,489,0,FLIGHT_NUM489
490,SEAT_NO490,SEAT_TYPE490,490,0,FLIGHT_NUM490
491,SEAT_NO491,SEAT_TYPE491,491,0,FLIGHT_NUM491
492,SEAT_NO492,SEAT_TYPE492,492,0,FLIGHT_NUM492
493,SEAT_NO493,SEAT_TYPE493,493,0,FLIGHT_NUM493
494,SEAT_NO494,SEAT_TYPE494,494,1,FLIGHT_NUM494
495,SEAT_NO495,SEAT_TYPE495,495,1,FLIGHT_NUM495
496,SEAT_NO496,SEAT_TYPE496,496,1,FLIGHT_NUM496
497,SEAT_NO497,SEAT_TYPE497,497,0,FLIGHT_NUM497
498,SEAT_NO498,SEAT_TYPE498,498,1,FLIGHT_NUM498
499,SEAT_NO499,SEAT_TYPE499,499,0,FLIGHT_NUM499
500,SEAT_NO500,SEAT_TYPE500,500,0,FLIGHT_NUM500
501,SEAT_NO501,SEAT_TYPE501,501,1,FLIGHT_NUM501
502,SEAT_NO502,SEAT_TYPE502,502,0,FLIGHT_NUM502
503,SEAT_NO503,SEAT_TYPE503,503,0,FLIGHT_NUM503
504,SEAT_NO504,SEAT_TYPE504,504,0,FLIGHT_NUM504
505,SEAT_NO505,SEAT_TYPE505,505,1,FLIGHT_NUM505
506,SEAT_NO506,SEAT_TYPE506,506,0,FLIGHT_NUM506
507,SEAT_NO507,SEAT_TYPE507,507,0,FLIGHT_NUM507
508,SEAT_NO508,SEAT_TYPE508,508,0,FLIGHT_NUM508
509,SEAT_NO509,SEAT_TYPE509,509,1,FLIGHT_NUM509
510,SEAT_NO510,SEAT_TYPE510,510,0,FLIGHT_NUM510
511,SEAT_NO511,SEAT_TYPE511,511,1,FLIGHT_NUM511
512,SEAT_NO512,SEAT_TYPE512,512,1,FLIGHT_NUM512
513,SEAT_NO513,SEAT_TYPE513,513,1,FLIGHT_NUM513
514,SEAT_NO514,SEAT_TYPE514,514,0,FLIGHT_NUM514
515,SEAT_NO515,SEAT_TYPE515,515,0,FLIGHT_NUM515
516,SEAT_NO516,SEAT_TYPE516,516,0,FLIGHT_NUM516
517,SEAT_NO517,SEAT_TYPE517,517,0,FLIGHT_NUM517
518,SEAT_NO518,SEAT_TYPE518,518,0,FLIGHT_NUM518
519,SEAT_NO519,SEAT_TYPE519,519,1,FLIGHT_NUM519
520,SEAT_NO520,SEAT_TYPE520,520,0,FLIGHT_NUM520
521,SEAT_NO521,SEAT_TYPE521,521,0,FLIGHT_NUM521
522,SEAT_NO522,SEAT_TYPE522,522,0,FLIGHT_NUM522
1,SEAT_NO1,SEAT_TYPE1,1,1,FLIGHT_NUM1
2,SEAT_NO2,SEAT_TYPE2,2,0,FLIGHT_NUM2
3,SEAT_NO3,SEAT_TYPE3,3,0,FLIGHT_NUM3
4,SEAT_NO4,SEAT_TYPE4,4,0,FLIGHT_NUM4
5,SEAT_NO5,SEAT_TYPE5,5,1,FLIGHT_NUM5
6,SEAT_NO6,SEAT_TYPE6,6,1,FLIGHT_NUM6
7,SEAT_NO7,SEAT_TYPE7,7,1,FLIGHT_NUM7
8,SEAT_NO8,SEAT_TYPE8,8,0,FLIGHT_NUM8
9,SEAT_NO9,SEAT_TYPE9,9,0,FLIGHT_NUM9
10,SEAT_NO10,SEAT_TYPE10,10,0,FLIGHT_NUM10
11,SEAT_NO11,SEAT_TYPE11,11,0,FLIGHT_NUM11
12,SEAT_NO12,SEAT_TYPE12,12,1,FLIGHT_NUM12
13,SEAT_NO13,SEAT_TYPE13,13,0,FLIGHT_NUM13
14,SEAT_NO14,SEAT_TYPE14,14,1,FLIGHT_NUM14
15,SEAT_NO15,SEAT_TYPE15,15,1,FLIGHT_NUM15
16,SEAT_NO16,SEAT_TYPE16,16,1,FLIGHT_NUM16
17,SEAT_NO17,SEAT_TYPE17,17,0,FLIGHT_NUM17
18,SEAT_NO18,SEAT_TYPE18,18,0,FLIGHT_NUM18
19,SEAT_NO19,SEAT_TYPE19,19,1,FLIGHT_NUM19
20,SEAT_NO20,SEAT_TYPE20,20,1,FLIGHT_NUM20
21,SEAT_NO21,SEAT_TYPE21,21,1,FLIGHT_NUM21
22,SEAT_NO22,SEAT_TYPE22,22,0,FLIGHT_NUM22
23,SEAT_NO23,SEAT_TYPE23,23,0,FLIGHT_NUM23
24,SEAT_NO24,SEAT_TYPE24,24,0,FLIGHT_NUM24
25,SEAT_NO25,SEAT_TYPE25,25,1,FLIGHT_NUM25
26,SEAT_NO26,SEAT_TYPE26,26,1,FLIGHT_NUM26
27,SEAT_NO27,SEAT_TYPE27,27,0,FLIGHT_NUM27
28,SEAT_NO28,SEAT_TYPE28,28,1,FLIGHT_NUM28
29,SEAT_NO29,SEAT_TYPE29,29,1,FLIGHT_NUM29
30,SEAT_NO30,SEAT_TYPE30,30,0,FLIGHT_NUM30
31,SEAT_NO31,SEAT_TYPE31,31,0,FLIGHT_NUM31
32,SEAT_NO32,SEAT_TYPE32,32,1,FLIGHT_NUM32
33,SEAT_NO33,SEAT_TYPE33,33,0,FLIGHT_NUM33
34,SEAT_NO34,SEAT_TYPE34,34,0,FLIGHT_NUM34
35,SEAT_NO35,SEAT_TYPE35,35,1,FLIGHT_NUM35
36,SEAT_NO36,SEAT_TYPE36,36,1,FLIGHT_NUM36
37,SEAT_NO37,SEAT_TYPE37,37,0,FLIGHT_NUM37
38,SEAT_NO38,SEAT_TYPE38,38,1,FLIGHT_NUM38
39,SEAT_NO39,SEAT_TYPE39,39,1,FLIGHT_NUM39
40,SEAT_NO40,SEAT_TYPE40,40,0,FLIGHT_NUM40
41,SEAT_NO41,SEAT_TYPE41,41,0,FLIGHT_NUM41
42,SEAT_NO42,SEAT_TYPE42,42,1,FLIGHT_NUM42
43,SEAT_NO43,SEAT_TYPE43,43,0,FLIGHT_NUM43
44,SEAT_NO44,SEAT_TYPE44,44,1,FLIGHT_NUM44
45,SEAT_NO45,SEAT_TYPE45,45,1,FLIGHT_NUM45
46,SEAT_NO46,SEAT_TYPE46,46,1,FLIGHT_NUM46
47,SEAT_NO47,SEAT_TYPE47,47,0,FLIGHT_NUM47
48,SEAT_NO48,SEAT_TYPE48,48,0,FLIGHT_NUM48
49,SEAT_NO49,SEAT_TYPE49,49,0,FLIGHT_NUM49
50,SEAT_NO50,SEAT_TYPE50,50,0,FLIGHT_NUM50
51,SEAT_NO51,SEAT_TYPE51,51,0,FLIGHT_NUM51
52,SEAT_NO52,SEAT_TYPE52,52,1,FLIGHT_NUM52
53,SEAT_NO53,SEAT_TYPE53,53,0,FLIGHT_NUM53
54,SEAT_NO54,SEAT_TYPE54,54,0,FLIGHT_NUM54
55,SEAT_NO55,SEAT_TYPE55,55,0,FLIGHT_NUM55
56,SEAT_NO56,SEAT_TYPE56,56,1,FLIGHT_NUM56
57,SEAT_NO57,SEAT_TYPE57,57,0,FLIGHT_NUM57
58,SEAT_NO58,SEAT_TYPE58,58,1,FLIGHT_NUM58
59,SEAT_NO59,SEAT_TYPE59,59,1,FLIGHT_NUM59
60,SEAT_NO60,SEAT_TYPE60,60,0,FLIGHT_NUM60
61,SEAT_NO61,SEAT_TYPE61,61,1,FLIGHT_NUM61
62,SEAT_NO62,SEAT_TYPE62,62,0,FLIGHT_NUM62
63,SEAT_NO63,SEAT_TYPE63,63,1,FLIGHT_NUM63
64,SEAT_NO64,SEAT_TYPE64,64,1,FLIGHT_NUM64
65,SEAT_NO65,SEAT_TYPE65,65,0,FLIGHT_NUM65
66,SEAT_NO66,SEAT_TYPE66,66,0,FLIGHT_NUM66
67,SEAT_NO67,SEAT_TYPE67,67,1,FLIGHT_NUM67
68,SEAT_NO68,SEAT_TYPE68,68,0,FLIGHT_NUM68
69,SEAT_NO69,SEAT_TYPE69,69,1,FLIGHT_NUM69
70,SEAT_NO70,SEAT_TYPE70,70,1,FLIGHT_NUM70
71,SEAT_NO71,SEAT_TYPE71,71,0,FLIGHT_NUM71
72,SEAT_NO72,SEAT_TYPE72,72,0,FLIGHT_NUM72
73,SEAT_NO73,SEAT_TYPE73,73,0,FLIGHT_NUM73
74,SEAT_NO74,SEAT_TYPE74,74,1,FLIGHT_NUM74
75,SEAT_NO75,SEAT_TYPE75,75,0,FLIGHT_NUM75
76,SEAT_NO76,SEAT_TYPE76,76,1,FLIGHT_NUM76
77,SEAT_NO77,SEAT_TYPE77,77,0,FLIGHT_NUM77
78,SEAT_NO78,SEAT_TYPE78,78,0,FLIGHT_NUM78
79,SEAT_NO79,SEAT_TYPE79,79,0,FLIGHT_NUM79
80,SEAT_NO80,SEAT_TYPE80,80,1,FLIGHT_NUM80
81,SEAT_NO81,SEAT_TYPE81,81,1,FLIGHT_NUM81
82,SEAT_NO82,SEAT_TYPE82,82,0,FLIGHT_NUM82
83,SEAT_NO83,SEAT_TYPE83,83,0,FLIGHT_NUM83
84,SEAT_NO84,SEAT_TYPE84,84,0,FLIGHT_NUM84
85,SEAT_NO85,SEAT_TYPE85,85,1,FLIGHT_NUM85
86,SEAT_NO86,SEAT_TYPE86,86,0,FLIGHT_NUM86
87,SEAT_NO87,SEAT_TYPE87,87,0,FLIGHT_NUM87
88,SEAT_NO88,SEAT_TYPE88,88,0,FLIGHT_NUM88
89,SEAT_NO89,SEAT_TYPE89,89,0,FLIGHT_NUM89
90,SEAT_NO90,SEAT_TYPE90,90,0,FLIGHT_NUM90
91,SEAT_NO91,SEAT_TYPE91,91,1,FLIGHT_NUM91
92,SEAT_NO92,SEAT_TYPE92,92,0,FLIGHT_NUM92
93,SEAT_NO93,SEAT_TYPE93,93,1,FLIGHT_NUM93
94,SEAT_NO94,SEAT_TYPE94,94,1,FLIGHT_NUM94
95,SEAT_NO95,SEAT_TYPE95,95,0,FLIGHT_NUM95
96,SEAT_NO96,SEAT_TYPE96,96,1,FLIGHT_NUM96
97,SEAT_NO97,SEAT_TYPE97,97,1,FLIGHT_NUM97
98,SEAT_NO98,SEAT_TYPE98,98,1,FLIGHT_NUM98
99,SEAT_NO99,SEAT_TYPE99,99,0,FLIGHT_NUM99
100,SEAT_NO100,SEAT_TYPE100,100,0,FLIGHT_NUM100
101,SEAT_NO101,SEAT_TYPE101,101,1,FLIGHT_NUM101
102,SEAT_NO102,SEAT_TYPE102,102,0,FLIGHT_NUM102
103,SEAT_NO103,SEAT_TYPE103,103,1,FLIGHT_NUM103
104,SEAT_NO104,SEAT_TYPE104,104,1,FLIGHT_NUM104
105,SEAT_NO105,SEAT_TYPE105,105,1,FLIGHT_NUM105
106,SEAT_NO106,SEAT_TYPE106,106,0,FLIGHT_NUM106
107,SEAT_NO107,SEAT_TYPE107,107,0,FLIGHT_NUM107
108,SEAT_NO108,SEAT_TYPE108,108,0,FLIGHT_NUM108
109,SEAT_NO109,SEAT_TYPE109,109,0,FLIGHT_NUM109
110,SEAT_NO110,SEAT_TYPE110,110,0,FLIGHT_NUM110
111,SEAT_NO111,SEAT_TYPE111,111,1,FLIGHT_NUM111
112,SEAT_NO112,SEAT_TYPE112,112,0,FLIGHT_NUM112
113,SEAT_NO113,SEAT_TYPE113,113,0,FLIGHT_NUM113
114,SEAT_NO114,SEAT_TYPE114,114,0,FLIGHT_NUM114
115,SEAT_NO115,SEAT_TYPE115,115,0,FLIGHT_NUM115
116,SEAT_NO116,SEAT_TYPE116,116,0,FLIGHT_NUM116
117,SEAT_NO117,SEAT_TYPE117,117,0,FLIGHT_NUM117
118,SEAT_NO118,SEAT_TYPE118,118,1,FLIGHT_NUM118
119,SEAT_NO119,SEAT_TYPE119,119,1,FLIGHT_NUM119
120,SEAT_NO120,SEAT_TYPE120,120,0,FLIGHT_NUM120
121,SEAT_NO121,SEAT_TYPE121,121,1,FLIGHT_NUM121
122,SEAT_NO122,SEAT_TYPE122,122,0,FLIGHT_NUM122
123,SEAT_NO123,SEAT_TYPE123,123,1,FLIGHT_NUM123
124,SEAT_NO124,SEAT_TYPE124,124,1,FLIGHT_NUM124
125,SEAT_NO125,SEAT_TYPE125,125,0,FLIGHT_NUM125
126,SEAT_NO126,SEAT_TYPE126,126,1,FLIGHT_NUM126
127,SEAT_NO127,SEAT_TYPE127,127,1,FLIGHT_NUM127
128,SEAT_NO128,SEAT_TYPE128,128,0,FLIGHT_NUM128
129,SEAT_NO129,SEAT_TYPE129,129,0,FLIGHT_NUM129
130,SEAT_NO130,SEAT_TYPE130,130,1,FLIGHT_NUM130
131,SEAT_NO131,SEAT_TYPE131,131,0,FLIGHT_NUM131
132,SEAT_NO132,SEAT_TYPE132,132,1,FLIGHT_NUM132
133,SEAT_NO133,SEAT_TYPE133,133,0,FLIGHT_NUM133
134,SEAT_NO134,SEAT_TYPE134,134,1,FLIGHT_NUM134
135,SEAT_NO135,SEAT_TYPE135,135,0,FLIGHT_NUM135
136,SEAT_NO136,SEAT_TYPE136,136,1,FLIGHT_NUM136
137,SEAT_NO137,SEAT_TYPE137,137,1,FLIGHT_NUM137
138,SEAT_NO138,SEAT_TYPE138,138,0,FLIGHT_NUM138
139,SEAT_NO139,SEAT_TYPE139,139,0,FLIGHT_NUM139
140,SEAT_NO140,SEAT_TYPE140,140,0,FLIGHT_NUM140
141,SEAT_NO141,SEAT_TYPE141,141,1,FLIGHT_NUM141
142,SEAT_NO142,SEAT_TYPE142,142,1,FLIGHT_NUM142
143,SEAT_NO143,SEAT_TYPE143,143,0,FLIGHT_NUM143
144,SEAT_NO144,SEAT_TYPE144,144,0,FLIGHT_NUM144
145,SEAT_NO145,SEAT_TYPE145,145,1,FLIGHT_NUM145
146,SEAT_NO146,SEAT_TYPE146,146,1,FLIGHT_NUM146
147,SEAT_NO147,SEAT_TYPE147,147,0,FLIGHT_NUM147
148,SEAT_NO148,SEAT_TYPE148,148,1,FLIGHT_NUM148
149,SEAT_NO149,SEAT_TYPE149,149,0,FLIGHT_NUM149
150,SEAT_NO150,SEAT_TYPE150,150,1,FLIGHT_NUM150
151,SEAT_NO151,SEAT_TYPE151,151,1,FLIGHT_NUM151
152,SEAT_NO152,SEAT_TYPE152,152,0,FLIGHT_NUM152
153,SEAT_NO153,SEAT_TYPE153,153,0,FLIGHT_NUM153
154,SEAT_NO154,SEAT_TYPE154,154,1,FLIGHT_NUM154
155,SEAT_NO155,SEAT_TYPE155,155,0,FLIGHT_NUM155
156,SEAT_NO156,SEAT_TYPE156,156,1,FLIGHT_NUM156
157,SEAT_NO157,SEAT_TYPE157,157,1,FLIGHT_NUM157
158,SEAT_NO158,SEAT_TYPE158,158,1,FLIGHT_NUM158
159,SEAT_NO159,SEAT_TYPE159,159,1,FLIGHT_NUM159
160,SEAT_NO160,SEAT_TYPE160,160,0,FLIGHT_NUM160
161,SEAT_NO161,SEAT_TYPE161,161,1,FLIGHT_NUM161
162,SEAT_NO162,SEAT_TYPE162,162,1,FLIGHT_NUM162
163,SEAT_NO163,SEAT_TYPE163,163,0,FLIGHT_NUM163
164,SEAT_NO164,SEAT_TYPE164,164,0,FLIGHT_NUM164
165,SEAT_NO165,SEAT_TYPE165,165,1,FLIGHT_NUM165
166,SEAT_NO166,SEAT_TYPE166,166,0,FLIGHT_NUM166
167,SEAT_NO167,SEAT_TYPE167,167,1,FLIGHT_NUM167
168,SEAT_NO168,SEAT_TYPE168,168,1,FLIGHT_NUM168
169,SEAT_NO169,SEAT_TYPE169,169,0,FLIGHT_NUM169
170,SEAT_NO170,SEAT_TYPE170,170,1,FLIGHT_NUM170
171,SEAT_NO171,SEAT_TYPE171,171,1,FLIGHT_NUM171
172,SEAT_NO172,SEAT_TYPE172,172,1,FLIGHT_NUM172
173,SEAT_NO173,SEAT_TYPE173,173,1,FLIGHT_NUM173
174,SEAT_NO174,SEAT_TYPE174,174,0,FLIGHT_NUM174
175,SEAT_NO175,SEAT_TYPE175,175,1,FLIGHT_NUM175
176,SEAT_NO176,SEAT_TYPE176,176,1,FLIGHT_NUM176
177,SEAT_NO177,SEAT_TYPE177,177,0,FLIGHT_NUM177
178,SEAT_NO178,SEAT_TYPE178,178,1,FLIGHT_NUM178
179,SEAT_NO179,SEAT_TYPE179,179,1,FLIGHT_NUM179
180,SEAT_NO180,SEAT_TYPE180,180,0,FLIGHT_NUM180
181,SEAT_NO181,SEAT_TYPE181,181,0,FLIGHT_NUM181
182,SEAT_NO182,SEAT_TYPE182,182,0,FLIGHT_NUM182
183,SEAT_NO183,SEAT_TYPE183,183,0,FLIGHT_NUM183
184,SEAT_NO184,SEAT_TYPE184,184,1,FLIGHT_NUM184
185,SEAT_NO185,SEAT_TYPE185,185,1,FLIGHT_NUM185
186,SEAT_NO186,SEAT_TYPE186,186,1,FLIGHT_NUM186
187,SEAT_NO187,SEAT_TYPE187,187,0,FLIGHT_NUM187
188,SEAT_NO188,SEAT_TYPE188,188,0,FLIGHT_NUM188
189,SEAT_NO189,SEAT_TYPE189,189,1,FLIGHT_NUM189
190,SEAT_NO190,SEAT_TYPE190,190,1,FLIGHT_NUM190
191,SEAT_NO191,SEAT_TYPE191,191,1,FLIGHT_NUM191
192,SEAT_NO192,SEAT_TYPE192,192,1,FLIGHT_NUM192
193,SEAT_NO193,SEAT_TYPE193,193,0,FLIGHT_NUM193
194,SEAT_NO194,SEAT_TYPE194,194,1,FLIGHT_NUM194
195,SEAT_NO195,SEAT_TYPE195,195,0,FLIGHT_NUM195
196,SEAT_NO196,SEAT_TYPE196,196,1,FLIGHT_NUM196
197,SEAT_NO197,SEAT_TYPE197,197,1,FLIGHT_NUM197
198,SEAT_NO198,SEAT_TYPE198,198,0,FLIGHT_NUM198
199,SEAT_NO199,SEAT_TYPE199,199,1,FLIGHT_NUM199
200,SEAT_NO200,SEAT_TYPE200,200,0,FLIGHT_NUM200
201,SEAT_NO201,SEAT_TYPE201,201,0,FLIGHT_NUM201
202,SEAT_NO202,SEAT_TYPE202,202,0,FLIGHT_NUM202
203,SEAT_NO203,SEAT_TYPE203,203,1,FLIGHT_NUM203
204,SEAT_NO204,SEAT_TYPE204,204,1,FLIGHT_NUM204
205,SEAT_NO205,SEAT_TYPE205,205,0,FLIGHT_NUM205
206,SEAT_NO206,SEAT_TYPE206,206,0,FLIGHT_NUM206
207,SEAT_NO207,SEAT_TYPE207,207,1,FLIGHT_NUM207
208,SEAT_NO208,SEAT_TYPE208,208,1,FLIGHT_NUM208
209,SEAT_NO209,SEAT_TYPE209,209,0,FLIGHT_NUM209
210,SEAT_NO210,SEAT_TYPE210,210,0,FLIGHT_NUM210
211,SEAT_NO211,SEAT_TYPE211,211,0,FLIGHT_NUM211
212,SEAT_NO212,SEAT_TYPE212,212,1,FLIGHT_NUM212
213,SEAT_NO213,SEAT_TYPE213,213,0,FLIGHT_NUM213
214,SEAT_NO214,SEAT_TYPE214,214,0,FLIGHT_NUM214
215,SEAT_NO215,SEAT_TYPE215,215,0,FLIGHT_NUM215
216,SEAT_NO216,SEAT_TYPE216,216,0,FLIGHT_NUM216
217,SEAT_NO217,SEAT_TYPE217,217,0,FLIGHT_NUM217
218,SEAT_NO218,SEAT_TYPE218,218,1,FLIGHT_NUM218
219,SEAT_NO219,SEAT_TYPE219,219,0,FLIGHT_NUM219
220,SEAT_NO220,SEAT_TYPE220,220,1,FLIGHT_NUM220
221,SEAT_NO221,SEAT_TYPE221,221,1,FLIGHT_NUM221
222,SEAT_NO222,SEAT_TYPE222,222,1,FLIGHT_NUM222
223,SEAT_NO223,SEAT_TYPE223,223,0,FLIGHT_NUM223
224,SEAT_NO224,SEAT_TYPE224,224,0,FLIGHT_NUM224
225,SEAT_NO225,SEAT_TYPE225,225,0,FLIGHT_NUM225
226,SEAT_NO226,SEAT_TYPE226,226,1,FLIGHT_NUM226
227,SEAT_NO227,SEAT_TYPE227,227,0,FLIGHT_NUM227
228,SEAT_NO228,SEAT_TYPE228,228,0,FLIGHT_NUM228
229,SEAT_NO229,SEAT_TYPE229,229,0,FLIGHT_NUM229
230,SEAT_NO230,SEAT_TYPE230,230,0,FLIGHT_NUM230
231,SEAT_NO231,SEAT_TYPE231,231,0,FLIGHT_NUM231
232,SEAT_NO232,SEAT_TYPE232,232,0,FLIGHT_NUM232
233,SEAT_NO233,SEAT_TYPE233,233,0,FLIGHT_NUM233
234,SEAT_NO234,SEAT_TYPE234,234,0,FLIGHT_NUM234
235,SEAT_NO235,SEAT_TYPE235,235,0,FLIGHT_NUM235
236,SEAT_NO236,SEAT_TYPE236,236,0,FLIGHT_NUM236
237,SEAT_NO237,SEAT_TYPE237,237,0,FLIGHT_NUM237
238,SEAT_NO238,SEAT_TYPE238,238,0,FLIGHT_NUM238
239,SEAT_NO239,SEAT_TYPE239,239,1,FLIGHT_NUM239
240,SEAT_NO240,SEAT_TYPE240,240,1,FLIGHT_NUM240
241,SEAT_NO241,SEAT_TYPE241,241,0,FLIGHT_NUM241
242,SEAT_NO242,SEAT_TYPE242,242,1,FLIGHT_NUM242
243,SEAT_NO243,SEAT_TYPE243,243,1,FLIGHT_NUM243
244,SEAT_NO244,SEAT_TYPE244,244,1,FLIGHT_NUM244
245,SEAT_NO245,SEAT_TYPE245,245,1,FLIGHT_NUM245
246,SEAT_NO246,SEAT_TYPE246,246,0,FLIGHT_NUM246
247,SEAT_NO247,SEAT_TYPE247,247,1,FLIGHT_NUM247
248,SEAT_NO248,SEAT_TYPE248,248,1,FLIGHT_NUM248
249,SEAT_NO249,SEAT_TYPE249,249,1,FLIGHT_NUM249
250,SEAT_NO250,SEAT_TYPE250,250,0,FLIGHT_NUM250
251,SEAT_NO251,SEAT_TYPE251,251,1,FLIGHT_NUM251
252,SEAT_NO252,SEAT_TYPE252,252,0,FLIGHT_NUM252
253,SEAT_NO253,SEAT_TYPE253,253,0,FLIGHT_NUM253
254,SEAT_NO254,SEAT_TYPE254,254,0,FLIGHT_NUM254
255,SEAT_NO255,SEAT_TYPE255,255,1,FLIGHT_NUM255
256,SEAT_NO256,SEAT_TYPE256,256,0,FLIGHT_NUM256
257,SEAT_NO257,SEAT_TYPE257,257,0,FLIGHT_NUM257
258,SEAT_NO258,SEAT_TYPE258,258,1,FLIGHT_NUM258
259,SEAT_NO259,SEAT_TYPE259,259,1,FLIGHT_NUM259
260,SEAT_NO260,SEAT_TYPE260,260,0,FLIGHT_NUM260
261,SEAT_NO261,SEAT_TYPE261,261,0,FLIGHT_NUM261
262,SEAT_NO262,SEAT_TYPE262,262,1,FLIGHT_NUM262
263,SEAT_NO263,SEAT_TYPE263,263,1,FLIGHT_NUM263
264,SEAT_NO264,SEAT_TYPE264,264,1,FLIGHT_NUM264
265,SEAT_NO265,SEAT_TYPE265,265,1,FLIGHT_NUM265
266,SEAT_NO266,SEAT_TYPE266,266,1,FLIGHT_NUM266
267,SEAT_NO267,SEAT_TYPE267,267,1,FLIGHT_NUM267
268,SEAT_NO268,SEAT_TYPE268,268,0,FLIGHT_NUM268
269,SEAT_NO269,SEAT_TYPE269,269,0,FLIGHT_NUM269
270,SEAT_NO270,SEAT_TYPE270,270,0,FLIGHT_NUM270
271,SEAT_NO271,SEAT_TYPE271,271,0,FLIGHT_NUM271
272,SEAT_NO272,SEAT_TYPE272,272,0,FLIGHT_NUM272
273,SEAT_NO273,SEAT_TYPE273,273,0,FLIGHT_NUM273
274,SEAT_NO274,SEAT_TYPE274,274,1,FLIGHT_NUM274
275,SEAT_NO275,SEAT_TYPE275,275,1,FLIGHT_NUM275
276,SEAT_NO276,SEAT_TYPE276,276,1,FLIGHT_NUM276
277,SEAT_NO277,SEAT_TYPE277,277,1,FLIGHT_NUM277
278,SEAT_NO278,SEAT_TYPE278,278,0,FLIGHT_NUM278
279,SEAT_NO279,SEAT_TYPE279,279,1,FLIGHT_NUM279
280,SEAT_NO280,SEAT_TYPE280,280,1,FLIGHT_NUM280
281,SEAT_NO281,SEAT_TYPE281,281,1,FLIGHT_NUM281
282,SEAT_NO282,SEAT_TYPE282,282,1,FLIGHT_NUM282
283,SEAT_NO283,SEAT_TYPE283,283,1,FLIGHT_NUM283
284,SEAT_NO284,SEAT_TYPE284,284,1,FLIGHT_NUM284
285,SEAT_NO285,SEAT_TYPE285,285,1,FLIGHT_NUM285
286,SEAT_NO286,SEAT_TYPE286,286,1,FLIGHT_NUM286
287,SEAT_NO287,SEAT_TYPE287,287,1,FLIGHT_NUM287
288,SEAT_NO288,SEAT_TYPE288,288,1,FLIGHT_NUM288
289,SEAT_NO289,SEAT_TYPE289,289,0,FLIGHT_NUM289
290,SEAT_NO290,SEAT_TYPE290,290,1,FLIGHT_NUM290
291,SEAT_NO291,SEAT_TYPE291,291,1,FLIGHT_NUM291
292,SEAT_NO292,SEAT_TYPE292,292,1,FLIGHT_NUM292
293,SEAT_NO293,SEAT_TYPE293,293,0,FLIGHT_NUM293
294,SEAT_NO294,SEAT_TYPE294,294,1,FLIGHT_NUM294
295,SEAT_NO295,SEAT_TYPE295,295,0,FLIGHT_NUM295
296,SEAT_NO296,SEAT_TYPE296,296,0,FLIGHT_NUM296
297,SEAT_NO297,SEAT_TYPE297,297,0,FLIGHT_NUM297
298,SEAT_NO298,SEAT_TYPE298,298,0,FLIGHT_NUM298
299,SEAT_NO299,SEAT_TYPE299,299,1,FLIGHT_NUM299
300,SEAT_NO300,SEAT_TYPE300,300,0,FLIGHT_NUM300
301,SEAT_NO301,SEAT_TYPE301,301,1,FLIGHT_NUM301
302,SEAT_NO302,SEAT_TYPE302,302,0,FLIGHT_NUM302
303,SEAT_NO303,SEAT_TYPE303,303,1,FLIGHT_NUM303
304,SEAT_NO304,SEAT_TYPE304,304,0,FLIGHT_NUM304
305,SEAT_NO305,SEAT_TYPE305,305,0,FLIGHT_NUM305
306,SEAT_NO306,SEAT_TYPE306,306,1,FLIGHT_NUM306
307,SEAT_NO307,SEAT_TYPE307,307,1,FLIGHT_NUM307
308,SEAT_NO308,SEAT_TYPE308,308,1,FLIGHT_NUM308
309,SEAT_NO309,SEAT_TYPE309,309,1,FLIGHT_NUM309
310,SEAT_NO310,SEAT_TYPE310,310,1,FLIGHT_NUM310
311,SEAT_NO311,SEAT_TYPE311,311,1,FLIGHT_NUM311
312,SEAT_NO312,SEAT_TYPE312,312,0,FLIGHT_NUM312
313,SEAT_NO313,SEAT_TYPE313,313,1,FLIGHT_NUM313
314,SEAT_NO314,SEAT_TYPE314,314,0,FLIGHT_NUM314
315,SEAT_NO315,SEAT_TYPE315,315,0,FLIGHT_NUM315
316,SEAT_NO316,SEAT_TYPE316,316,0,FLIGHT_NUM316
523,SEAT_NO523,SEAT_TYPE523,523,0,FLIGHT_NUM523
524,SEAT_NO524,SEAT_TYPE524,524,0,FLIGHT_NUM524
525,SEAT_NO525,SEAT_TYPE525,525,0,FLIGHT_NUM525
526,SEAT_NO526,SEAT_TYPE526,526,1,FLIGHT_NUM526
527,SEAT_NO527,SEAT_TYPE527,527,1,FLIGHT_NUM527
528,SEAT_NO528,SEAT_TYPE528,528,1,FLIGHT_NUM528
529,SEAT_NO529,SEAT_TYPE529,529,0,FLIGHT_NUM529
530,SEAT_NO530,SEAT_TYPE530,530,1,FLIGHT_NUM530
531,SEAT_NO531,SEAT_TYPE531,531,0,FLIGHT_NUM531
532,SEAT_NO532,SEAT_TYPE532,532,0,FLIGHT_NUM532
533,SEAT_NO533,SEAT_TYPE533,533,1,FLIGHT_NUM533
534,SEAT_NO534,SEAT_TYPE534,534,0,FLIGHT_NUM534
535,SEAT_NO535,SEAT_TYPE535,535,0,FLIGHT_NUM535
536,SEAT_NO536,SEAT_TYPE536,536,0,FLIGHT_NUM536
537,SEAT_NO537,SEAT_TYPE537,537,1,FLIGHT_NUM537
538,SEAT_NO538,SEAT_TYPE538,538,0,FLIGHT_NUM538
539,SEAT_NO539,SEAT_TYPE539,539,1,FLIGHT_NUM539
540,SEAT_NO540,SEAT_TYPE540,540,0,FLIGHT_NUM540
541,SEAT_NO541,SEAT_TYPE541,541,0,FLIGHT_NUM541
542,SEAT_NO542,SEAT_TYPE542,542,0,FLIGHT_NUM542
543,SEAT_NO543,SEAT_TYPE543,543,0,FLIGHT_NUM543
544,SEAT_NO544,SEAT_TYPE544,544,0,FLIGHT_NUM544
545,SEAT_NO545,SEAT_TYPE545,545,1,FLIGHT_NUM545
546,SEAT_NO546,SEAT_TYPE546,546,0,FLIGHT_NUM546
547,SEAT_NO547,SEAT_TYPE547,547,0,FLIGHT_NUM547
548,SEAT_NO548,SEAT_TYPE548,548,1,FLIGHT_NUM548
549,SEAT_NO549,SEAT_TYPE549,549,1,FLIGHT_NUM549
550,SEAT_NO550,SEAT_TYPE550,550,1,FLIGHT_NUM550
551,SEAT_NO551,SEAT_TYPE551,551,0,FLIGHT_NUM551
552,SEAT_NO552,SEAT_TYPE552,552,0,FLIGHT_NUM552
553,SEAT_NO553,SEAT_TYPE553,553,0,FLIGHT_NUM553
554,SEAT_NO554,SEAT_TYPE554,554,1,FLIGHT_NUM554
555,SEAT_NO555,SEAT_TYPE555,555,0,FLIGHT_NUM555
556,SEAT_NO556,SEAT_TYPE556,556,1,FLIGHT_NUM556
557,SEAT_NO557,SEAT_TYPE557,557,1,FLIGHT_NUM557
558,SEAT_NO558,SEAT_TYPE558,558,1,FLIGHT_NUM558
559,SEAT_NO559,SEAT_TYPE559,559,1,FLIGHT_NUM559
560,SEAT_NO560,SEAT_TYPE560,560,0,FLIGHT_NUM560
561,SEAT_NO561,SEAT_TYPE561,561,1,FLIGHT_NUM561
562,SEAT_NO562,SEAT_TYPE562,562,0,FLIGHT_NUM562
563,SEAT_NO563,SEAT_TYPE563,563,1,FLIGHT_NUM563
564,SEAT_NO564,SEAT_TYPE564,564,1,FLIGHT_NUM564
565,SEAT_NO565,SEAT_TYPE565,565,0,FLIGHT_NUM565
566,SEAT_NO566,SEAT_TYPE566,566,1,FLIGHT_NUM566
567,SEAT_NO567,SEAT_TYPE567,567,0,FLIGHT_NUM567
568,SEAT_NO568,SEAT_TYPE568,568,1,FLIGHT_NUM568
569,SEAT_NO569,SEAT_TYPE569,569,0,FLIGHT_NUM569
570,SEAT_NO570,SEAT_TYPE570,570,0,FLIGHT_NUM570
571,SEAT_NO571,SEAT_TYPE571,571,0,FLIGHT_NUM571
572,SEAT_NO572,SEAT_TYPE572,572,0,FLIGHT_NUM572
573,SEAT_NO573,SEAT_TYPE573,573,1,FLIGHT_NUM573
574,SEAT_NO574,SEAT_TYPE574,574,1,FLIGHT_NUM574
575,SEAT_NO575,SEAT_TYPE575,575,1,FLIGHT_NUM575
576,SEAT_NO576,SEAT_TYPE576,576,0,FLIGHT_NUM576
577,SEAT_NO577,SEAT_TYPE577,577,0,FLIGHT_NUM577
578,SEAT_NO578,SEAT_TYPE578,578,0,FLIGHT_NUM578
579,SEAT_NO579,SEAT_TYPE579,579,1,FLIGHT_NUM579
580,SEAT_NO580,SEAT_TYPE580,580,0,FLIGHT_NUM580
581,SEAT_NO581,SEAT_TYPE581,581,1,FLIGHT_NUM581
582,SEAT_NO582,SEAT_TYPE582,582,0,FLIGHT_NUM582
583,SEAT_NO583,SEAT_TYPE583,583,0,FLIGHT_NUM583
584,SEAT_NO584,SEAT_TYPE584,584,1,FLIGHT_NUM584
585,SEAT_NO585,SEAT_TYPE585,585,1,FLIGHT_NUM585
586,SEAT_NO586,SEAT_TYPE586,586,1,FLIGHT_NUM586
587,SEAT_NO587,SEAT_TYPE587,587,1,FLIGHT_NUM587
588,SEAT_NO588,SEAT_TYPE588,588,1,FLIGHT_NUM588
589,SEAT_NO589,SEAT_TYPE589,589,0,FLIGHT_NUM589
590,SEAT_NO590,SEAT_TYPE590,590,0,FLIGHT_NUM590
591,SEAT_NO591,SEAT_TYPE591,591,0,FLIGHT_NUM591
592,SEAT_NO592,SEAT_TYPE592,592,1,FLIGHT_NUM592
593,SEAT_NO593,SEAT_TYPE593,593,1,FLIGHT_NUM593
594,SEAT_NO594,SEAT_TYPE594,594,0,FLIGHT_NUM594
595,SEAT_NO595,SEAT_TYPE595,595,1,FLIGHT_NUM595
596,SEAT_NO596,SEAT_TYPE596,596,1,FLIGHT_NUM596
597,SEAT_NO597,SEAT_TYPE597,597,0,FLIGHT_NUM597
598,SEAT_NO598,SEAT_TYPE598,598,1,FLIGHT_NUM598
599,SEAT_NO599,SEAT_TYPE599,599,1,FLIGHT_NUM599
600,SEAT_NO600,SEAT_TYPE600,600,0,FLIGHT_NUM600
601,SEAT_NO601,SEAT_TYPE601,601,1,FLIGHT_NUM601
602,SEAT_NO602,SEAT_TYPE602,602,0,FLIGHT_NUM602
603,SEAT_NO603,SEAT_TYPE603,603,0,FLIGHT_NUM603
604,SEAT_NO604,SEAT_TYPE604,604,1,FLIGHT_NUM604
605,SEAT_NO605,SEAT_TYPE605,605,0,FLIGHT_NUM605
606,SEAT_NO606,SEAT_TYPE606,606,1,FLIGHT_NUM606
607,SEAT_NO607,SEAT_TYPE607,607,0,FLIGHT_NUM607
608,SEAT_NO608,SEAT_TYPE608,608,1,FLIGHT_NUM608
609,SEAT_NO609,SEAT_TYPE609,609,1,FLIGHT_NUM609
610,SEAT_NO610,SEAT_TYPE610,610,1,FLIGHT_NUM610
611,SEAT_NO611,SEAT_TYPE611,611,1,FLIGHT_NUM611
612,SEAT_NO612,SEAT_TYPE612,612,1,FLIGHT_NUM612
613,SEAT_NO613,SEAT_TYPE613,613,0,FLIGHT_NUM613
614,SEAT_NO614,SEAT_TYPE614,614,0,FLIGHT_NUM614
615,SEAT_NO615,SEAT_TYPE615,615,0,FLIGHT_NUM615
616,SEAT_NO616,SEAT_TYPE616,616,0,FLIGHT_NUM616
617,SEAT_NO617,SEAT_TYPE617,617,0,FLIGHT_NUM617
618,SEAT_NO618,SEAT_TYPE618,618,1,FLIGHT_NUM618
619,SEAT_NO619,SEAT_TYPE619,619,1,FLIGHT_NUM619
620,SEAT_NO620,SEAT_TYPE620,620,1,FLIGHT_NUM620
621,SEAT_NO621,SEAT_TYPE621,621,1,FLIGHT_NUM621
622,SEAT_NO622,SEAT_TYPE622,622,0,FLIGHT_NUM622
623,SEAT_NO623,SEAT_TYPE623,623,1,FLIGHT_NUM623
624,SEAT_NO624,SEAT_TYPE624,624,1,FLIGHT_NUM624
625,SEAT_NO625,SEAT_TYPE625,625,1,FLIGHT_NUM625
626,SEAT_NO626,SEAT_TYPE626,626,1,FLIGHT_NUM626
627,SEAT_NO627,SEAT_TYPE627,627,0,FLIGHT_NUM627
628,SEAT_NO628,SEAT_TYPE628,628,1,FLIGHT_NUM628
629,SEAT_NO629,SEAT_TYPE629,629,0,FLIGHT_NUM629
630,SEAT_NO630,SEAT_TYPE630,630,0,FLIGHT_NUM630
631,SEAT_NO631,SEAT_TYPE631,631,1,FLIGHT_NUM631
632,SEAT_NO632,SEAT_TYPE632,632,0,FLIGHT_NUM632
633,SEAT_NO633,SEAT_TYPE633,633,1,FLIGHT_NUM633
634,SEAT_NO634,SEAT_TYPE634,634,0,FLIGHT_NUM634
635,SEAT_NO635,SEAT_TYPE635,635,1,FLIGHT_NUM635
636,SEAT_NO636,SEAT_TYPE636,636,1,FLIGHT_NUM636
637,SEAT_NO637,SEAT_TYPE637,637,1,FLIGHT_NUM637
638,SEAT_NO638,SEAT_TYPE638,638,0,FLIGHT_NUM638
639,SEAT_NO639,SEAT_TYPE639,639,1,FLIGHT_NUM639
640,SEAT_NO640,SEAT_TYPE640,640,1,FLIGHT_NUM640
641,SEAT_NO641,SEAT_TYPE641,641,0,FLIGHT_NUM641
642,SEAT_NO642,SEAT_TYPE642,642,0,FLIGHT_NUM642
643,SEAT_NO643,SEAT_TYPE643,643,1,FLIGHT_NUM643
644,SEAT_NO644,SEAT_TYPE644,644,0,FLIGHT_NUM644
645,SEAT_NO645,SEAT_TYPE645,645,0,FLIGHT_NUM645
646,SEAT_NO646,SEAT_TYPE646,646,1,FLIGHT_NUM646
647,SEAT_NO647,SEAT_TYPE647,647,1,FLIGHT_NUM647
648,SEAT_NO648,SEAT_TYPE648,648,0,FLIGHT_NUM648
649,SEAT_NO649,SEAT_TYPE649,649,1,FLIGHT_NUM649
650,SEAT_NO650,SEAT_TYPE650,650,0,FLIGHT_NUM650
651,SEAT_NO651,SEAT_TYPE651,651,0,FLIGHT_NUM651
652,SEAT_NO652,SEAT_TYPE652,652,1,FLIGHT_NUM652
653,SEAT_NO653,SEAT_TYPE653,653,1,FLIGHT_NUM653
654,SEAT_NO654,SEAT_TYPE654,654,1,FLIGHT_NUM654
655,SEAT_NO655,SEAT_TYPE655,655,1,FLIGHT_NUM655
656,SEAT_NO656,SEAT_TYPE656,656,0,FLIGHT_NUM656
657,SEAT_NO657,SEAT_TYPE657,657,0,FLIGHT_NUM657
658,SEAT_NO658,SEAT_TYPE658,658,0,FLIGHT_NUM658
659,SEAT_NO659,SEAT_TYPE659,659,1,FLIGHT_NUM659
660,SEAT_NO660,SEAT_TYPE660,660,0,FLIGHT_NUM660
661,SEAT_NO661,SEAT_TYPE661,661,1,FLIGHT_NUM661
662,SEAT_NO662,SEAT_TYPE662,662,1,FLIGHT_NUM662
663,SEAT_NO663,SEAT_TYPE663,663,0,FLIGHT_NUM663
664,SEAT_NO664,SEAT_TYPE664,664,0,FLIGHT_NUM664
665,SEAT_NO665,SEAT_TYPE665,665,1,FLIGHT_NUM665
666,SEAT_NO666,SEAT_TYPE666,666,0,FLIGHT_NUM666
667,SEAT_NO667,SEAT_TYPE667,667,0,FLIGHT_NUM667
668,SEAT_NO668,SEAT_TYPE668,668,0,FLIGHT_NUM668
669,SEAT_NO669,SEAT_TYPE669,669,1,FLIGHT_NUM669
670,SEAT_NO670,SEAT_TYPE670,670,0,FLIGHT_NUM670
671,SEAT_NO671,SEAT_TYPE671,671,1,FLIGHT_NUM671
672,SEAT_NO672,SEAT_TYPE672,672,1,FLIGHT_NUM672
673,SEAT_NO673,SEAT_TYPE673,673,1,FLIGHT_NUM673
674,SEAT_NO674,SEAT_TYPE674,674,0,FLIGHT_NUM674
675,SEAT_NO675,SEAT_TYPE675,675,1,FLIGHT_NUM675
676,SEAT_NO676,SEAT_TYPE676,676,1,FLIGHT_NUM676
677,SEAT_NO677,SEAT_TYPE677,677,0,FLIGHT_NUM677
678,SEAT_NO678,SEAT_TYPE678,678,1,FLIGHT_NUM678
679,SEAT_NO679,SEAT_TYPE679,679,0,FLIGHT_NUM679
680,SEAT_NO680,SEAT_TYPE680,680,1,FLIGHT_NUM680
681,SEAT_NO681,SEAT_TYPE681,681,0,FLIGHT_NUM681
682,SEAT_NO682,SEAT_TYPE682,682,0,FLIGHT_NUM682
683,SEAT_NO683,SEAT_TYPE683,683,0,FLIGHT_NUM683
684,SEAT_NO684,SEAT_TYPE684,684,1,FLIGHT_NUM684
685,SEAT_NO685,SEAT_TYPE685,685,0,FLIGHT_NUM685
686,SEAT_NO686,SEAT_TYPE686,686,1,FLIGHT_NUM686
687,SEAT_NO687,SEAT_TYPE687,687,1,FLIGHT_NUM687
688,SEAT_NO688,SEAT_TYPE688,688,1,FLIGHT_NUM688
689,SEAT_NO689,SEAT_TYPE689,689,1,FLIGHT_NUM689
690,SEAT_NO690,SEAT_TYPE690,690,0,FLIGHT_NUM690
691,SEAT_NO691,SEAT_TYPE691,691,0,FLIGHT_NUM691
692,SEAT_NO692,SEAT_TYPE692,692,1,FLIGHT_NUM692
693,SEAT_NO693,SEAT_TYPE693,693,0,FLIGHT_NUM693
694,SEAT_NO694,SEAT_TYPE694,694,0,FLIGHT_NUM694
695,SEAT_NO695,SEAT_TYPE695,695,1,FLIGHT_NUM695
696,SEAT_NO696,SEAT_TYPE696,696,0,FLIGHT_NUM696
697,SEAT_NO697,SEAT_TYPE697,697,1,FLIGHT_NUM697
698,SEAT_NO698,SEAT_TYPE698,698,0,FLIGHT_NUM698
699,SEAT_NO699,SEAT_TYPE699,699,0,FLIGHT_NUM699
700,SEAT_NO700,SEAT_TYPE700,700,0,FLIGHT_NUM700
701,SEAT_NO701,SEAT_TYPE701,701,0,FLIGHT_NUM701
702,SEAT_NO702,SEAT_TYPE702,702,1,FLIGHT_NUM702
703,SEAT_NO703,SEAT_TYPE703,703,0,FLIGHT_NUM703
704,SEAT_NO704,SEAT_TYPE704,704,0,FLIGHT_NUM704
705,SEAT_NO705,SEAT_TYPE705,705,0,FLIGHT_NUM705
706,SEAT_NO706,SEAT_TYPE706,706,1,FLIGHT_NUM706
707,SEAT_NO707,SEAT_TYPE707,707,0,FLIGHT_NUM707
708,SEAT_NO708,SEAT_TYPE708,708,0,FLIGHT_NUM708
709,SEAT_NO709,SEAT_TYPE709,709,0,FLIGHT_NUM709
710,SEAT_NO710,SEAT_TYPE710,710,0,FLIGHT_NUM710
711,SEAT_NO711,SEAT_TYPE711,711,0,FLIGHT_NUM711
712,SEAT_NO712,SEAT_TYPE712,712,1,FLIGHT_NUM712
713,SEAT_NO713,SEAT_TYPE713,713,0,FLIGHT_NUM713
714,SEAT_NO714,SEAT_TYPE714,714,0,FLIGHT_NUM714
715,SEAT_NO715,SEAT_TYPE715,715,1,FLIGHT_NUM715
716,SEAT_NO716,SEAT_TYPE716,716,0,FLIGHT_NUM716
717,SEAT_NO717,SEAT_TYPE717,717,0,FLIGHT_NUM717
718,SEAT_NO718,SEAT_TYPE718,718,0,FLIGHT_NUM718
719,SEAT_NO719,SEAT_TYPE719,719,1,FLIGHT_NUM719
720,SEAT_NO720,SEAT_TYPE720,720,0,FLIGHT_NUM720
721,SEAT_NO721,SEAT_TYPE721,721,0,FLIGHT_NUM721
722,SEAT_NO722,SEAT_TYPE722,722,1,FLIGHT_NUM722
723,SEAT_NO723,SEAT_TYPE723,723,0,FLIGHT_NUM723
724,SEAT_NO724,SEAT_TYPE724,724,1,FLIGHT_NUM724
725,SEAT_NO725,SEAT_TYPE725,725,1,FLIGHT_NUM725
726,SEAT_NO726,SEAT_TYPE726,726,1,FLIGHT_NUM726
727,SEAT_NO727,SEAT_TYPE727,727,0,FLIGHT_NUM727
728,SEAT_NO728,SEAT_TYPE728,728,1,FLIGHT_NUM728
729,SEAT_NO729,SEAT_TYPE729,729,0,FLIGHT_NUM729
730,SEAT_NO730,SEAT_TYPE730,730,1,FLIGHT_NUM730
731,SEAT_NO731,SEAT_TYPE731,731,0,FLIGHT_NUM731
732,SEAT_NO732,SEAT_TYPE732,732,0,FLIGHT_NUM732
733,SEAT_NO733,SEAT_TYPE733,733,0,FLIGHT_NUM733
734,SEAT_NO734,SEAT_TYPE734,734,1,FLIGHT_NUM734
735,SEAT_NO735,SEAT_TYPE735,735,1,FLIGHT_NUM735
736,SEAT_NO736,SEAT_TYPE736,736,1,FLIGHT_NUM736
737,SEAT_NO737,SEAT_TYPE737,737,0,FLIGHT_NUM737
738,SEAT_NO738,SEAT_TYPE738,738,1,FLIGHT_NUM738
739,SEAT_NO739,SEAT_TYPE739,739,1,FLIGHT_NUM739
740,SEAT_NO740,SEAT_TYPE740,740,1,FLIGHT_NUM740
741,SEAT_NO741,SEAT_TYPE741,741,0,FLIGHT_NUM741
742,SEAT_NO742,SEAT_TYPE742,742,1,FLIGHT_NUM742
743,SEAT_NO743,SEAT_TYPE743,743,0,FLIGHT_NUM743
744,SEAT_NO744,SEAT_TYPE744,744,0,FLIGHT_NUM744
745,SEAT_NO745,SEAT_TYPE745,745,0,FLIGHT_NUM745
746,SEAT_NO746,SEAT_TYPE746,746,0,FLIGHT_NUM746
747,SEAT_NO747,SEAT_TYPE747,747,1,FLIGHT_NUM747
748,SEAT_NO748,SEAT_TYPE748,748,0,FLIGHT_NUM748
749,SEAT_NO749,SEAT_TYPE749,749,1,FLIGHT_NUM749
750,SEAT_NO750,SEAT_TYPE750,750,1,FLIGHT_NUM750
751,SEAT_NO751,SEAT_TYPE751,751,0,FLIGHT_NUM751
752,SEAT_NO752,SEAT_TYPE752,752,1,FLIGHT_NUM752
753,SEAT_NO753,SEAT_TYPE753,753,0,FLIGHT_NUM753
754,SEAT_NO754,SEAT_TYPE754,754,1,FLIGHT_NUM754
755,SEAT_NO755,SEAT_TYPE755,755,1,FLIGHT_NUM755
756,SEAT_NO756,SEAT_TYPE756,756,1,FLIGHT_NUM756
757,SEAT_NO757,SEAT_TYPE757,757,1,FLIGHT_NUM757
758,SEAT_NO758,SEAT_TYPE758,758,1,FLIGHT_NUM758
759,SEAT_NO759,SEAT_TYPE759,759,1,FLIGHT_NUM759
760,SEAT_NO760,SEAT_TYPE760,760,1,FLIGHT_NUM760
761,SEAT_NO761,SEAT_TYPE761,761,1,FLIGHT_NUM761
762,SEAT_NO762,SEAT_TYPE762,762,0,FLIGHT_NUM762
763,SEAT_NO763,SEAT_TYPE763,763,1,FLIGHT_NUM763
764,SEAT_NO764,SEAT_TYPE764,764,1,FLIGHT_NUM764
765,SEAT_NO765,SEAT_TYPE765,765,1,FLIGHT_NUM765
766,SEAT_NO766,SEAT_TYPE766,766,1,FLIGHT_NUM766
767,SEAT_NO767,SEAT_TYPE767,767,1,FLIGHT_NUM767
768,SEAT_NO768,SEAT_TYPE768,768,0,FLIGHT_NUM768
769,SEAT_NO769,SEAT_TYPE769,769,0,FLIGHT_NUM769
770,SEAT_NO770,SEAT_TYPE770,770,1,FLIGHT_NUM770
771,SEAT_NO771,SEAT_TYPE771,771,1,FLIGHT_NUM771
772,SEAT_NO772,SEAT_TYPE772,772,1,FLIGHT_NUM772
773,SEAT_NO773,SEAT_TYPE773,773,1,FLIGHT_NUM773
774,SEAT_NO774,SEAT_TYPE774,774,1,FLIGHT_NUM774
775,SEAT_NO775,SEAT_TYPE775,775,0,FLIGHT_NUM775
776,SEAT_NO776,SEAT_TYPE776,776,0,FLIGHT_NUM776
777,SEAT_NO777,SEAT_TYPE777,777,0,FLIGHT_NUM777
778,SEAT_NO778,SEAT_TYPE778,778,0,FLIGHT_NUM778
779,SEAT_NO779,SEAT_TYPE779,779,0,FLIGHT_NUM779
780,SEAT_NO780,SEAT_TYPE780,780,1,FLIGHT_NUM780
781,SEAT_NO781,SEAT_TYPE781,781,1,FLIGHT_NUM781
782,SEAT_NO782,SEAT_TYPE782,782,0,FLIGHT_NUM782
783,SEAT_NO783,SEAT_TYPE783,783,0,FLIGHT_NUM783
784,SEAT_NO784,SEAT_TYPE784,784,0,FLIGHT_NUM784
785,SEAT_NO785,SEAT_TYPE785,785,1,FLIGHT_NUM785
786,SEAT_NO786,SEAT_TYPE786,786,0,FLIGHT_NUM786
787,SEAT_NO787,SEAT_TYPE787,787,0,FLIGHT_NUM787
788,SEAT_NO788,SEAT_TYPE788,788,0,FLIGHT_NUM788
789,SEAT_NO789,SEAT_TYPE789,789,0,FLIGHT_NUM789
790,SEAT_NO790,SEAT_TYPE790,790,1,FLIGHT_NUM790
791,SEAT_NO791,SEAT_TYPE791,791,0,FLIGHT_NUM791
792,SEAT_NO792,SEAT_TYPE792,792,0,FLIGHT_NUM792
793,SEAT_NO793,SEAT_TYPE793,793,1,FLIGHT_NUM793
794,SEAT_NO794,SEAT_TYPE794,794,0,FLIGHT_NUM794
795,SEAT_NO795,SEAT_TYPE795,795,0,FLIGHT_NUM795
796,SEAT_NO796,SEAT_TYPE796,796,1,FLIGHT_NUM796
797,SEAT_NO797,SEAT_TYPE797,797,0,FLIGHT_NUM797
798,SEAT_NO798,SEAT_TYPE798,798,0,FLIGHT_NUM798
799,SEAT_NO799,SEAT_TYPE799,799,1,FLIGHT_NUM799
800,SEAT_NO800,SEAT_TYPE800,800,1,FLIGHT_NUM800
801,SEAT_NO801,SEAT_TYPE801,801,0,FLIGHT_NUM801
802,SEAT_NO802,SEAT_TYPE802,802,1,FLIGHT_NUM802
803,SEAT_NO803,SEAT_TYPE803,803,0,FLIGHT_NUM803
804,SEAT_NO804,SEAT_TYPE804,804,1,FLIGHT_NUM804
805,SEAT_NO805,SEAT_TYPE805,805,0,FLIGHT_NUM805
806,SEAT_NO806,SEAT_TYPE806,806,1,FLIGHT_NUM806
807,SEAT_NO807,SEAT_TYPE807,807,0,FLIGHT_NUM807
808,SEAT_NO808,SEAT_TYPE808,808,0,FLIGHT_NUM808
809,SEAT_NO809,SEAT_TYPE809,809,1,FLIGHT_NUM809
810,SEAT_NO810,SEAT_TYPE810,810,1,FLIGHT_NUM810
811,SEAT_NO811,SEAT_TYPE811,811,0,FLIGHT_NUM811
812,SEAT_NO812,SEAT_TYPE812,812,0,FLIGHT_NUM812
813,SEAT_NO813,SEAT_TYPE813,813,1,FLIGHT_NUM813
814,SEAT_NO814,SEAT_TYPE814,814,0,FLIGHT_NUM814
815,SEAT_NO815,SEAT_TYPE815,815,1,FLIGHT_NUM815
816,SEAT_NO816,SEAT_TYPE816,816,0,FLIGHT_NUM816
817,SEAT_NO817,SEAT_TYPE817,817,0,FLIGHT_NUM817
818,SEAT_NO818,SEAT_TYPE818,818,0,FLIGHT_NUM818
819,SEAT_NO819,SEAT_TYPE819,819,1,FLIGHT_NUM819
820,SEAT_NO820,SEAT_TYPE820,820,0,FLIGHT_NUM820
821,SEAT_NO821,SEAT_TYPE821,821,0,FLIGHT_NUM821
822,SEAT_NO822,SEAT_TYPE822,822,1,FLIGHT_NUM822
823,SEAT_NO823,SEAT_TYPE823,823,1,FLIGHT_NUM823
824,SEAT_NO824,SEAT_TYPE824,824,0,FLIGHT_NUM824
825,SEAT_NO825,SEAT_TYPE825,825,1,FLIGHT_NUM825
826,SEAT_NO826,SEAT_TYPE826,826,1,FLIGHT_NUM826
827,SEAT_NO827,SEAT_TYPE827,827,1,FLIGHT_NUM827
828,SEAT_NO828,SEAT_TYPE828,828,0,FLIGHT_NUM828
829,SEAT_NO829,SEAT_TYPE829,829,0,FLIGHT_NUM829
830,SEAT_NO830,SEAT_TYPE830,830,0,FLIGHT_NUM830
831,SEAT_NO831,SEAT_TYPE831,831,0,FLIGHT_NUM831
832,SEAT_NO832,SEAT_TYPE832,832,0,FLIGHT_NUM832
833,SEAT_NO833,SEAT_TYPE833,833,0,FLIGHT_NUM833
834,SEAT_NO834,SEAT_TYPE834,834,0,FLIGHT_NUM834
835,SEAT_NO835,SEAT_TYPE835,835,1,FLIGHT_NUM835
836,SEAT_NO836,SEAT_TYPE836,836,0,FLIGHT_NUM836
837,SEAT_NO837,SEAT_TYPE837,837,1,FLIGHT_NUM837
838,SEAT_NO838,SEAT_TYPE838,838,1,FLIGHT_NUM838
839,SEAT_NO839,SEAT_TYPE839,839,0,FLIGHT_NUM839
840,SEAT_NO840,SEAT_TYPE840,840,1,FLIGHT_NUM840
841,SEAT_NO841,SEAT_TYPE841,841,0,FLIGHT_NUM841
842,SEAT_NO842,SEAT_TYPE842,842,0,FLIGHT_NUM842
843,SEAT_NO843,SEAT_TYPE843,843,1,FLIGHT_NUM843
844,SEAT_NO844,SEAT_TYPE844,844,0,FLIGHT_NUM844
845,SEAT_NO845,SEAT_TYPE845,845,1,FLIGHT_NUM845
846,SEAT_NO846,SEAT_TYPE846,846,0,FLIGHT_NUM846
847,SEAT_NO847,SEAT_TYPE847,847,0,FLIGHT_NUM847
848,SEAT_NO848,SEAT_TYPE848,848,0,FLIGHT_NUM848
849,SEAT_NO849,SEAT_TYPE849,849,0,FLIGHT_NUM849
850,SEAT_NO850,SEAT_TYPE850,850,0,FLIGHT_NUM850
851,SEAT_NO851,SEAT_TYPE851,851,1,FLIGHT_NUM851
852,SEAT_NO852,SEAT_TYPE852,852,1,FLIGHT_NUM852
853,SEAT_NO853,SEAT_TYPE853,853,1,FLIGHT_NUM853
854,SEAT_NO854,SEAT_TYPE854,854,0,FLIGHT_NUM854
855,SEAT_NO855,SEAT_TYPE855,855,1,FLIGHT_NUM855
856,SEAT_NO856,SEAT_TYPE856,856,1,FLIGHT_NUM856
857,SEAT_NO857,SEAT_TYPE857,857,0,FLIGHT_NUM857
858,SEAT_NO858,SEAT_TYPE858,858,0,FLIGHT_NUM858
859,SEAT_NO859,SEAT_TYPE859,859,0,FLIGHT_NUM859
860,SEAT_NO860,SEAT_TYPE860,860,0,FLIGHT_NUM860
861,SEAT_NO861,SEAT_TYPE861,861,1,FLIGHT_NUM861
862,SEAT_NO862,SEAT_TYPE862,862,1,FLIGHT_NUM862
863,SEAT_NO863,SEAT_TYPE863,863,1,FLIGHT_NUM863
864,SEAT_NO864,SEAT_TYPE864,864,0,FLIGHT_NUM864
865,SEAT_NO865,SEAT_TYPE865,865,1,FLIGHT_NUM865
866,SEAT_NO866,SEAT_TYPE866,866,0,FLIGHT_NUM866
867,SEAT_NO867,SEAT_TYPE867,867,0,FLIGHT_NUM867
868,SEAT_NO868,SEAT_TYPE868,868,1,FLIGHT_NUM868
869,SEAT_NO869,SEAT_TYPE869,869,0,FLIGHT_NUM869
870,SEAT_NO870,SEAT_TYPE870,870,1,FLIGHT_NUM870
871,SEAT_NO871,SEAT_TYPE871,871,1,FLIGHT_NUM871
872,SEAT_NO872,SEAT_TYPE872,872,0,FLIGHT_NUM872
873,SEAT_NO873,SEAT_TYPE873,873,1,FLIGHT_NUM873
874,SEAT_NO874,SEAT_TYPE874,874,0,FLIGHT_NUM874
875,SEAT_NO875,SEAT_TYPE875,875,1,FLIGHT_NUM875
876,SEAT_NO876,SEAT_TYPE876,876,0,FLIGHT_NUM876
877,SEAT_NO877,SEAT_TYPE877,877,0,FLIGHT_NUM877
878,SEAT_NO878,SEAT_TYPE878,878,1,FLIGHT_NUM878
879,SEAT_NO879,SEAT_TYPE879,879,0,FLIGHT_NUM879
880,SEAT_NO880,SEAT_TYPE880,880,0,FLIGHT_NUM880
881,SEAT_NO881,SEAT_TYPE881,881,1,FLIGHT_NUM881
882,SEAT_NO882,SEAT_TYPE882,882,0,FLIGHT_NUM882
883,SEAT_NO883,SEAT_TYPE883,883,1,FLIGHT_NUM883
884,SEAT_NO884,SEAT_TYPE884,884,1,FLIGHT_NUM884
885,SEAT_NO885,SEAT_TYPE885,885,0,FLIGHT_NUM885
886,SEAT_NO886,SEAT_TYPE886,886,0,FLIGHT_NUM886
887,SEAT_NO887,SEAT_TYPE887,887,1,FLIGHT_NUM887
888,SEAT_NO888,SEAT_TYPE888,888,1,FLIGHT_NUM888
889,SEAT_NO889,SEAT_TYPE889,889,0,FLIGHT_NUM889
890,SEAT_NO890,SEAT_TYPE890,890,1,FLIGHT_NUM890
891,SEAT_NO891,SEAT_TYPE891,891,1,FLIGHT_NUM891
892,SEAT_NO892,SEAT_TYPE892,892,1,FLIGHT_NUM892
893,SEAT_NO893,SEAT_TYPE893,893,0,FLIGHT_NUM893
894,SEAT_NO894,SEAT_TYPE894,894,0,FLIGHT_NUM894
895,SEAT_NO895,SEAT_TYPE895,895,0,FLIGHT_NUM895
896,SEAT_NO896,SEAT_TYPE896,896,0,FLIGHT_NUM896
897,SEAT_NO897,SEAT_TYPE897,897,1,FLIGHT_NUM897
898,SEAT_NO898,SEAT_TYPE898,898,1,FLIGHT_NUM898
899,SEAT_NO899,SEAT_TYPE899,899,1,FLIGHT_NUM899
900,SEAT_NO900,SEAT_TYPE900,900,1,FLIGHT_NUM900
901,SEAT_NO901,SEAT_TYPE901,901,0,FLIGHT_NUM901
902,SEAT_NO902,SEAT_TYPE902,902,0,FLIGHT_NUM902
903,SEAT_NO903,SEAT_TYPE903,903,0,FLIGHT_NUM903
904,SEAT_NO904,SEAT_TYPE904,904,1,FLIGHT_NUM904
905,SEAT_NO905,SEAT_TYPE905,905,1,FLIGHT_NUM905
906,SEAT_NO906,SEAT_TYPE906,906,0,FLIGHT_NUM906
907,SEAT_NO907,SEAT_TYPE907,907,0,FLIGHT_NUM907
908,SEAT_NO908,SEAT_TYPE908,908,1,FLIGHT_NUM908
909,SEAT_NO909,SEAT_TYPE909,909,1,FLIGHT_NUM909
910,SEAT_NO910,SEAT_TYPE910,910,0,FLIGHT_NUM910
911,SEAT_NO911,SEAT_TYPE911,911,0,FLIGHT_NUM911
912,SEAT_NO912,SEAT_TYPE912,912,1,FLIGHT_NUM912
913,SEAT_NO913,SEAT_TYPE913,913,1,FLIGHT_NUM913
914,SEAT_NO914,SEAT_TYPE914,914,1,FLIGHT_NUM914
915,SEAT_NO915,SEAT_TYPE915,915,1,FLIGHT_NUM915
916,SEAT_NO916,SEAT_TYPE916,916,0,FLIGHT_NUM916
917,SEAT_NO917,SEAT_TYPE917,917,0,FLIGHT_NUM917
918,SEAT_NO918,SEAT_TYPE918,918,1,FLIGHT_NUM918
919,SEAT_NO919,SEAT_TYPE919,919,1,FLIGHT_NUM919
920,SEAT_NO920,SEAT_TYPE920,920,0,FLIGHT_NUM920
921,SEAT_NO921,SEAT_TYPE921,921,1,FLIGHT_NUM921
922,SEAT_NO922,SEAT_TYPE922,922,0,FLIGHT_NUM922
923,SEAT_NO923,SEAT_TYPE923,923,0,FLIGHT_NUM923
924,SEAT_NO924,SEAT_TYPE924,924,1,FLIGHT_NUM924
925,SEAT_NO925,SEAT_TYPE925,925,0,FLIGHT_NUM925
926,SEAT_NO926,SEAT_TYPE926,926,0,FLIGHT_NUM926
927,SEAT_NO927,SEAT_TYPE927,927,0,FLIGHT_NUM927
928,SEAT_NO928,SEAT_TYPE928,928,0,FLIGHT_NUM928
929,SEAT_NO929,SEAT_TYPE929,929,1,FLIGHT_NUM929
930,SEAT_NO930,SEAT_TYPE930,930,1,FLIGHT_NUM930
931,SEAT_NO931,SEAT_TYPE931,931,1,FLIGHT_NUM931
932,SEAT_NO932,SEAT_TYPE932,932,1,FLIGHT_NUM932
933,SEAT_NO933,SEAT_TYPE933,933,1,FLIGHT_NUM933
934,SEAT_NO934,SEAT_TYPE934,934,1,FLIGHT_NUM934
935,SEAT_NO935,SEAT_TYPE935,935,1,FLIGHT_NUM935
936,SEAT_NO936,SEAT_TYPE936,936,0,FLIGHT_NUM936
937,SEAT_NO937,SEAT_TYPE937,937,1,FLIGHT_NUM937
938,SEAT_NO938,SEAT_TYPE938,938,1,FLIGHT_NUM938
939,SEAT_NO939,SEAT_TYPE939,939,0,FLIGHT_NUM939
940,SEAT_NO940,SEAT_TYPE940,940,1,FLIGHT_NUM940
941,SEAT_NO941,SEAT_TYPE941,941,1,FLIGHT_NUM941
942,SEAT_NO942,SEAT_TYPE942,942,1,FLIGHT_NUM942
943,SEAT_NO943,SEAT_TYPE943,943,1,FLIGHT_NUM943
944,SEAT_NO944,SEAT_TYPE944,944,1,FLIGHT_NUM944
945,SEAT_NO945,SEAT_TYPE945,945,0,FLIGHT_NUM945
946,SEAT_NO946,SEAT_TYPE946,946,1,FLIGHT_NUM946
947,SEAT_NO947,SEAT_TYPE947,947,1,FLIGHT_NUM947
948,SEAT_NO948,SEAT_TYPE948,948,0,FLIGHT_NUM948
949,SEAT_NO949,SEAT_TYPE949,949,1,FLIGHT_NUM949
950,SEAT_NO950,SEAT_TYPE950,950,0,FLIGHT_NUM950
951,SEAT_NO951,SEAT_TYPE951,951,0,FLIGHT_NUM951
952,SEAT_NO952,SEAT_TYPE952,952,0,FLIGHT_NUM952
953,SEAT_NO953,SEAT_TYPE953,953,0,FLIGHT_NUM953
954,SEAT_NO954,SEAT_TYPE954,954,1,FLIGHT_NUM954
955,SEAT_NO955,SEAT_TYPE955,955,1,FLIGHT_NUM955
956,SEAT_NO956,SEAT_TYPE956,956,0,FLIGHT_NUM956
957,SEAT_NO957,SEAT_TYPE957,957,0,FLIGHT_NUM957
958,SEAT_NO958,SEAT_TYPE958,958,1,FLIGHT_NUM958
959,SEAT_NO959,SEAT_TYPE959,959,0,FLIGHT_NUM959
960,SEAT_NO960,SEAT_TYPE960,960,0,FLIGHT_NUM960
961,SEAT_NO961,SEAT_TYPE961,961,1,FLIGHT_NUM961
962,SEAT_NO962,SEAT_TYPE962,962,1,FLIGHT_NUM962
963,SEAT_NO963,SEAT_TYPE963,963,0,FLIGHT_NUM963
964,SEAT_NO964,SEAT_TYPE964,964,1,FLIGHT_NUM964
965,SEAT_NO965,SEAT_TYPE965,965,1,FLIGHT_NUM965
966,SEAT_NO966,SEAT_TYPE966,966,1,FLIGHT_NUM966
967,SEAT_NO967,SEAT_TYPE967,967,1,FLIGHT_NUM967
968,SEAT_NO968,SEAT_TYPE968,968,0,FLIGHT_NUM968
969,SEAT_NO969,SEAT_TYPE969,969,1,FLIGHT_NUM969
970,SEAT_NO970,SEAT_TYPE970,970,0,FLIGHT_NUM970
971,SEAT_NO971,SEAT_TYPE971,971,0,FLIGHT_NUM971
972,SEAT_NO972,SEAT_TYPE972,972,1,FLIGHT_NUM972
973,SEAT_NO973,SEAT_TYPE973,973,0,FLIGHT_NUM973
974,SEAT_NO974,SEAT_TYPE974,974,0,FLIGHT_NUM974
975,SEAT_NO975,SEAT_TYPE975,975,0,FLIGHT_NUM975
976,SEAT_NO976,SEAT_TYPE976,976,1,FLIGHT_NUM976
977,SEAT_NO977,SEAT_TYPE977,977,0,FLIGHT_NUM977
978,SEAT_NO978,SEAT_TYPE978,978,1,FLIGHT_NUM978
979,SEAT_NO979,SEAT_TYPE979,979,0,FLIGHT_NUM979
980,SEAT_NO980,SEAT_TYPE980,980,0,FLIGHT_NUM980
981,SEAT_NO981,SEAT_TYPE981,981,1,FLIGHT_NUM981
982,SEAT_NO982,SEAT_TYPE982,982,0,FLIGHT_NUM982
983,SEAT_NO983,SEAT_TYPE983,983,0,FLIGHT_NUM983
984,SEAT_NO984,SEAT_TYPE984,984,1,FLIGHT_NUM984
985,SEAT_NO985,SEAT_TYPE985,985,0,FLIGHT_NUM985
986,SEAT_NO986,SEAT_TYPE986,986,1,FLIGHT_NUM986
987,SEAT_NO987,SEAT_TYPE987,987,0,FLIGHT_NUM987
988,SEAT_NO988,SEAT_TYPE988,988,0,FLIGHT_NUM988
989,SEAT_NO989,SEAT_TYPE989,989,0,FLIGHT_NUM989
990,SEAT_NO990,SEAT_TYPE990,990,1,FLIGHT_NUM990
991,SEAT_NO991,SEAT_TYPE991,991,0,FLIGHT_NUM991
992,SEAT_NO992,SEAT_TYPE992,992,1,FLIGHT_NUM992
993,SEAT_NO993,SEAT_TYPE993,993,1,FLIGHT_NUM993
994,SEAT_NO994,SEAT_TYPE994,994,0,FLIGHT_NUM994
995,SEAT_NO995,SEAT_TYPE995,995,0,FLIGHT_NUM995
996,SEAT_NO996,SEAT_TYPE996,996,0,FLIGHT_NUM996
997,SEAT_NO997,SEAT_TYPE997,997,1,FLIGHT_NUM997
998,SEAT_NO998,SEAT_TYPE998,998,0,FLIGHT_NUM998
999,SEAT_NO999,SEAT_TYPE999,999,1,FLIGHT_NUM999
