381,AIRLINE_NAME381,AIRLINE_TYPE381
382,AIRLINE_NAME382,AIRLINE_TYPE382
383,AIRLINE_NAME383,AIRLINE_TYPE383
384,AIRLINE_NAME384,AIRLINE_TYPE384
385,AIRLINE_NAME385,AIRLINE_TYPE385
386,AIRLINE_NAME386,AIRLINE_TYPE386
387,AIRLINE_NAME387,AIRLINE_TYPE387
388,AIRLINE_NAME388,AIRLINE_TYPE388
389,AIRLINE_NAME389,AIRLINE_TYPE389
390,AIRLINE_NAME390,AIRLINE_TYPE390
391,AIRLINE_NAME391,AIRLINE_TYPE391
392,AIRLINE_NAME392,AIRLINE_TYPE392
393,AIRLINE_NAME393,AIRLINE_TYPE393
394,AIRLINE_NAME394,AIRLINE_TYPE394
395,AIRLINE_NAME395,AIRLINE_TYPE395
396,AIRLINE_NAME396,AIRLINE_TYPE396
397,AIRLINE_NAME397,AIRLINE_TYPE397
398,AIRLINE_NAME398,AIRLINE_TYPE398
399,AIRLINE_NAME399,AIRLINE_TYPE399
400,AIRLINE_NAME400,AIRLINE_TYPE400
401,AIRLINE_NAME401,AIRLINE_TYPE401
402,AIRLINE_NAME402,AIRLINE_TYPE402
403,AIRLINE_NAME403,AIRLINE_TYPE403
404,AIRLINE_NAME404,AIRLINE_TYPE404
405,AIRLINE_NAME405,AIRLINE_TYPE405
406,AIRLINE_NAME406,AIRLINE_TYPE406
407,AIRLINE_NAME407,AIRLINE_TYPE407
408,AIRLINE_NAME408,AIRLINE_TYPE408
409,AIRLINE_NAME409,AIRLINE_TYPE409
410,AIRLINE_NAME410,AIRLINE_TYPE410
411,AIRLINE_NAME411,AIRLINE_TYPE411
412,AIRLINE_NAME412,AIRLINE_TYPE412
413,AIRLINE_NAME413,AIRLINE_TYPE413
414,AIRLINE_NAME414,AIRLINE_TYPE414
415,AIRLINE_NAME415,AIRLINE_TYPE415
416,AIRLINE_NAME416,AIRLINE_TYPE416
417,AIRLINE_NAME417,AIRLINE_TYPE417
418,AIRLINE_NAME418,AIRLINE_TYPE418
419,AIRLINE_NAME419,AIRLINE_TYPE419
420,AIRLINE_NAME420,AIRLINE_TYPE420
421,AIRLINE_NAME421,AIRLINE_TYPE421
422,AIRLINE_NAME422,AIRLINE_TYPE422
423,AIRLINE_NAME423,AIRLINE_TYPE423
424,AIRLINE_NAME424,AIRLINE_TYPE424
425,AIRLINE_NAME425,AIRLINE_TYPE425
426,AIRLINE_NAME426,AIRLINE_TYPE426
427,AIRLINE_NAME427,AIRLINE_TYPE427
428,AIRLINE_NAME428,AIRLINE_TYPE428
429,AIRLINE_NAME429,AIRLINE_TYPE429
430,AIRLINE_NAME430,AIRLINE_TYPE430
431,AIRLINE_NAME431,AIRLINE_TYPE431
432,AIRLINE_NAME432,AIRLINE_TYPE432
433,AIRLINE_NAME433,AIRLINE_TYPE433
434,AIRLINE_NAME434,AIRLINE_TYPE434
435,AIRLINE_NAME435,AIRLINE_TYPE435
436,AIRLINE_NAME436,AIRLINE_TYPE436
437,AIRLINE_NAME437,AIRLINE_TYPE437
438,AIRLINE_NAME438,AIRLINE_TYPE438
439,AIRLINE_NAME439,AIRLINE_TYPE439
440,AIRLINE_NAME440,AIRLINE_TYPE440
441,AIRLINE_NAME441,AIRLINE_TYPE441
442,AIRLINE_NAME442,AIRLINE_TYPE442
443,AIRLINE_NAME443,AIRLINE_TYPE443
444,AIRLINE_NAME444,AIRLINE_TYPE444
445,AIRLINE_NAME445,AIRLINE_TYPE445
446,AIRLINE_NAME446,AIRLINE_TYPE446
447,AIRLINE_NAME447,AIRLINE_TYPE447
448,AIRLINE_NAME448,AIRLINE_TYPE448
449,AIRLINE_NAME449,AIRLINE_TYPE449
450,AIRLINE_NAME450,AIRLINE_TYPE450
451,AIRLINE_NAME451,AIRLINE_TYPE451
452,AIRLINE_NAME452,AIRLINE_TYPE452
453,AIRLINE_NAME453,AIRLINE_TYPE453
454,AIRLINE_NAME454,AIRLINE_TYPE454
455,AIRLINE_NAME455,AIRLINE_TYPE455
456,AIRLINE_NAME456,AIRLINE_TYPE456
457,AIRLINE_NAME457,AIRLINE_TYPE457
458,AIRLINE_NAME458,AIRLINE_TYPE458
459,AIRLINE_NAME459,AIRLINE_TYPE459
460,AIRLINE_NAME460,AIRLINE_TYPE460
461,AIRLINE_NAME461,AIRLINE_TYPE461
462,AIRLINE_NAME462,AIRLINE_TYPE462
463,AIRLINE_NAME463,AIRLINE_TYPE463
464,AIRLINE_NAME464,AIRLINE_TYPE464
465,AIRLINE_NAME465,AIRLINE_TYPE465
466,AIRLINE_NAME466,AIRLINE_TYPE466
467,AIRLINE_NAME467,AIRLINE_TYPE467
468,AIRLINE_NAME468,AIRLINE_TYPE468
469,AIRLINE_NAME469,AIRLINE_TYPE469
470,AIRLINE_NAME470,AIRLINE_TYPE470
471,AIRLINE_NAME471,AIRLINE_TYPE471
472,AIRLINE_NAME472,AIRLINE_TYPE472
473,AIRLINE_NAME473,AIRLINE_TYPE473
474,AIRLINE_NAME474,AIRLINE_TYPE474
475,AIRLINE_NAME475,AIRLINE_TYPE475
476,AIRLINE_NAME476,AIRLINE_TYPE476
477,AIRLINE_NAME477,AIRLINE_TYPE477
478,AIRLINE_NAME478,AIRLINE_TYPE478
479,AIRLINE_NAME479,AIRLINE_TYPE479
480,AIRLINE_NAME480,AIRLINE_TYPE480
481,AIRLINE_NAME481,AIRLINE_TYPE481
482,AIRLINE_NAME482,AIRLINE_TYPE482
483,AIRLINE_NAME483,AIRLINE_TYPE483
484,AIRLINE_NAME484,AIRLINE_TYPE484
485,AIRLINE_NAME485,AIRLINE_TYPE485
486,AIRLINE_NAME486,AIRLINE_TYPE486
487,AIRLINE_NAME487,AIRLINE_TYPE487
488,AIRLINE_NAME488,AIRLINE_TYPE488
489,AIRLINE_NAME489,AIRLINE_TYPE489
490,AIRLINE_NAME490,AIRLINE_TYPE490
491,AIRLINE_NAME491,AIRLINE_TYPE491
492,AIRLINE_NAME492,AIRLINE_TYPE492
493,AIRLINE_NAME493,AIRLINE_TYPE493
494,AIRLINE_NAME494,AIRLINE_TYPE494
495,AIRLINE_NAME495,AIRLINE_TYPE495
496,AIRLINE_NAME496,AIRLINE_TYPE496
497,AIRLINE_NAME497,AIRLINE_TYPE497
498,AIRLINE_NAME498,AIRLINE_TYPE498
499,AIRLINE_NAME499,AIRLINE_TYPE499
500,AIRLINE_NAME500,AIRLINE_TYPE500
501,AIRLINE_NAME501,AIRLINE_TYPE501
502,AIRLINE_NAME502,AIRLINE_TYPE502
503,AIRLINE_NAME503,AIRLINE_TYPE503
504,AIRLINE_NAME504,AIRLINE_TYPE504
505,AIRLINE_NAME505,AIRLINE_TYPE505
506,AIRLINE_NAME506,AIRLINE_TYPE506
507,AIRLINE_NAME507,AIRLINE_TYPE507
508,AIRLINE_NAME508,AIRLINE_TYPE508
509,AIRLINE_NAME509,AIRLINE_TYPE509
510,AIRLINE_NAME510,AIRLINE_TYPE510
511,AIRLINE_NAME511,AIRLINE_TYPE511
512,AIRLINE_NAME512,AIRLINE_TYPE512
513,AIRLINE_NAME513,AIRLINE_TYPE513
514,AIRLINE_NAME514,AIRLINE_TYPE514
515,AIRLINE_NAME515,AIRLINE_TYPE515
516,AIRLINE_NAME516,AIRLINE_TYPE516
517,AIRLINE_NAME517,AIRLINE_TYPE517
518,AIRLINE_NAME518,AIRLINE_TYPE518
519,AIRLINE_NAME519,AIRLINE_TYPE519
520,AIRLINE_NAME520,AIRLINE_TYPE520
521,AIRLINE_NAME521,AIRLINE_TYPE521
522,AIRLINE_NAME522,AIRLINE_TYPE522
523,AIRLINE_NAME523,AIRLINE_TYPE523
524,AIRLINE_NAME524,AIRLINE_TYPE524
525,AIRLINE_NAME525,AIRLINE_TYPE525
526,AIRLINE_NAME526,AIRLINE_TYPE526
527,AIRLINE_NAME527,AIRLINE_TYPE527
528,AIRLINE_NAME528,AIRLINE_TYPE528
529,AIRLINE_NAME529,AIRLINE_TYPE529
530,AIRLINE_NAME530,AIRLINE_TYPE530
531,AIRLINE_NAME531,AIRLINE_TYPE531
532,AIRLINE_NAME532,AIRLINE_TYPE532
533,AIRLINE_NAME533,AIRLINE_TYPE533
534,AIRLINE_NAME534,AIRLINE_TYPE534
535,AIRLINE_NAME535,AIRLINE_TYPE535
536,AIRLINE_NAME536,AIRLINE_TYPE536
537,AIRLINE_NAME537,AIRLINE_TYPE537
538,AIRLINE_NAME538,AIRLINE_TYPE538
539,AIRLINE_NAME539,AIRLINE_TYPE539
540,AIRLINE_NAME540,AIRLINE_TYPE540
541,AIRLINE_NAME541,AIRLINE_TYPE541
542,AIRLINE_NAME542,AIRLINE_TYPE542
543,AIRLINE_NAME543,AIRLINE_TYPE543
544,AIRLINE_NAME544,AIRLINE_TYPE544
545,AIRLINE_NAME545,AIRLINE_TYPE545
546,AIRLINE_NAME546,AIRLINE_TYPE546
547,AIRLINE_NAME547,AIRLINE_TYPE547
548,AIRLINE_NAME548,AIRLINE_TYPE548
549,AIRLINE_NAME549,AIRLINE_TYPE549
550,AIRLINE_NAME550,AIRLINE_TYPE550
551,AIRLINE_NAME551,AIRLINE_TYPE551
552,AIRLINE_NAME552,AIRLINE_TYPE552
553,AIRLINE_NAME553,AIRLINE_TYPE553
554,AIRLINE_NAME554,AIRLINE_TYPE554
555,AIRLINE_NAME555,AIRLINE_TYPE555
556,AIRLINE_NAME556,AIRLINE_TYPE556
557,AIRLINE_NAME557,AIRLINE_TYPE557
558,AIRLINE_NAME558,AIRLINE_TYPE558
559,AIRLINE_NAME559,AIRLINE_TYPE559
560,AIRLINE_NAME560,AIRLINE_TYPE560
561,AIRLINE_NAME561,AIRLINE_TYPE561
562,AIRLINE_NAME562,AIRLINE_TYPE562
563,AIRLINE_NAME563,AIRLINE_TYPE563
564,AIRLINE_NAME564,AIRLINE_TYPE564
565,AIRLINE_NAME565,AIRLINE_TYPE565
566,AIRLINE_NAME566,AIRLINE_TYPE566
567,AIRLINE_NAME567,AIRLINE_TYPE567
568,AIRLINE_NAME568,AIRLINE_TYPE568
569,AIRLINE_NAME569,AIRLINE_TYPE569
570,AIRLINE_NAME570,AIRLINE_TYPE570
571,AIRLINE_NAME571,AIRLINE_TYPE571
572,AIRLINE_NAME572,AIRLINE_TYPE572
573,AIRLINE_NAME573,AIRLINE_TYPE573
574,AIRLINE_NAME574,AIRLINE_TYPE574
575,AIRLINE_NAME575,AIRLINE_TYPE575
576,AIRLINE_NAME576,AIRLINE_TYPE576
577,AIRLINE_NAME577,AIRLINE_TYPE577
578,AIRLINE_NAME578,AIRLINE_TYPE578
579,AIRLINE_NAME579,AIRLINE_TYPE579
580,AIRLINE_NAME580,AIRLINE_TYPE580
581,AIRLINE_NAME581,AIRLINE_TYPE581
582,AIRLINE_NAME582,AIRLINE_TYPE582
583,AIRLINE_NAME583,AIRLINE_TYPE583
584,AIRLINE_NAME584,AIRLINE_TYPE584
585,AIRLINE_NAME585,AIRLINE_TYPE585
586,AIRLINE_NAME586,AIRLINE_TYPE586
587,AIRLINE_NAME587,AIRLINE_TYPE587
588,AIRLINE_NAME588,AIRLINE_TYPE588
589,AIRLINE_NAME589,AIRLINE_TYPE589
590,AIRLINE_NAME590,AIRLINE_TYPE590
591,AIRLINE_NAME591,AIRLINE_TYPE591
592,AIRLINE_NAME592,AIRLINE_TYPE592
593,AIRLINE_NAME593,AIRLINE_TYPE593
594,AIRLINE_NAME594,AIRLINE_TYPE594
595,AIRLINE_NAME595,AIRLINE_TYPE595
596,AIRLINE_NAME596,AIRLINE_TYPE596
597,AIRLINE_NAME597,AIRLINE_TYPE597
598,AIRLINE_NAME598,AIRLINE_TYPE598
599,AIRLINE_NAME599,AIRLINE_TYPE599
600,AIRLINE_NAME600,AIRLINE_TYPE600
601,AIRLINE_NAME601,AIRLINE_TYPE601
602,AIRLINE_NAME602,AIRLINE_TYPE602
603,AIRLINE_NAME603,AIRLINE_TYPE603
604,AIRLINE_NAME604,AIRLINE_TYPE604
605,AIRLINE_NAME605,AIRLINE_TYPE605
606,AIRLINE_NAME606,AIRLINE_TYPE606
607,AIRLINE_NAME607,AIRLINE_TYPE607
608,AIRLINE_NAME608,AIRLINE_TYPE608
609,AIRLINE_NAME609,AIRLINE_TYPE609
610,AIRLINE_NAME610,AIRLINE_TYPE610
611,AIRLINE_NAME611,AIRLINE_TYPE611
612,AIRLINE_NAME612,AIRLINE_TYPE612
613,AIRLINE_NAME613,AIRLINE_TYPE613
614,AIRLINE_NAME614,AIRLINE_TYPE614
615,AIRLINE_NAME615,AIRLINE_TYPE615
616,AIRLINE_NAME616,AIRLINE_TYPE616
617,AIRLINE_NAME617,AIRLINE_TYPE617
618,AIRLINE_NAME618,AIRLINE_TYPE618
619,AIRLINE_NAME619,AIRLINE_TYPE619
620,AIRLINE_NAME620,AIRLINE_TYPE620
621,AIRLINE_NAME621,AIRLINE_TYPE621
622,AIRLINE_NAME622,AIRLINE_TYPE622
623,AIRLINE_NAME623,AIRLINE_TYPE623
624,AIRLINE_NAME624,AIRLINE_TYPE624
625,AIRLINE_NAME625,AIRLINE_TYPE625
626,AIRLINE_NAME626,AIRLINE_TYPE626
627,AIRLINE_NAME627,AIRLINE_TYPE627
628,AIRLINE_NAME628,AIRLINE_TYPE628
629,AIRLINE_NAME629,AIRLINE_TYPE629
630,AIRLINE_NAME630,AIRLINE_TYPE630
1,AIRLINE_NAME1,AIRLINE_TYPE1
2,AIRLINE_NAME2,AIRLINE_TYPE2
3,AIRLINE_NAME3,AIRLINE_TYPE3
4,AIRLINE_NAME4,AIRLINE_TYPE4
5,AIRLINE_NAME5,AIRLINE_TYPE5
6,AIRLINE_NAME6,AIRLINE_TYPE6
7,AIRLINE_NAME7,AIRLINE_TYPE7
8,AIRLINE_NAME8,AIRLINE_TYPE8
9,AIRLINE_NAME9,AIRLINE_TYPE9
10,AIRLINE_NAME10,AIRLINE_TYPE10
11,AIRLINE_NAME11,AIRLINE_TYPE11
12,AIRLINE_NAME12,AIRLINE_TYPE12
13,AIRLINE_NAME13,AIRLINE_TYPE13
14,AIRLINE_NAME14,AIRLINE_TYPE14
15,AIRLINE_NAME15,AIRLINE_TYPE15
16,AIRLINE_NAME16,AIRLINE_TYPE16
17,AIRLINE_NAME17,AIRLINE_TYPE17
18,AIRLINE_NAME18,AIRLINE_TYPE18
19,AIRLINE_NAME19,AIRLINE_TYPE19
20,AIRLINE_NAME20,AIRLINE_TYPE20
21,AIRLINE_NAME21,AIRLINE_TYPE21
22,AIRLINE_NAME22,AIRLINE_TYPE22
23,AIRLINE_NAME23,AIRLINE_TYPE23
24,AIRLINE_NAME24,AIRLINE_TYPE24
25,AIRLINE_NAME25,AIRLINE_TYPE25
26,AIRLINE_NAME26,AIRLINE_TYPE26
27,AIRLINE_NAME27,AIRLINE_TYPE27
28,AIRLINE_NAME28,AIRLINE_TYPE28
29,AIRLINE_NAME29,AIRLINE_TYPE29
30,AIRLINE_NAME30,AIRLINE_TYPE30
31,AIRLINE_NAME31,AIRLINE_TYPE31
32,AIRLINE_NAME32,AIRLINE_TYPE32
33,AIRLINE_NAME33,AIRLINE_TYPE33
34,AIRLINE_NAME34,AIRLINE_TYPE34
35,AIRLINE_NAME35,AIRLINE_TYPE35
36,AIRLINE_NAME36,AIRLINE_TYPE36
37,AIRLINE_NAME37,AIRLINE_TYPE37
38,AIRLINE_NAME38,AIRLINE_TYPE38
39,AIRLINE_NAME39,AIRLINE_TYPE39
40,AIRLINE_NAME40,AIRLINE_TYPE40
41,AIRLINE_NAME41,AIRLINE_TYPE41
42,AIRLINE_NAME42,AIRLINE_TYPE42
43,AIRLINE_NAME43,AIRLINE_TYPE43
44,AIRLINE_NAME44,AIRLINE_TYPE44
45,AIRLINE_NAME45,AIRLINE_TYPE45
46,AIRLINE_NAME46,AIRLINE_TYPE46
47,AIRLINE_NAME47,AIRLINE_TYPE47
48,AIRLINE_NAME48,AIRLINE_TYPE48
49,AIRLINE_NAME49,AIRLINE_TYPE49
50,AIRLINE_NAME50,AIRLINE_TYPE50
51,AIRLINE_NAME51,AIRLINE_TYPE51
52,AIRLINE_NAME52,AIRLINE_TYPE52
53,AIRLINE_NAME53,AIRLINE_TYPE53
54,AIRLINE_NAME54,AIRLINE_TYPE54
55,AIRLINE_NAME55,AIRLINE_TYPE55
56,AIRLINE_NAME56,AIRLINE_TYPE56
57,AIRLINE_NAME57,AIRLINE_TYPE57
58,AIRLINE_NAME58,AIRLINE_TYPE58
59,AIRLINE_NAME59,AIRLINE_TYPE59
60,AIRLINE_NAME60,AIRLINE_TYPE60
61,AIRLINE_NAME61,AIRLINE_TYPE61
62,AIRLINE_NAME62,AIRLINE_TYPE62
63,AIRLINE_NAME63,AIRLINE_TYPE63
64,AIRLINE_NAME64,AIRLINE_TYPE64
65,AIRLINE_NAME65,AIRLINE_TYPE65
66,AIRLINE_NAME66,AIRLINE_TYPE66
67,AIRLINE_NAME67,AIRLINE_TYPE67
68,AIRLINE_NAME68,AIRLINE_TYPE68
69,AIRLINE_NAME69,AIRLINE_TYPE69
70,AIRLINE_NAME70,AIRLINE_TYPE70
71,AIRLINE_NAME71,AIRLINE_TYPE71
72,AIRLINE_NAME72,AIRLINE_TYPE72
73,AIRLINE_NAME73,AIRLINE_TYPE73
74,AIRLINE_NAME74,AIRLINE_TYPE74
75,AIRLINE_NAME75,AIRLINE_TYPE75
76,AIRLINE_NAME76,AIRLINE_TYPE76
77,AIRLINE_NAME77,AIRLINE_TYPE77
78,AIRLINE_NAME78,AIRLINE_TYPE78
79,AIRLINE_NAME79,AIRLINE_TYPE79
80,AIRLINE_NAME80,AIRLINE_TYPE80
81,AIRLINE_NAME81,AIRLINE_TYPE81
82,AIRLINE_NAME82,AIRLINE_TYPE82
83,AIRLINE_NAME83,AIRLINE_TYPE83
84,AIRLINE_NAME84,AIRLINE_TYPE84
85,AIRLINE_NAME85,AIRLINE_TYPE85
86,AIRLINE_NAME86,AIRLINE_TYPE86
87,AIRLINE_NAME87,AIRLINE_TYPE87
88,AIRLINE_NAME88,AIRLINE_TYPE88
89,AIRLINE_NAME89,AIRLINE_TYPE89
90,AIRLINE_NAME90,AIRLINE_TYPE90
91,AIRLINE_NAME91,AIRLINE_TYPE91
92,AIRLINE_NAME92,AIRLINE_TYPE92
93,AIRLINE_NAME93,AIRLINE_TYPE93
94,AIRLINE_NAME94,AIRLINE_TYPE94
95,AIRLINE_NAME95,AIRLINE_TYPE95
96,AIRLINE_NAME96,AIRLINE_TYPE96
97,AIRLINE_NAME97,AIRLINE_TYPE97
98,AIRLINE_NAME98,AIRLINE_TYPE98
99,AIRLINE_NAME99,AIRLINE_TYPE99
100,AIRLINE_NAME100,AIRLINE_TYPE100
101,AIRLINE_NAME101,AIRLINE_TYPE101
102,AIRLINE_NAME102,AIRLINE_TYPE102
103,AIRLINE_NAME103,AIRLINE_TYPE103
104,AIRLINE_NAME104,AIRLINE_TYPE104
105,AIRLINE_NAME105,AIRLINE_TYPE105
106,AIRLINE_NAME106,AIRLINE_TYPE106
107,AIRLINE_NAME107,AIRLINE_TYPE107
108,AIRLINE_NAME108,AIRLINE_TYPE108
109,AIRLINE_NAME109,AIRLINE_TYPE109
110,AIRLINE_NAME110,AIRLINE_TYPE110
111,AIRLINE_NAME111,AIRLINE_TYPE111
112,AIRLINE_NAME112,AIRLINE_TYPE112
113,AIRLINE_NAME113,AIRLINE_TYPE113
114,AIRLINE_NAME114,AIRLINE_TYPE114
115,AIRLINE_NAME115,AIRLINE_TYPE115
116,AIRLINE_NAME116,AIRLINE_TYPE116
117,AIRLINE_NAME117,AIRLINE_TYPE117
118,AIRLINE_NAME118,AIRLINE_TYPE118
119,AIRLINE_NAME119,AIRLINE_TYPE119
120,AIRLINE_NAME120,AIRLINE_TYPE120
121,AIRLINE_NAME121,AIRLINE_TYPE121
122,AIRLINE_NAME122,AIRLINE_TYPE122
123,AIRLINE_NAME123,AIRLINE_TYPE123
124,AIRLINE_NAME124,AIRLINE_TYPE124
125,AIRLINE_NAME125,AIRLINE_TYPE125
126,AIRLINE_NAME126,AIRLINE_TYPE126
127,AIRLINE_NAME127,AIRLINE_TYPE127
128,AIRLINE_NAME128,AIRLINE_TYPE128
129,AIRLINE_NAME129,AIRLINE_TYPE129
130,AIRLINE_NAME130,AIRLINE_TYPE130
131,AIRLINE_NAME131,AIRLINE_TYPE131
132,AIRLINE_NAME132,AIRLINE_TYPE132
133,AIRLINE_NAME133,AIRLINE_TYPE133
134,AIRLINE_NAME134,AIRLINE_TYPE134
135,AIRLINE_NAME135,AIRLINE_TYPE135
136,AIRLINE_NAME136,AIRLINE_TYPE136
137,AIRLINE_NAME137,AIRLINE_TYPE137
138,AIRLINE_NAME138,AIRLINE_TYPE138
139,AIRLINE_NAME139,AIRLINE_TYPE139
140,AIRLINE_NAME140,AIRLINE_TYPE140
141,AIRLINE_NAME141,AIRLINE_TYPE141
142,AIRLINE_NAME142,AIRLINE_TYPE142
143,AIRLINE_NAME143,AIRLINE_TYPE143
144,AIRLINE_NAME144,AIRLINE_TYPE144
145,AIRLINE_NAME145,AIRLINE_TYPE145
146,AIRLINE_NAME146,AIRLINE_TYPE146
147,AIRLINE_NAME147,AIRLINE_TYPE147
148,AIRLINE_NAME148,AIRLINE_TYPE148
149,AIRLINE_NAME149,AIRLINE_TYPE149
150,AIRLINE_NAME150,AIRLINE_TYPE150
151,AIRLINE_NAME151,AIRLINE_TYPE151
152,AIRLINE_NAME152,AIRLINE_TYPE152
153,AIRLINE_NAME153,AIRLINE_TYPE153
154,AIRLINE_NAME154,AIRLINE_TYPE154
155,AIRLINE_NAME155,AIRLINE_TYPE155
156,AIRLINE_NAME156,AIRLINE_TYPE156
157,AIRLINE_NAME157,AIRLINE_TYPE157
158,AIRLINE_NAME158,AIRLINE_TYPE158
159,AIRLINE_NAME159,AIRLINE_TYPE159
160,AIRLINE_NAME160,AIRLINE_TYPE160
161,AIRLINE_NAME161,AIRLINE_TYPE161
162,AIRLINE_NAME162,AIRLINE_TYPE162
163,AIRLINE_NAME163,AIRLINE_TYPE163
164,AIRLINE_NAME164,AIRLINE_TYPE164
165,AIRLINE_NAME165,AIRLINE_TYPE165
166,AIRLINE_NAME166,AIRLINE_TYPE166
167,AIRLINE_NAME167,AIRLINE_TYPE167
168,AIRLINE_NAME168,AIRLINE_TYPE168
169,AIRLINE_NAME169,AIRLINE_TYPE169
170,AIRLINE_NAME170,AIRLINE_TYPE170
171,AIRLINE_NAME171,AIRLINE_TYPE171
172,AIRLINE_NAME172,AIRLINE_TYPE172
173,AIRLINE_NAME173,AIRLINE_TYPE173
174,AIRLINE_NAME174,AIRLINE_TYPE174
175,AIRLINE_NAME175,AIRLINE_TYPE175
176,AIRLINE_NAME176,AIRLINE_TYPE176
177,AIRLINE_NAME177,AIRLINE_TYPE177
178,AIRLINE_NAME178,AIRLINE_TYPE178
179,AIRLINE_NAME179,AIRLINE_TYPE179
180,AIRLINE_NAME180,AIRLINE_TYPE180
181,AIRLINE_NAME181,AIRLINE_TYPE181
182,AIRLINE_NAME182,AIRLINE_TYPE182
183,AIRLINE_NAME183,AIRLINE_TYPE183
184,AIRLINE_NAME184,AIRLINE_TYPE184
185,AIRLINE_NAME185,AIRLINE_TYPE185
186,AIRLINE_NAME186,AIRLINE_TYPE186
187,AIRLINE_NAME187,AIRLINE_TYPE187
188,AIRLINE_NAME188,AIRLINE_TYPE188
189,AIRLINE_NAME189,AIRLINE_TYPE189
190,AIRLINE_NAME190,AIRLINE_TYPE190
191,AIRLINE_NAME191,AIRLINE_TYPE191
192,AIRLINE_NAME192,AIRLINE_TYPE192
193,AIRLINE_NAME193,AIRLINE_TYPE193
194,AIRLINE_NAME194,AIRLINE_TYPE194
195,AIRLINE_NAME195,AIRLINE_TYPE195
196,AIRLINE_NAME196,AIRLINE_TYPE196
197,AIRLINE_NAME197,AIRLINE_TYPE197
198,AIRLINE_NAME198,AIRLINE_TYPE198
199,AIRLINE_NAME199,AIRLINE_TYPE199
200,AIRLINE_NAME200,AIRLINE_TYPE200
201,AIRLINE_NAME201,AIRLINE_TYPE201
202,AIRLINE_NAME202,AIRLINE_TYPE202
203,AIRLINE_NAME203,AIRLINE_TYPE203
204,AIRLINE_NAME204,AIRLINE_TYPE204
205,AIRLINE_NAME205,AIRLINE_TYPE205
206,AIRLINE_NAME206,AIRLINE_TYPE206
207,AIRLINE_NAME207,AIRLINE_TYPE207
208,AIRLINE_NAME208,AIRLINE_TYPE208
209,AIRLINE_NAME209,AIRLINE_TYPE209
210,AIRLINE_NAME210,AIRLINE_TYPE210
211,AIRLINE_NAME211,AIRLINE_TYPE211
212,AIRLINE_NAME212,AIRLINE_TYPE212
213,AIRLINE_NAME213,AIRLINE_TYPE213
214,AIRLINE_NAME214,AIRLINE_TYPE214
215,AIRLINE_NAME215,AIRLINE_TYPE215
216,AIRLINE_NAME216,AIRLINE_TYPE216
217,AIRLINE_NAME217,AIRLINE_TYPE217
218,AIRLINE_NAME218,AIRLINE_TYPE218
219,AIRLINE_NAME219,AIRLINE_TYPE219
220,AIRLINE_NAME220,AIRLINE_TYPE220
221,AIRLINE_NAME221,AIRLINE_TYPE221
222,AIRLINE_NAME222,AIRLINE_TYPE222
223,AIRLINE_NAME223,AIRLINE_TYPE223
224,AIRLINE_NAME224,AIRLINE_TYPE224
225,AIRLINE_NAME225,AIRLINE_TYPE225
226,AIRLINE_NAME226,AIRLINE_TYPE226
227,AIRLINE_NAME227,AIRLINE_TYPE227
228,AIRLINE_NAME228,AIRLINE_TYPE228
229,AIRLINE_NAME229,AIRLINE_TYPE229
230,AIRLINE_NAME230,AIRLINE_TYPE230
231,AIRLINE_NAME231,AIRLINE_TYPE231
232,AIRLINE_NAME232,AIRLINE_TYPE232
233,AIRLINE_NAME233,AIRLINE_TYPE233
234,AIRLINE_NAME234,AIRLINE_TYPE234
235,AIRLINE_NAME235,AIRLINE_TYPE235
236,AIRLINE_NAME236,AIRLINE_TYPE236
237,AIRLINE_NAME237,AIRLINE_TYPE237
238,AIRLINE_NAME238,AIRLINE_TYPE238
239,AIRLINE_NAME239,AIRLINE_TYPE239
240,AIRLINE_NAME240,AIRLINE_TYPE240
241,AIRLINE_NAME241,AIRLINE_TYPE241
242,AIRLINE_NAME242,AIRLINE_TYPE242
243,AIRLINE_NAME243,AIRLINE_TYPE243
244,AIRLINE_NAME244,AIRLINE_TYPE244
245,AIRLINE_NAME245,AIRLINE_TYPE245
246,AIRLINE_NAME246,AIRLINE_TYPE246
247,AIRLINE_NAME247,AIRLINE_TYPE247
248,AIRLINE_NAME248,AIRLINE_TYPE248
249,AIRLINE_NAME249,AIRLINE_TYPE249
250,AIRLINE_NAME250,AIRLINE_TYPE250
251,AIRLINE_NAME251,AIRLINE_TYPE251
252,AIRLINE_NAME252,AIRLINE_TYPE252
253,AIRLINE_NAME253,AIRLINE_TYPE253
254,AIRLINE_NAME254,AIRLINE_TYPE254
255,AIRLINE_NAME255,AIRLINE_TYPE255
256,AIRLINE_NAME256,AIRLINE_TYPE256
257,AIRLINE_NAME257,AIRLINE_TYPE257
258,AIRLINE_NAME258,AIRLINE_TYPE258
259,AIRLINE_NAME259,AIRLINE_TYPE259
260,AIRLINE_NAME260,AIRLINE_TYPE260
261,AIRLINE_NAME261,AIRLINE_TYPE261
262,AIRLINE_NAME262,AIRLINE_TYPE262
263,AIRLINE_NAME263,AIRLINE_TYPE263
264,AIRLINE_NAME264,AIRLINE_TYPE264
265,AIRLINE_NAME265,AIRLINE_TYPE265
266,AIRLINE_NAME266,AIRLINE_TYPE266
267,AIRLINE_NAME267,AIRLINE_TYPE267
268,AIRLINE_NAME268,AIRLINE_TYPE268
269,AIRLINE_NAME269,AIRLINE_TYPE269
270,AIRLINE_NAME270,AIRLINE_TYPE270
271,AIRLINE_NAME271,AIRLINE_TYPE271
272,AIRLINE_NAME272,AIRLINE_TYPE272
273,AIRLINE_NAME273,AIRLINE_TYPE273
274,AIRLINE_NAME274,AIRLINE_TYPE274
275,AIRLINE_NAME275,AIRLINE_TYPE275
276,AIRLINE_NAME276,AIRLINE_TYPE276
277,AIRLINE_NAME277,AIRLINE_TYPE277
278,AIRLINE_NAME278,AIRLINE_TYPE278
279,AIRLINE_NAME279,AIRLINE_TYPE279
280,AIRLINE_NAME280,AIRLINE_TYPE280
281,AIRLINE_NAME281,AIRLINE_TYPE281
282,AIRLINE_NAME282,AIRLINE_TYPE282
283,AIRLINE_NAME283,AIRLINE_TYPE283
284,AIRLINE_NAME284,AIRLINE_TYPE284
285,AIRLINE_NAME285,AIRLINE_TYPE285
286,AIRLINE_NAME286,AIRLINE_TYPE286
287,AIRLINE_NAME287,AIRLINE_TYPE287
288,AIRLINE_NAME288,AIRLINE_TYPE288
289,AIRLINE_NAME289,AIRLINE_TYPE289
290,AIRLINE_NAME290,AIRLINE_TYPE290
291,AIRLINE_NAME291,AIRLINE_TYPE291
292,AIRLINE_NAME292,AIRLINE_TYPE292
293,AIRLINE_NAME293,AIRLINE_TYPE293
294,AIRLINE_NAME294,AIRLINE_TYPE294
295,AIRLINE_NAME295,AIRLINE_TYPE295
296,AIRLINE_NAME296,AIRLINE_TYPE296
297,AIRLINE_NAME297,AIRLINE_TYPE297
298,AIRLINE_NAME298,AIRLINE_TYPE298
299,AIRLINE_NAME299,AIRLINE_TYPE299
300,AIRLINE_NAME300,AIRLINE_TYPE300
301,AIRLINE_NAME301,AIRLINE_TYPE301
302,AIRLINE_NAME302,AIRLINE_TYPE302
303,AIRLINE_NAME303,AIRLINE_TYPE303
304,AIRLINE_NAME304,AIRLINE_TYPE304
305,AIRLINE_NAME305,AIRLINE_TYPE305
306,AIRLINE_NAME306,AIRLINE_TYPE306
307,AIRLINE_NAME307,AIRLINE_TYPE307
308,AIRLINE_NAME308,AIRLINE_TYPE308
309,AIRLINE_NAME309,AIRLINE_TYPE309
310,AIRLINE_NAME310,AIRLINE_TYPE310
311,AIRLINE_NAME311,AIRLINE_TYPE311
312,AIRLINE_NAME312,AIRLINE_TYPE312
313,AIRLINE_NAME313,AIRLINE_TYPE313
314,AIRLINE_NAME314,AIRLINE_TYPE314
315,AIRLINE_NAME315,AIRLINE_TYPE315
316,AIRLINE_NAME316,AIRLINE_TYPE316
317,AIRLINE_NAME317,AIRLINE_TYPE317
318,AIRLINE_NAME318,AIRLINE_TYPE318
319,AIRLINE_NAME319,AIRLINE_TYPE319
320,AIRLINE_NAME320,AIRLINE_TYPE320
321,AIRLINE_NAME321,AIRLINE_TYPE321
322,AIRLINE_NAME322,AIRLINE_TYPE322
323,AIRLINE_NAME323,AIRLINE_TYPE323
324,AIRLINE_NAME324,AIRLINE_TYPE324
325,AIRLINE_NAME325,AIRLINE_TYPE325
326,AIRLINE_NAME326,AIRLINE_TYPE326
327,AIRLINE_NAME327,AIRLINE_TYPE327
328,AIRLINE_NAME328,AIRLINE_TYPE328
329,AIRLINE_NAME329,AIRLINE_TYPE329
330,AIRLINE_NAME330,AIRLINE_TYPE330
331,AIRLINE_NAME331,AIRLINE_TYPE331
332,AIRLINE_NAME332,AIRLINE_TYPE332
333,AIRLINE_NAME333,AIRLINE_TYPE333
334,AIRLINE_NAME334,AIRLINE_TYPE334
335,AIRLINE_NAME335,AIRLINE_TYPE335
336,AIRLINE_NAME336,AIRLINE_TYPE336
337,AIRLINE_NAME337,AIRLINE_TYPE337
338,AIRLINE_NAME338,AIRLINE_TYPE338
339,AIRLINE_NAME339,AIRLINE_TYPE339
340,AIRLINE_NAME340,AIRLINE_TYPE340
341,AIRLINE_NAME341,AIRLINE_TYPE341
342,AIRLINE_NAME342,AIRLINE_TYPE342
343,AIRLINE_NAME343,AIRLINE_TYPE343
344,AIRLINE_NAME344,AIRLINE_TYPE344
345,AIRLINE_NAME345,AIRLINE_TYPE345
346,AIRLINE_NAME346,AIRLINE_TYPE346
347,AIRLINE_NAME347,AIRLINE_TYPE347
348,AIRLINE_NAME348,AIRLINE_TYPE348
349,AIRLINE_NAME349,AIRLINE_TYPE349
350,AIRLINE_NAME350,AIRLINE_TYPE350
351,AIRLINE_NAME351,AIRLINE_TYPE351
352,AIRLINE_NAME352,AIRLINE_TYPE352
353,AIRLINE_NAME353,AIRLINE_TYPE353
354,AIRLINE_NAME354,AIRLINE_TYPE354
355,AIRLINE_NAME355,AIRLINE_TYPE355
356,AIRLINE_NAME356,AIRLINE_TYPE356
357,AIRLINE_NAME357,AIRLINE_TYPE357
358,AIRLINE_NAME358,AIRLINE_TYPE358
359,AIRLINE_NAME359,AIRLINE_TYPE359
360,AIRLINE_NAME360,AIRLINE_TYPE360
361,AIRLINE_NAME361,AIRLINE_TYPE361
362,AIRLINE_NAME362,AIRLINE_TYPE362
363,AIRLINE_NAME363,AIRLINE_TYPE363
364,AIRLINE_NAME364,AIRLINE_TYPE364
365,AIRLINE_NAME365,AIRLINE_TYPE365
366,AIRLINE_NAME366,AIRLINE_TYPE366
367,AIRLINE_NAME367,AIRLINE_TYPE367
368,AIRLINE_NAME368,AIRLINE_TYPE368
369,AIRLINE_NAME369,AIRLINE_TYPE369
370,AIRLINE_NAME370,AIRLINE_TYPE370
371,AIRLINE_NAME371,AIRLINE_TYPE371
372,AIRLINE_NAME372,AIRLINE_TYPE372
373,AIRLINE_NAME373,AIRLINE_TYPE373
374,AIRLINE_NAME374,AIRLINE_TYPE374
375,AIRLINE_NAME375,AIRLINE_TYPE375
376,AIRLINE_NAME376,AIRLINE_TYPE376
377,AIRLINE_NAME377,AIRLINE_TYPE377
378,AIRLINE_NAME378,AIRLINE_TYPE378
379,AIRLINE_NAME379,AIRLINE_TYPE379
380,AIRLINE_NAME380,AIRLINE_TYPE380
631,AIRLINE_NAME631,AIRLINE_TYPE631
632,AIRLINE_NAME632,AIRLINE_TYPE632
633,AIRLINE_NAME633,AIRLINE_TYPE633
634,AIRLINE_NAME634,AIRLINE_TYPE634
635,AIRLINE_NAME635,AIRLINE_TYPE635
636,AIRLINE_NAME636,AIRLINE_TYPE636
637,AIRLINE_NAME637,AIRLINE_TYPE637
638,AIRLINE_NAME638,AIRLINE_TYPE638
639,AIRLINE_NAME639,AIRLINE_TYPE639
640,AIRLINE_NAME640,AIRLINE_TYPE640
641,AIRLINE_NAME641,AIRLINE_TYPE641
642,AIRLINE_NAME642,AIRLINE_TYPE642
643,AIRLINE_NAME643,AIRLINE_TYPE643
644,AIRLINE_NAME644,AIRLINE_TYPE644
645,AIRLINE_NAME645,AIRLINE_TYPE645
646,AIRLINE_NAME646,AIRLINE_TYPE646
647,AIRLINE_NAME647,AIRLINE_TYPE647
648,AIRLINE_NAME648,AIRLINE_TYPE648
649,AIRLINE_NAME649,AIRLINE_TYPE649
650,AIRLINE_NAME650,AIRLINE_TYPE650
651,AIRLINE_NAME651,AIRLINE_TYPE651
652,AIRLINE_NAME652,AIRLINE_TYPE652
653,AIRLINE_NAME653,AIRLINE_TYPE653
654,AIRLINE_NAME654,AIRLINE_TYPE654
655,AIRLINE_NAME655,AIRLINE_TYPE655
656,AIRLINE_NAME656,AIRLINE_TYPE656
657,AIRLINE_NAME657,AIRLINE_TYPE657
658,AIRLINE_NAME658,AIRLINE_TYPE658
659,AIRLINE_NAME659,AIRLINE_TYPE659
660,AIRLINE_NAME660,AIRLINE_TYPE660
661,AIRLINE_NAME661,AIRLINE_TYPE661
662,AIRLINE_NAME662,AIRLINE_TYPE662
663,AIRLINE_NAME663,AIRLINE_TYPE663
664,AIRLINE_NAME664,AIRLINE_TYPE664
665,AIRLINE_NAME665,AIRLINE_TYPE665
666,AIRLINE_NAME666,AIRLINE_TYPE666
667,AIRLINE_NAME667,AIRLINE_TYPE667
668,AIRLINE_NAME668,AIRLINE_TYPE668
669,AIRLINE_NAME669,AIRLINE_TYPE669
670,AIRLINE_NAME670,AIRLINE_TYPE670
671,AIRLINE_NAME671,AIRLINE_TYPE671
672,AIRLINE_NAME672,AIRLINE_TYPE672
673,AIRLINE_NAME673,AIRLINE_TYPE673
674,AIRLINE_NAME674,AIRLINE_TYPE674
675,AIRLINE_NAME675,AIRLINE_TYPE675
676,AIRLINE_NAME676,AIRLINE_TYPE676
677,AIRLINE_NAME677,AIRLINE_TYPE677
678,AIRLINE_NAME678,AIRLINE_TYPE678
679,AIRLINE_NAME679,AIRLINE_TYPE679
680,AIRLINE_NAME680,AIRLINE_TYPE680
681,AIRLINE_NAME681,AIRLINE_TYPE681
682,AIRLINE_NAME682,AIRLINE_TYPE682
683,AIRLINE_NAME683,AIRLINE_TYPE683
684,AIRLINE_NAME684,AIRLINE_TYPE684
685,AIRLINE_NAME685,AIRLINE_TYPE685
686,AIRLINE_NAME686,AIRLINE_TYPE686
687,AIRLINE_NAME687,AIRLINE_TYPE687
688,AIRLINE_NAME688,AIRLINE_TYPE688
689,AIRLINE_NAME689,AIRLINE_TYPE689
690,AIRLINE_NAME690,AIRLINE_TYPE690
691,AIRLINE_NAME691,AIRLINE_TYPE691
692,AIRLINE_NAME692,AIRLINE_TYPE692
693,AIRLINE_NAME693,AIRLINE_TYPE693
694,AIRLINE_NAME694,AIRLINE_TYPE694
695,AIRLINE_NAME695,AIRLINE_TYPE695
696,AIRLINE_NAME696,AIRLINE_TYPE696
697,AIRLINE_NAME697,AIRLINE_TYPE697
698,AIRLINE_NAME698,AIRLINE_TYPE698
699,AIRLINE_NAME699,AIRLINE_TYPE699
700,AIRLINE_NAME700,AIRLINE_TYPE700
701,AIRLINE_NAME701,AIRLINE_TYPE701
702,AIRLINE_NAME702,AIRLINE_TYPE702
703,AIRLINE_NAME703,AIRLINE_TYPE703
704,AIRLINE_NAME704,AIRLINE_TYPE704
705,AIRLINE_NAME705,AIRLINE_TYPE705
706,AIRLINE_NAME706,AIRLINE_TYPE706
707,AIRLINE_NAME707,AIRLINE_TYPE707
708,AIRLINE_NAME708,AIRLINE_TYPE708
709,AIRLINE_NAME709,AIRLINE_TYPE709
710,AIRLINE_NAME710,AIRLINE_TYPE710
711,AIRLINE_NAME711,AIRLINE_TYPE711
712,AIRLINE_NAME712,AIRLINE_TYPE712
713,AIRLINE_NAME713,AIRLINE_TYPE713
714,AIRLINE_NAME714,AIRLINE_TYPE714
715,AIRLINE_NAME715,AIRLINE_TYPE715
716,AIRLINE_NAME716,AIRLINE_TYPE716
717,AIRLINE_NAME717,AIRLINE_TYPE717
718,AIRLINE_NAME718,AIRLINE_TYPE718
719,AIRLINE_NAME719,AIRLINE_TYPE719
720,AIRLINE_NAME720,AIRLINE_TYPE720
721,AIRLINE_NAME721,AIRLINE_TYPE721
722,AIRLINE_NAME722,AIRLINE_TYPE722
723,AIRLINE_NAME723,AIRLINE_TYPE723
724,AIRLINE_NAME724,AIRLINE_TYPE724
725,AIRLINE_NAME725,AIRLINE_TYPE725
726,AIRLINE_NAME726,AIRLINE_TYPE726
727,AIRLINE_NAME727,AIRLINE_TYPE727
728,AIRLINE_NAME728,AIRLINE_TYPE728
729,AIRLINE_NAME729,AIRLINE_TYPE729
730,AIRLINE_NAME730,AIRLINE_TYPE730
731,AIRLINE_NAME731,AIRLINE_TYPE731
732,AIRLINE_NAME732,AIRLINE_TYPE732
733,AIRLINE_NAME733,AIRLINE_TYPE733
734,AIRLINE_NAME734,AIRLINE_TYPE734
735,AIRLINE_NAME735,AIRLINE_TYPE735
736,AIRLINE_NAME736,AIRLINE_TYPE736
737,AIRLINE_NAME737,AIRLINE_TYPE737
738,AIRLINE_NAME738,AIRLINE_TYPE738
739,AIRLINE_NAME739,AIRLINE_TYPE739
740,AIRLINE_NAME740,AIRLINE_TYPE740
741,AIRLINE_NAME741,AIRLINE_TYPE741
742,AIRLINE_NAME742,AIRLINE_TYPE742
743,AIRLINE_NAME743,AIRLINE_TYPE743
744,AIRLINE_NAME744,AIRLINE_TYPE744
745,AIRLINE_NAME745,AIRLINE_TYPE745
746,AIRLINE_NAME746,AIRLINE_TYPE746
747,AIRLINE_NAME747,AIRLINE_TYPE747
748,AIRLINE_NAME748,AIRLINE_TYPE748
749,AIRLINE_NAME749,AIRLINE_TYPE749
750,AIRLINE_NAME750,AIRLINE_TYPE750
751,AIRLINE_NAME751,AIRLINE_TYPE751
752,AIRLINE_NAME752,AIRLINE_TYPE752
753,AIRLINE_NAME753,AIRLINE_TYPE753
754,AIRLINE_NAME754,AIRLINE_TYPE754
755,AIRLINE_NAME755,AIRLINE_TYPE755
756,AIRLINE_NAME756,AIRLINE_TYPE756
757,AIRLINE_NAME757,AIRLINE_TYPE757
758,AIRLINE_NAME758,AIRLINE_TYPE758
759,AIRLINE_NAME759,AIRLINE_TYPE759
760,AIRLINE_NAME760,AIRLINE_TYPE760
761,AIRLINE_NAME761,AIRLINE_TYPE761
762,AIRLINE_NAME762,AIRLINE_TYPE762
763,AIRLINE_NAME763,AIRLINE_TYPE763
764,AIRLINE_NAME764,AIRLINE_TYPE764
765,AIRLINE_NAME765,AIRLINE_TYPE765
766,AIRLINE_NAME766,AIRLINE_TYPE766
767,AIRLINE_NAME767,AIRLINE_TYPE767
768,AIRLINE_NAME768,AIRLINE_TYPE768
769,AIRLINE_NAME769,AIRLINE_TYPE769
770,AIRLINE_NAME770,AIRLINE_TYPE770
771,AIRLINE_NAME771,AIRLINE_TYPE771
772,AIRLINE_NAME772,AIRLINE_TYPE772
773,AIRLINE_NAME773,AIRLINE_TYPE773
774,AIRLINE_NAME774,AIRLINE_TYPE774
775,AIRLINE_NAME775,AIRLINE_TYPE775
776,AIRLINE_NAME776,AIRLINE_TYPE776
777,AIRLINE_NAME777,AIRLINE_TYPE777
778,AIRLINE_NAME778,AIRLINE_TYPE778
779,AIRLINE_NAME779,AIRLINE_TYPE779
780,AIRLINE_NAME780,AIRLINE_TYPE780
781,AIRLINE_NAME781,AIRLINE_TYPE781
782,AIRLINE_NAME782,AIRLINE_TYPE782
783,AIRLINE_NAME783,AIRLINE_TYPE783
784,AIRLINE_NAME784,AIRLINE_TYPE784
785,AIRLINE_NAME785,AIRLINE_TYPE785
786,AIRLINE_NAME786,AIRLINE_TYPE786
787,AIRLINE_NAME787,AIRLINE_TYPE787
788,AIRLINE_NAME788,AIRLINE_TYPE788
789,AIRLINE_NAME789,AIRLINE_TYPE789
790,AIRLINE_NAME790,AIRLINE_TYPE790
791,AIRLINE_NAME791,AIRLINE_TYPE791
792,AIRLINE_NAME792,AIRLINE_TYPE792
793,AIRLINE_NAME793,AIRLINE_TYPE793
794,AIRLINE_NAME794,AIRLINE_TYPE794
795,AIRLINE_NAME795,AIRLINE_TYPE795
796,AIRLINE_NAME796,AIRLINE_TYPE796
797,AIRLINE_NAME797,AIRLINE_TYPE797
798,AIRLINE_NAME798,AIRLINE_TYPE798
799,AIRLINE_NAME799,AIRLINE_TYPE799
800,AIRLINE_NAME800,AIRLINE_TYPE800
801,AIRLINE_NAME801,AIRLINE_TYPE801
802,AIRLINE_NAME802,AIRLINE_TYPE802
803,AIRLINE_NAME803,AIRLINE_TYPE803
804,AIRLINE_NAME804,AIRLINE_TYPE804
805,AIRLINE_NAME805,AIRLINE_TYPE805
806,AIRLINE_NAME806,AIRLINE_TYPE806
807,AIRLINE_NAME807,AIRLINE_TYPE807
808,AIRLINE_NAME808,AIRLINE_TYPE808
809,AIRLINE_NAME809,AIRLINE_TYPE809
810,AIRLINE_NAME810,AIRLINE_TYPE810
811,AIRLINE_NAME811,AIRLINE_TYPE811
812,AIRLINE_NAME812,AIRLINE_TYPE812
813,AIRLINE_NAME813,AIRLINE_TYPE813
814,AIRLINE_NAME814,AIRLINE_TYPE814
815,AIRLINE_NAME815,AIRLINE_TYPE815
816,AIRLINE_NAME816,AIRLINE_TYPE816
817,AIRLINE_NAME817,AIRLINE_TYPE817
818,AIRLINE_NAME818,AIRLINE_TYPE818
819,AIRLINE_NAME819,AIRLINE_TYPE819
820,AIRLINE_NAME820,AIRLINE_TYPE820
821,AIRLINE_NAME821,AIRLINE_TYPE821
822,AIRLINE_NAME822,AIRLINE_TYPE822
823,AIRLINE_NAME823,AIRLINE_TYPE823
824,AIRLINE_NAME824,AIRLINE_TYPE824
825,AIRLINE_NAME825,AIRLINE_TYPE825
826,AIRLINE_NAME826,AIRLINE_TYPE826
827,AIRLINE_NAME827,AIRLINE_TYPE827
828,AIRLINE_NAME828,AIRLINE_TYPE828
829,AIRLINE_NAME829,AIRLINE_TYPE829
830,AIRLINE_NAME830,AIRLINE_TYPE830
831,AIRLINE_NAME831,AIRLINE_TYPE831
832,AIRLINE_NAME832,AIRLINE_TYPE832
833,AIRLINE_NAME833,AIRLINE_TYPE833
834,AIRLINE_NAME834,AIRLINE_TYPE834
835,AIRLINE_NAME835,AIRLINE_TYPE835
836,AIRLINE_NAME836,AIRLINE_TYPE836
837,AIRLINE_NAME837,AIRLINE_TYPE837
838,AIRLINE_NAME838,AIRLINE_TYPE838
839,AIRLINE_NAME839,AIRLINE_TYPE839
840,AIRLINE_NAME840,AIRLINE_TYPE840
841,AIRLINE_NAME841,AIRLINE_TYPE841
842,AIRLINE_NAME842,AIRLINE_TYPE842
843,AIRLINE_NAME843,AIRLINE_TYPE843
844,AIRLINE_NAME844,AIRLINE_TYPE844
845,AIRLINE_NAME845,AIRLINE_TYPE845
846,AIRLINE_NAME846,AIRLINE_TYPE846
847,AIRLINE_NAME847,AIRLINE_TYPE847
848,AIRLINE_NAME848,AIRLINE_TYPE848
849,AIRLINE_NAME849,AIRLINE_TYPE849
850,AIRLINE_NAME850,AIRLINE_TYPE850
851,AIRLINE_NAME851,AIRLINE_TYPE851
852,AIRLINE_NAME852,AIRLINE_TYPE852
853,AIRLINE_NAME853,AIRLINE_TYPE853
854,AIRLINE_NAME854,AIRLINE_TYPE854
855,AIRLINE_NAME855,AIRLINE_TYPE855
856,AIRLINE_NAME856,AIRLINE_TYPE856
857,AIRLINE_NAME857,AIRLINE_TYPE857
858,AIRLINE_NAME858,AIRLINE_TYPE858
859,AIRLINE_NAME859,AIRLINE_TYPE859
860,AIRLINE_NAME860,AIRLINE_TYPE860
861,AIRLINE_NAME861,AIRLINE_TYPE861
862,AIRLINE_NAME862,AIRLINE_TYPE862
863,AIRLINE_NAME863,AIRLINE_TYPE863
864,AIRLINE_NAME864,AIRLINE_TYPE864
865,AIRLINE_NAME865,AIRLINE_TYPE865
866,AIRLINE_NAME866,AIRLINE_TYPE866
867,AIRLINE_NAME867,AIRLINE_TYPE867
868,AIRLINE_NAME868,AIRLINE_TYPE868
869,AIRLINE_NAME869,AIRLINE_TYPE869
870,AIRLINE_NAME870,AIRLINE_TYPE870
871,AIRLINE_NAME871,AIRLINE_TYPE871
872,AIRLINE_NAME872,AIRLINE_TYPE872
873,AIRLINE_NAME873,AIRLINE_TYPE873
874,AIRLINE_NAME874,AIRLINE_TYPE874
875,AIRLINE_NAME875,AIRLINE_TYPE875
876,AIRLINE_NAME876,AIRLINE_TYPE876
877,AIRLINE_NAME877,AIRLINE_TYPE877
878,AIRLINE_NAME878,AIRLINE_TYPE878
879,AIRLINE_NAME879,AIRLINE_TYPE879
880,AIRLINE_NAME880,AIRLINE_TYPE880
881,AIRLINE_NAME881,AIRLINE_TYPE881
882,AIRLINE_NAME882,AIRLINE_TYPE882
883,AIRLINE_NAME883,AIRLINE_TYPE883
884,AIRLINE_NAME884,AIRLINE_TYPE884
885,AIRLINE_NAME885,AIRLINE_TYPE885
886,AIRLINE_NAME886,AIRLINE_TYPE886
887,AIRLINE_NAME887,AIRLINE_TYPE887
888,AIRLINE_NAME888,AIRLINE_TYPE888
889,AIRLINE_NAME889,AIRLINE_TYPE889
890,AIRLINE_NAME890,AIRLINE_TYPE890
891,AIRLINE_NAME891,AIRLINE_TYPE891
892,AIRLINE_NAME892,AIRLINE_TYPE892
893,AIRLINE_NAME893,AIRLINE_TYPE893
894,AIRLINE_NAME894,AIRLINE_TYPE894
895,AIRLINE_NAME895,AIRLINE_TYPE895
896,AIRLINE_NAME896,AIRLINE_TYPE896
897,AIRLINE_NAME897,AIRLINE_TYPE897
898,AIRLINE_NAME898,AIRLINE_TYPE898
899,AIRLINE_NAME899,AIRLINE_TYPE899
900,AIRLINE_NAME900,AIRLINE_TYPE900
901,AIRLINE_NAME901,AIRLINE_TYPE901
902,AIRLINE_NAME902,AIRLINE_TYPE902
903,AIRLINE_NAME903,AIRLINE_TYPE903
904,AIRLINE_NAME904,AIRLINE_TYPE904
905,AIRLINE_NAME905,AIRLINE_TYPE905
906,AIRLINE_NAME906,AIRLINE_TYPE906
907,AIRLINE_NAME907,AIRLINE_TYPE907
908,AIRLINE_NAME908,AIRLINE_TYPE908
909,AIRLINE_NAME909,AIRLINE_TYPE909
910,AIRLINE_NAME910,AIRLINE_TYPE910
911,AIRLINE_NAME911,AIRLINE_TYPE911
912,AIRLINE_NAME912,AIRLINE_TYPE912
913,AIRLINE_NAME913,AIRLINE_TYPE913
914,AIRLINE_NAME914,AIRLINE_TYPE914
915,AIRLINE_NAME915,AIRLINE_TYPE915
916,AIRLINE_NAME916,AIRLINE_TYPE916
917,AIRLINE_NAME917,AIRLINE_TYPE917
918,AIRLINE_NAME918,AIRLINE_TYPE918
919,AIRLINE_NAME919,AIRLINE_TYPE919
920,AIRLINE_NAME920,AIRLINE_TYPE920
921,AIRLINE_NAME921,AIRLINE_TYPE921
922,AIRLINE_NAME922,AIRLINE_TYPE922
923,AIRLINE_NAME923,AIRLINE_TYPE923
924,AIRLINE_NAME924,AIRLINE_TYPE924
925,AIRLINE_NAME925,AIRLINE_TYPE925
926,AIRLINE_NAME926,AIRLINE_TYPE926
927,AIRLINE_NAME927,AIRLINE_TYPE927
928,AIRLINE_NAME928,AIRLINE_TYPE928
929,AIRLINE_NAME929,AIRLINE_TYPE929
930,AIRLINE_NAME930,AIRLINE_TYPE930
931,AIRLINE_NAME931,AIRLINE_TYPE931
932,AIRLINE_NAME932,AIRLINE_TYPE932
933,AIRLINE_NAME933,AIRLINE_TYPE933
934,AIRLINE_NAME934,AIRLINE_TYPE934
935,AIRLINE_NAME935,AIRLINE_TYPE935
936,AIRLINE_NAME936,AIRLINE_TYPE936
937,AIRLINE_NAME937,AIRLINE_TYPE937
938,AIRLINE_NAME938,AIRLINE_TYPE938
939,AIRLINE_NAME939,AIRLINE_TYPE939
940,AIRLINE_NAME940,AIRLINE_TYPE940
941,AIRLINE_NAME941,AIRLINE_TYPE941
942,AIRLINE_NAME942,AIRLINE_TYPE942
943,AIRLINE_NAME943,AIRLINE_TYPE943
944,AIRLINE_NAME944,AIRLINE_TYPE944
945,AIRLINE_NAME945,AIRLINE_TYPE945
946,AIRLINE_NAME946,AIRLINE_TYPE946
947,AIRLINE_NAME947,AIRLINE_TYPE947
948,AIRLINE_NAME948,AIRLINE_TYPE948
949,AIRLINE_NAME949,AIRLINE_TYPE949
950,AIRLINE_NAME950,AIRLINE_TYPE950
951,AIRLINE_NAME951,AIRLINE_TYPE951
952,AIRLINE_NAME952,AIRLINE_TYPE952
953,AIRLINE_NAME953,AIRLINE_TYPE953
954,AIRLINE_NAME954,AIRLINE_TYPE954
955,AIRLINE_NAME955,AIRLINE_TYPE955
956,AIRLINE_NAME956,AIRLINE_TYPE956
957,AIRLINE_NAME957,AIRLINE_TYPE957
958,AIRLINE_NAME958,AIRLINE_TYPE958
959,AIRLINE_NAME959,AIRLINE_TYPE959
960,AIRLINE_NAME960,AIRLINE_TYPE960
961,AIRLINE_NAME961,AIRLINE_TYPE961
962,AIRLINE_NAME962,AIRLINE_TYPE962
963,AIRLINE_NAME963,AIRLINE_TYPE963
964,AIRLINE_NAME964,AIRLINE_TYPE964
965,AIRLINE_NAME965,AIRLINE_TYPE965
966,AIRLINE_NAME966,AIRLINE_TYPE966
967,AIRLINE_NAME967,AIRLINE_TYPE967
968,AIRLINE_NAME968,AIRLINE_TYPE968
969,AIRLINE_NAME969,AIRLINE_TYPE969
970,AIRLINE_NAME970,AIRLINE_TYPE970
971,AIRLINE_NAME971,AIRLINE_TYPE971
972,AIRLINE_NAME972,AIRLINE_TYPE972
973,AIRLINE_NAME973,AIRLINE_TYPE973
974,AIRLINE_NAME974,AIRLINE_TYPE974
975,AIRLINE_NAME975,AIRLINE_TYPE975
976,AIRLINE_NAME976,AIRLINE_TYPE976
977,AIRLINE_NAME977,AIRLINE_TYPE977
978,AIRLINE_NAME978,AIRLINE_TYPE978
979,AIRLINE_NAME979,AIRLINE_TYPE979
980,AIRLINE_NAME980,AIRLINE_TYPE980
981,AIRLINE_NAME981,AIRLINE_TYPE981
982,AIRLINE_NAME982,AIRLINE_TYPE982
983,AIRLINE_NAME983,AIRLINE_TYPE983
984,AIRLINE_NAME984,AIRLINE_TYPE984
985,AIRLINE_NAME985,AIRLINE_TYPE985
986,AIRLINE_NAME986,AIRLINE_TYPE986
987,AIRLINE_NAME987,AIRLINE_TYPE987
988,AIRLINE_NAME988,AIRLINE_TYPE988
989,AIRLINE_NAME989,AIRLINE_TYPE989
990,AIRLINE_NAME990,AIRLINE_TYPE990
991,AIRLINE_NAME991,AIRLINE_TYPE991
992,AIRLINE_NAME992,AIRLINE_TYPE992
993,AIRLINE_NAME993,AIRLINE_TYPE993
994,AIRLINE_NAME994,AIRLINE_TYPE994
995,AIRLINE_NAME995,AIRLINE_TYPE995
996,AIRLINE_NAME996,AIRLINE_TYPE996
997,AIRLINE_NAME997,AIRLINE_TYPE997
998,AIRLINE_NAME998,AIRLINE_TYPE998
999,AIRLINE_NAME999,AIRLINE_TYPE999
