762,COUNTRY_NAME762,762
763,COUNTRY_NAME763,763
764,COUNTRY_NAME764,764
765,COUNTRY_NAME765,765
766,COUNTRY_NAME766,766
767,COUNTRY_NAME767,767
768,COUNTRY_NAME768,768
769,COUNTRY_NAME769,769
770,COUNTRY_NAME770,770
771,COUNTRY_NAME771,771
772,COUNTRY_NAME772,772
773,COUNTRY_NAME773,773
774,COUNTRY_NAME774,774
775,COUNTRY_NAME775,775
776,COUNTRY_NAME776,776
777,COUNTRY_NAME777,777
778,COUNTRY_NAME778,778
779,COUNTRY_NAME779,779
780,COUNTRY_NAME780,780
781,COUNTRY_NAME781,781
782,COUNTRY_NAME782,782
783,COUNTRY_NAME783,783
784,COUNTRY_NAME784,784
785,COUNTRY_NAME785,785
786,COUNTRY_NAME786,786
787,COUNTRY_NAME787,787
788,COUNTRY_NAME788,788
789,COUNTRY_NAME789,789
790,COUNTRY_NAME790,790
791,COUNTRY_NAME791,791
792,COUNTRY_NAME792,792
793,COUNTRY_NAME793,793
794,COUNTRY_NAME794,794
795,COUNTRY_NAME795,795
796,COUNTRY_NAME796,796
797,COUNTRY_NAME797,797
798,COUNTRY_NAME798,798
799,COUNTRY_NAME799,799
800,COUNTRY_NAME800,800
801,COUNTRY_NAME801,801
802,COUNTRY_NAME802,802
803,COUNTRY_NAME803,803
804,COUNTRY_NAME804,804
805,COUNTRY_NAME805,805
806,COUNTRY_NAME806,806
807,COUNTRY_NAME807,807
808,COUNTRY_NAME808,808
809,COUNTRY_NAME809,809
810,COUNTRY_NAME810,810
811,COUNTRY_NAME811,811
812,COUNTRY_NAME812,812
813,COUNTRY_NAME813,813
814,COUNTRY_NAME814,814
815,COUNTRY_NAME815,815
816,COUNTRY_NAME816,816
817,COUNTRY_NAME817,817
818,COUNTRY_NAME818,818
819,COUNTRY_NAME819,819
820,COUNTRY_NAME820,820
821,COUNTRY_NAME821,821
822,COUNTRY_NAME822,822
823,COUNTRY_NAME823,823
824,COUNTRY_NAME824,824
825,COUNTRY_NAME825,825
826,COUNTRY_NAME826,826
827,COUNTRY_NAME827,827
828,COUNTRY_NAME828,828
829,COUNTRY_NAME829,829
830,COUNTRY_NAME830,830
831,COUNTRY_NAME831,831
832,COUNTRY_NAME832,832
833,COUNTRY_NAME833,833
834,COUNTRY_NAME834,834
835,COUNTRY_NAME835,835
836,COUNTRY_NAME836,836
837,COUNTRY_NAME837,837
838,COUNTRY_NAME838,838
839,COUNTRY_NAME839,839
840,COUNTRY_NAME840,840
841,COUNTRY_NAME841,841
842,COUNTRY_NAME842,842
843,COUNTRY_NAME843,843
844,COUNTRY_NAME844,844
845,COUNTRY_NAME845,845
846,COUNTRY_NAME846,846
847,COUNTRY_NAME847,847
848,COUNTRY_NAME848,848
849,COUNTRY_NAME849,849
850,COUNTRY_NAME850,850
851,COUNTRY_NAME851,851
852,COUNTRY_NAME852,852
853,COUNTRY_NAME853,853
854,COUNTRY_NAME854,854
855,COUNTRY_NAME855,855
856,COUNTRY_NAME856,856
857,COUNTRY_NAME857,857
858,COUNTRY_NAME858,858
859,COUNTRY_NAME859,859
860,COUNTRY_NAME860,860
861,COUNTRY_NAME861,861
862,COUNTRY_NAME862,862
863,COUNTRY_NAME863,863
864,COUNTRY_NAME864,864
865,COUNTRY_NAME865,865
866,COUNTRY_NAME866,866
867,COUNTRY_NAME867,867
868,COUNTRY_NAME868,868
869,COUNTRY_NAME869,869
870,COUNTRY_NAME870,870
871,COUNTRY_NAME871,871
872,COUNTRY_NAME872,872
873,COUNTRY_NAME873,873
874,COUNTRY_NAME874,874
875,COUNTRY_NAME875,875
876,COUNTRY_NAME876,876
877,COUNTRY_NAME877,877
878,COUNTRY_NAME878,878
879,COUNTRY_NAME879,879
880,COUNTRY_NAME880,880
881,COUNTRY_NAME881,881
882,COUNTRY_NAME882,882
883,COUNTRY_NAME883,883
884,COUNTRY_NAME884,884
885,COUNTRY_NAME885,885
886,COUNTRY_NAME886,886
887,COUNTRY_NAME887,887
888,COUNTRY_NAME888,888
889,COUNTRY_NAME889,889
890,COUNTRY_NAME890,890
891,COUNTRY_NAME891,891
892,COUNTRY_NAME892,892
893,COUNTRY_NAME893,893
894,COUNTRY_NAME894,894
895,COUNTRY_NAME895,895
896,COUNTRY_NAME896,896
897,COUNTRY_NAME897,897
898,COUNTRY_NAME898,898
899,COUNTRY_NAME899,899
900,COUNTRY_NAME900,900
901,COUNTRY_NAME901,901
902,COUNTRY_NAME902,902
903,COUNTRY_NAME903,903
904,COUNTRY_NAME904,904
905,COUNTRY_NAME905,905
906,COUNTRY_NAME906,906
907,COUNTRY_NAME907,907
908,COUNTRY_NAME908,908
909,COUNTRY_NAME909,909
910,COUNTRY_NAME910,910
911,COUNTRY_NAME911,911
912,COUNTRY_NAME912,912
913,COUNTRY_NAME913,913
914,COUNTRY_NAME914,914
915,COUNTRY_NAME915,915
916,COUNTRY_NAME916,916
917,COUNTRY_NAME917,917
918,COUNTRY_NAME918,918
919,COUNTRY_NAME919,919
920,COUNTRY_NAME920,920
921,COUNTRY_NAME921,921
922,COUNTRY_NAME922,922
923,COUNTRY_NAME923,923
924,COUNTRY_NAME924,924
925,COUNTRY_NAME925,925
926,COUNTRY_NAME926,926
927,COUNTRY_NAME927,927
928,COUNTRY_NAME928,928
929,COUNTRY_NAME929,929
930,COUNTRY_NAME930,930
931,COUNTRY_NAME931,931
932,COUNTRY_NAME932,932
933,COUNTRY_NAME933,933
934,COUNTRY_NAME934,934
935,COUNTRY_NAME935,935
936,COUNTRY_NAME936,936
937,COUNTRY_NAME937,937
938,COUNTRY_NAME938,938
939,COUNTRY_NAME939,939
940,COUNTRY_NAME940,940
941,COUNTRY_NAME941,941
942,COUNTRY_NAME942,942
943,COUNTRY_NAME943,943
944,COUNTRY_NAME944,944
945,COUNTRY_NAME945,945
946,COUNTRY_NAME946,946
947,COUNTRY_NAME947,947
948,COUNTRY_NAME948,948
949,COUNTRY_NAME949,949
950,COUNTRY_NAME950,950
951,COUNTRY_NAME951,951
952,COUNTRY_NAME952,952
953,COUNTRY_NAME953,953
954,COUNTRY_NAME954,954
955,COUNTRY_NAME955,955
956,COUNTRY_NAME956,956
957,COUNTRY_NAME957,957
958,COUNTRY_NAME958,958
959,COUNTRY_NAME959,959
960,COUNTRY_NAME960,960
961,COUNTRY_NAME961,961
962,COUNTRY_NAME962,962
963,COUNTRY_NAME963,963
964,COUNTRY_NAME964,964
965,COUNTRY_NAME965,965
966,COUNTRY_NAME966,966
967,COUNTRY_NAME967,967
968,COUNTRY_NAME968,968
969,COUNTRY_NAME969,969
970,COUNTRY_NAME970,970
971,COUNTRY_NAME971,971
972,COUNTRY_NAME972,972
973,COUNTRY_NAME973,973
974,COUNTRY_NAME974,974
975,COUNTRY_NAME975,975
976,COUNTRY_NAME976,976
977,COUNTRY_NAME977,977
978,COUNTRY_NAME978,978
979,COUNTRY_NAME979,979
980,COUNTRY_NAME980,980
981,COUNTRY_NAME981,981
982,COUNTRY_NAME982,982
983,COUNTRY_NAME983,983
984,COUNTRY_NAME984,984
985,COUNTRY_NAME985,985
986,COUNTRY_NAME986,986
987,COUNTRY_NAME987,987
988,COUNTRY_NAME988,988
989,COUNTRY_NAME989,989
990,COUNTRY_NAME990,990
991,COUNTRY_NAME991,991
992,COUNTRY_NAME992,992
993,COUNTRY_NAME993,993
994,COUNTRY_NAME994,994
995,COUNTRY_NAME995,995
996,COUNTRY_NAME996,996
997,COUNTRY_NAME997,997
998,COUNTRY_NAME998,998
999,COUNTRY_NAME999,999
1,COUNTRY_NAME1,1
2,COUNTRY_NAME2,2
3,COUNTRY_NAME3,3
4,COUNTRY_NAME4,4
5,COUNTRY_NAME5,5
6,COUNTRY_NAME6,6
7,COUNTRY_NAME7,7
8,COUNTRY_NAME8,8
9,COUNTRY_NAME9,9
10,COUNTRY_NAME10,10
11,COUNTRY_NAME11,11
12,COUNTRY_NAME12,12
13,COUNTRY_NAME13,13
14,COUNTRY_NAME14,14
15,COUNTRY_NAME15,15
16,COUNTRY_NAME16,16
17,COUNTRY_NAME17,17
18,COUNTRY_NAME18,18
19,COUNTRY_NAME19,19
20,COUNTRY_NAME20,20
21,COUNTRY_NAME21,21
22,COUNTRY_NAME22,22
23,COUNTRY_NAME23,23
24,COUNTRY_NAME24,24
25,COUNTRY_NAME25,25
26,COUNTRY_NAME26,26
27,COUNTRY_NAME27,27
28,COUNTRY_NAME28,28
29,COUNTRY_NAME29,29
30,COUNTRY_NAME30,30
31,COUNTRY_NAME31,31
32,COUNTRY_NAME32,32
33,COUNTRY_NAME33,33
34,COUNTRY_NAME34,34
35,COUNTRY_NAME35,35
36,COUNTRY_NAME36,36
37,COUNTRY_NAME37,37
38,COUNTRY_NAME38,38
39,COUNTRY_NAME39,39
40,COUNTRY_NAME40,40
41,COUNTRY_NAME41,41
42,COUNTRY_NAME42,42
43,COUNTRY_NAME43,43
44,COUNTRY_NAME44,44
45,COUNTRY_NAME45,45
46,COUNTRY_NAME46,46
47,COUNTRY_NAME47,47
48,COUNTRY_NAME48,48
49,COUNTRY_NAME49,49
50,COUNTRY_NAME50,50
51,COUNTRY_NAME51,51
52,COUNTRY_NAME52,52
53,COUNTRY_NAME53,53
54,COUNTRY_NAME54,54
55,COUNTRY_NAME55,55
56,COUNTRY_NAME56,56
57,COUNTRY_NAME57,57
58,COUNTRY_NAME58,58
59,COUNTRY_NAME59,59
60,COUNTRY_NAME60,60
61,COUNTRY_NAME61,61
62,COUNTRY_NAME62,62
63,COUNTRY_NAME63,63
64,COUNTRY_NAME64,64
65,COUNTRY_NAME65,65
66,COUNTRY_NAME66,66
67,COUNTRY_NAME67,67
68,COUNTRY_NAME68,68
69,COUNTRY_NAME69,69
70,COUNTRY_NAME70,70
71,COUNTRY_NAME71,71
72,COUNTRY_NAME72,72
73,COUNTRY_NAME73,73
74,COUNTRY_NAME74,74
75,COUNTRY_NAME75,75
76,COUNTRY_NAME76,76
77,COUNTRY_NAME77,77
78,COUNTRY_NAME78,78
79,COUNTRY_NAME79,79
80,COUNTRY_NAME80,80
81,COUNTRY_NAME81,81
82,COUNTRY_NAME82,82
83,COUNTRY_NAME83,83
84,COUNTRY_NAME84,84
85,COUNTRY_NAME85,85
86,COUNTRY_NAME86,86
87,COUNTRY_NAME87,87
88,COUNTRY_NAME88,88
89,COUNTRY_NAME89,89
90,COUNTRY_NAME90,90
91,COUNTRY_NAME91,91
92,COUNTRY_NAME92,92
93,COUNTRY_NAME93,93
94,COUNTRY_NAME94,94
95,COUNTRY_NAME95,95
96,COUNTRY_NAME96,96
97,COUNTRY_NAME97,97
98,COUNTRY_NAME98,98
99,COUNTRY_NAME99,99
100,COUNTRY_NAME100,100
101,COUNTRY_NAME101,101
102,COUNTRY_NAME102,102
103,COUNTRY_NAME103,103
104,COUNTRY_NAME104,104
105,COUNTRY_NAME105,105
106,COUNTRY_NAME106,106
107,COUNTRY_NAME107,107
108,COUNTRY_NAME108,108
109,COUNTRY_NAME109,109
110,COUNTRY_NAME110,110
111,COUNTRY_NAME111,111
112,COUNTRY_NAME112,112
113,COUNTRY_NAME113,113
114,COUNTRY_NAME114,114
115,COUNTRY_NAME115,115
116,COUNTRY_NAME116,116
117,COUNTRY_NAME117,117
118,COUNTRY_NAME118,118
119,COUNTRY_NAME119,119
120,COUNTRY_NAME120,120
121,COUNTRY_NAME121,121
122,COUNTRY_NAME122,122
123,COUNTRY_NAME123,123
124,COUNTRY_NAME124,124
125,COUNTRY_NAME125,125
126,COUNTRY_NAME126,126
127,COUNTRY_NAME127,127
128,COUNTRY_NAME128,128
129,COUNTRY_NAME129,129
130,COUNTRY_NAME130,130
131,COUNTRY_NAME131,131
132,COUNTRY_NAME132,132
133,COUNTRY_NAME133,133
134,COUNTRY_NAME134,134
135,COUNTRY_NAME135,135
136,COUNTRY_NAME136,136
137,COUNTRY_NAME137,137
138,COUNTRY_NAME138,138
139,COUNTRY_NAME139,139
140,COUNTRY_NAME140,140
141,COUNTRY_NAME141,141
142,COUNTRY_NAME142,142
143,COUNTRY_NAME143,143
144,COUNTRY_NAME144,144
145,COUNTRY_NAME145,145
146,COUNTRY_NAME146,146
147,COUNTRY_NAME147,147
148,COUNTRY_NAME148,148
149,COUNTRY_NAME149,149
150,COUNTRY_NAME150,150
151,COUNTRY_NAME151,151
152,COUNTRY_NAME152,152
153,COUNTRY_NAME153,153
154,COUNTRY_NAME154,154
155,COUNTRY_NAME155,155
156,COUNTRY_NAME156,156
157,COUNTRY_NAME157,157
158,COUNTRY_NAME158,158
159,COUNTRY_NAME159,159
160,COUNTRY_NAME160,160
161,COUNTRY_NAME161,161
162,COUNTRY_NAME162,162
163,COUNTRY_NAME163,163
164,COUNTRY_NAME164,164
165,COUNTRY_NAME165,165
166,COUNTRY_NAME166,166
167,COUNTRY_NAME167,167
168,COUNTRY_NAME168,168
169,COUNTRY_NAME169,169
170,COUNTRY_NAME170,170
171,COUNTRY_NAME171,171
172,COUNTRY_NAME172,172
173,COUNTRY_NAME173,173
174,COUNTRY_NAME174,174
175,COUNTRY_NAME175,175
176,COUNTRY_NAME176,176
177,COUNTRY_NAME177,177
178,COUNTRY_NAME178,178
179,COUNTRY_NAME179,179
180,COUNTRY_NAME180,180
181,COUNTRY_NAME181,181
182,COUNTRY_NAME182,182
183,COUNTRY_NAME183,183
184,COUNTRY_NAME184,184
185,COUNTRY_NAME185,185
186,COUNTRY_NAME186,186
187,COUNTRY_NAME187,187
188,COUNTRY_NAME188,188
189,COUNTRY_NAME189,189
190,COUNTRY_NAME190,190
191,COUNTRY_NAME191,191
192,COUNTRY_NAME192,192
193,COUNTRY_NAME193,193
194,COUNTRY_NAME194,194
195,COUNTRY_NAME195,195
196,COUNTRY_NAME196,196
197,COUNTRY_NAME197,197
198,COUNTRY_NAME198,198
199,COUNTRY_NAME199,199
200,COUNTRY_NAME200,200
201,COUNTRY_NAME201,201
202,COUNTRY_NAME202,202
203,COUNTRY_NAME203,203
204,COUNTRY_NAME204,204
205,COUNTRY_NAME205,205
206,COUNTRY_NAME206,206
207,COUNTRY_NAME207,207
208,COUNTRY_NAME208,208
209,COUNTRY_NAME209,209
210,COUNTRY_NAME210,210
211,COUNTRY_NAME211,211
212,COUNTRY_NAME212,212
213,COUNTRY_NAME213,213
214,COUNTRY_NAME214,214
215,COUNTRY_NAME215,215
216,COUNTRY_NAME216,216
217,COUNTRY_NAME217,217
218,COUNTRY_NAME218,218
219,COUNTRY_NAME219,219
220,COUNTRY_NAME220,220
221,COUNTRY_NAME221,221
222,COUNTRY_NAME222,222
223,COUNTRY_NAME223,223
224,COUNTRY_NAME224,224
225,COUNTRY_NAME225,225
226,COUNTRY_NAME226,226
227,COUNTRY_NAME227,227
228,COUNTRY_NAME228,228
229,COUNTRY_NAME229,229
230,COUNTRY_NAME230,230
231,COUNTRY_NAME231,231
232,COUNTRY_NAME232,232
233,COUNTRY_NAME233,233
234,COUNTRY_NAME234,234
235,COUNTRY_NAME235,235
236,COUNTRY_NAME236,236
237,COUNTRY_NAME237,237
238,COUNTRY_NAME238,238
239,COUNTRY_NAME239,239
240,COUNTRY_NAME240,240
241,COUNTRY_NAME241,241
242,COUNTRY_NAME242,242
243,COUNTRY_NAME243,243
244,COUNTRY_NAME244,244
245,COUNTRY_NAME245,245
246,COUNTRY_NAME246,246
247,COUNTRY_NAME247,247
248,COUNTRY_NAME248,248
249,COUNTRY_NAME249,249
250,COUNTRY_NAME250,250
251,COUNTRY_NAME251,251
252,COUNTRY_NAME252,252
253,COUNTRY_NAME253,253
254,COUNTRY_NAME254,254
255,COUNTRY_NAME255,255
256,COUNTRY_NAME256,256
257,COUNTRY_NAME257,257
258,COUNTRY_NAME258,258
259,COUNTRY_NAME259,259
260,COUNTRY_NAME260,260
261,COUNTRY_NAME261,261
262,COUNTRY_NAME262,262
263,COUNTRY_NAME263,263
264,COUNTRY_NAME264,264
265,COUNTRY_NAME265,265
266,COUNTRY_NAME266,266
267,COUNTRY_NAME267,267
268,COUNTRY_NAME268,268
269,COUNTRY_NAME269,269
270,COUNTRY_NAME270,270
271,COUNTRY_NAME271,271
272,COUNTRY_NAME272,272
273,COUNTRY_NAME273,273
274,COUNTRY_NAME274,274
275,COUNTRY_NAME275,275
276,COUNTRY_NAME276,276
277,COUNTRY_NAME277,277
278,COUNTRY_NAME278,278
279,COUNTRY_NAME279,279
280,COUNTRY_NAME280,280
281,COUNTRY_NAME281,281
282,COUNTRY_NAME282,282
283,COUNTRY_NAME283,283
284,COUNTRY_NAME284,284
285,COUNTRY_NAME285,285
286,COUNTRY_NAME286,286
287,COUNTRY_NAME287,287
288,COUNTRY_NAME288,288
289,COUNTRY_NAME289,289
290,COUNTRY_NAME290,290
291,COUNTRY_NAME291,291
292,COUNTRY_NAME292,292
293,COUNTRY_NAME293,293
294,COUNTRY_NAME294,294
295,COUNTRY_NAME295,295
296,COUNTRY_NAME296,296
297,COUNTRY_NAME297,297
298,COUNTRY_NAME298,298
299,COUNTRY_NAME299,299
300,COUNTRY_NAME300,300
301,COUNTRY_NAME301,301
302,COUNTRY_NAME302,302
303,COUNTRY_NAME303,303
304,COUNTRY_NAME304,304
305,COUNTRY_NAME305,305
306,COUNTRY_NAME306,306
307,COUNTRY_NAME307,307
308,COUNTRY_NAME308,308
309,COUNTRY_NAME309,309
310,COUNTRY_NAME310,310
311,COUNTRY_NAME311,311
312,COUNTRY_NAME312,312
313,COUNTRY_NAME313,313
314,COUNTRY_NAME314,314
315,COUNTRY_NAME315,315
316,COUNTRY_NAME316,316
317,COUNTRY_NAME317,317
318,COUNTRY_NAME318,318
319,COUNTRY_NAME319,319
320,COUNTRY_NAME320,320
321,COUNTRY_NAME321,321
322,COUNTRY_NAME322,322
323,COUNTRY_NAME323,323
324,COUNTRY_NAME324,324
325,COUNTRY_NAME325,325
326,COUNTRY_NAME326,326
327,COUNTRY_NAME327,327
328,COUNTRY_NAME328,328
329,COUNTRY_NAME329,329
330,COUNTRY_NAME330,330
331,COUNTRY_NAME331,331
332,COUNTRY_NAME332,332
333,COUNTRY_NAME333,333
334,COUNTRY_NAME334,334
335,COUNTRY_NAME335,335
336,COUNTRY_NAME336,336
337,COUNTRY_NAME337,337
338,COUNTRY_NAME338,338
339,COUNTRY_NAME339,339
340,COUNTRY_NAME340,340
341,COUNTRY_NAME341,341
342,COUNTRY_NAME342,342
343,COUNTRY_NAME343,343
344,COUNTRY_NAME344,344
345,COUNTRY_NAME345,345
346,COUNTRY_NAME346,346
347,COUNTRY_NAME347,347
348,COUNTRY_NAME348,348
349,COUNTRY_NAME349,349
350,COUNTRY_NAME350,350
351,COUNTRY_NAME351,351
352,COUNTRY_NAME352,352
353,COUNTRY_NAME353,353
354,COUNTRY_NAME354,354
355,COUNTRY_NAME355,355
356,COUNTRY_NAME356,356
357,COUNTRY_NAME357,357
358,COUNTRY_NAME358,358
359,COUNTRY_NAME359,359
360,COUNTRY_NAME360,360
361,COUNTRY_NAME361,361
362,COUNTRY_NAME362,362
363,COUNTRY_NAME363,363
364,COUNTRY_NAME364,364
365,COUNTRY_NAME365,365
366,COUNTRY_NAME366,366
367,COUNTRY_NAME367,367
368,COUNTRY_NAME368,368
369,COUNTRY_NAME369,369
370,COUNTRY_NAME370,370
371,COUNTRY_NAME371,371
372,COUNTRY_NAME372,372
373,COUNTRY_NAME373,373
374,COUNTRY_NAME374,374
375,COUNTRY_NAME375,375
376,COUNTRY_NAME376,376
377,COUNTRY_NAME377,377
378,COUNTRY_NAME378,378
379,COUNTRY_NAME379,379
380,COUNTRY_NAME380,380
381,COUNTRY_NAME381,381
382,COUNTRY_NAME382,382
383,COUNTRY_NAME383,383
384,COUNTRY_NAME384,384
385,COUNTRY_NAME385,385
386,COUNTRY_NAME386,386
387,COUNTRY_NAME387,387
388,COUNTRY_NAME388,388
389,COUNTRY_NAME389,389
390,COUNTRY_NAME390,390
391,COUNTRY_NAME391,391
392,COUNTRY_NAME392,392
393,COUNTRY_NAME393,393
394,COUNTRY_NAME394,394
395,COUNTRY_NAME395,395
396,COUNTRY_NAME396,396
397,COUNTRY_NAME397,397
398,COUNTRY_NAME398,398
399,COUNTRY_NAME399,399
400,COUNTRY_NAME400,400
401,COUNTRY_NAME401,401
402,COUNTRY_NAME402,402
403,COUNTRY_NAME403,403
404,COUNTRY_NAME404,404
405,COUNTRY_NAME405,405
406,COUNTRY_NAME406,406
407,COUNTRY_NAME407,407
408,COUNTRY_NAME408,408
409,COUNTRY_NAME409,409
410,COUNTRY_NAME410,410
411,COUNTRY_NAME411,411
412,COUNTRY_NAME412,412
413,COUNTRY_NAME413,413
414,COUNTRY_NAME414,414
415,COUNTRY_NAME415,415
416,COUNTRY_NAME416,416
417,COUNTRY_NAME417,417
418,COUNTRY_NAME418,418
419,COUNTRY_NAME419,419
420,COUNTRY_NAME420,420
421,COUNTRY_NAME421,421
422,COUNTRY_NAME422,422
423,COUNTRY_NAME423,423
424,COUNTRY_NAME424,424
425,COUNTRY_NAME425,425
426,COUNTRY_NAME426,426
427,COUNTRY_NAME427,427
428,COUNTRY_NAME428,428
429,COUNTRY_NAME429,429
430,COUNTRY_NAME430,430
431,COUNTRY_NAME431,431
432,COUNTRY_NAME432,432
433,COUNTRY_NAME433,433
434,COUNTRY_NAME434,434
435,COUNTRY_NAME435,435
436,COUNTRY_NAME436,436
437,COUNTRY_NAME437,437
438,COUNTRY_NAME438,438
439,COUNTRY_NAME439,439
440,COUNTRY_NAME440,440
441,COUNTRY_NAME441,441
442,COUNTRY_NAME442,442
443,COUNTRY_NAME443,443
444,COUNTRY_NAME444,444
445,COUNTRY_NAME445,445
446,COUNTRY_NAME446,446
447,COUNTRY_NAME447,447
448,COUNTRY_NAME448,448
449,COUNTRY_NAME449,449
450,COUNTRY_NAME450,450
451,COUNTRY_NAME451,451
452,COUNTRY_NAME452,452
453,COUNTRY_NAME453,453
454,COUNTRY_NAME454,454
455,COUNTRY_NAME455,455
456,COUNTRY_NAME456,456
457,COUNTRY_NAME457,457
458,COUNTRY_NAME458,458
459,COUNTRY_NAME459,459
460,COUNTRY_NAME460,460
461,COUNTRY_NAME461,461
462,COUNTRY_NAME462,462
463,COUNTRY_NAME463,463
464,COUNTRY_NAME464,464
465,COUNTRY_NAME465,465
466,COUNTRY_NAME466,466
467,COUNTRY_NAME467,467
468,COUNTRY_NAME468,468
469,COUNTRY_NAME469,469
470,COUNTRY_NAME470,470
471,COUNTRY_NAME471,471
472,COUNTRY_NAME472,472
473,COUNTRY_NAME473,473
474,COUNTRY_NAME474,474
475,COUNTRY_NAME475,475
476,COUNTRY_NAME476,476
477,COUNTRY_NAME477,477
478,COUNTRY_NAME478,478
479,COUNTRY_NAME479,479
480,COUNTRY_NAME480,480
481,COUNTRY_NAME481,481
482,COUNTRY_NAME482,482
483,COUNTRY_NAME483,483
484,COUNTRY_NAME484,484
485,COUNTRY_NAME485,485
486,COUNTRY_NAME486,486
487,COUNTRY_NAME487,487
488,COUNTRY_NAME488,488
489,COUNTRY_NAME489,489
490,COUNTRY_NAME490,490
491,COUNTRY_NAME491,491
492,COUNTRY_NAME492,492
493,COUNTRY_NAME493,493
494,COUNTRY_NAME494,494
495,COUNTRY_NAME495,495
496,COUNTRY_NAME496,496
497,COUNTRY_NAME497,497
498,COUNTRY_NAME498,498
499,COUNTRY_NAME499,499
500,COUNTRY_NAME500,500
501,COUNTRY_NAME501,501
502,COUNTRY_NAME502,502
503,COUNTRY_NAME503,503
504,COUNTRY_NAME504,504
505,COUNTRY_NAME505,505
506,COUNTRY_NAME506,506
507,COUNTRY_NAME507,507
508,COUNTRY_NAME508,508
509,COUNTRY_NAME509,509
510,COUNTRY_NAME510,510
511,COUNTRY_NAME511,511
512,COUNTRY_NAME512,512
513,COUNTRY_NAME513,513
514,COUNTRY_NAME514,514
515,COUNTRY_NAME515,515
516,COUNTRY_NAME516,516
517,COUNTRY_NAME517,517
518,COUNTRY_NAME518,518
519,COUNTRY_NAME519,519
520,COUNTRY_NAME520,520
521,COUNTRY_NAME521,521
522,COUNTRY_NAME522,522
523,COUNTRY_NAME523,523
524,COUNTRY_NAME524,524
525,COUNTRY_NAME525,525
526,COUNTRY_NAME526,526
527,COUNTRY_NAME527,527
528,COUNTRY_NAME528,528
529,COUNTRY_NAME529,529
530,COUNTRY_NAME530,530
531,COUNTRY_NAME531,531
532,COUNTRY_NAME532,532
533,COUNTRY_NAME533,533
534,COUNTRY_NAME534,534
535,COUNTRY_NAME535,535
536,COUNTRY_NAME536,536
537,COUNTRY_NAME537,537
538,COUNTRY_NAME538,538
539,COUNTRY_NAME539,539
540,COUNTRY_NAME540,540
541,COUNTRY_NAME541,541
542,COUNTRY_NAME542,542
543,COUNTRY_NAME543,543
544,COUNTRY_NAME544,544
545,COUNTRY_NAME545,545
546,COUNTRY_NAME546,546
547,COUNTRY_NAME547,547
548,COUNTRY_NAME548,548
549,COUNTRY_NAME549,549
550,COUNTRY_NAME550,550
551,COUNTRY_NAME551,551
552,COUNTRY_NAME552,552
553,COUNTRY_NAME553,553
554,COUNTRY_NAME554,554
555,COUNTRY_NAME555,555
556,COUNTRY_NAME556,556
557,COUNTRY_NAME557,557
558,COUNTRY_NAME558,558
559,COUNTRY_NAME559,559
560,COUNTRY_NAME560,560
561,COUNTRY_NAME561,561
562,COUNTRY_NAME562,562
563,COUNTRY_NAME563,563
564,COUNTRY_NAME564,564
565,COUNTRY_NAME565,565
566,COUNTRY_NAME566,566
567,COUNTRY_NAME567,567
568,COUNTRY_NAME568,568
569,COUNTRY_NAME569,569
570,COUNTRY_NAME570,570
571,COUNTRY_NAME571,571
572,COUNTRY_NAME572,572
573,COUNTRY_NAME573,573
574,COUNTRY_NAME574,574
575,COUNTRY_NAME575,575
576,COUNTRY_NAME576,576
577,COUNTRY_NAME577,577
578,COUNTRY_NAME578,578
579,COUNTRY_NAME579,579
580,COUNTRY_NAME580,580
581,COUNTRY_NAME581,581
582,COUNTRY_NAME582,582
583,COUNTRY_NAME583,583
584,COUNTRY_NAME584,584
585,COUNTRY_NAME585,585
586,COUNTRY_NAME586,586
587,COUNTRY_NAME587,587
588,COUNTRY_NAME588,588
589,COUNTRY_NAME589,589
590,COUNTRY_NAME590,590
591,COUNTRY_NAME591,591
592,COUNTRY_NAME592,592
593,COUNTRY_NAME593,593
594,COUNTRY_NAME594,594
595,COUNTRY_NAME595,595
596,COUNTRY_NAME596,596
597,COUNTRY_NAME597,597
598,COUNTRY_NAME598,598
599,COUNTRY_NAME599,599
600,COUNTRY_NAME600,600
601,COUNTRY_NAME601,601
602,COUNTRY_NAME602,602
603,COUNTRY_NAME603,603
604,COUNTRY_NAME604,604
605,COUNTRY_NAME605,605
606,COUNTRY_NAME606,606
607,COUNTRY_NAME607,607
608,COUNTRY_NAME608,608
609,COUNTRY_NAME609,609
610,COUNTRY_NAME610,610
611,COUNTRY_NAME611,611
612,COUNTRY_NAME612,612
613,COUNTRY_NAME613,613
614,COUNTRY_NAME614,614
615,COUNTRY_NAME615,615
616,COUNTRY_NAME616,616
617,COUNTRY_NAME617,617
618,COUNTRY_NAME618,618
619,COUNTRY_NAME619,619
620,COUNTRY_NAME620,620
621,COUNTRY_NAME621,621
622,COUNTRY_NAME622,622
623,COUNTRY_NAME623,623
624,COUNTRY_NAME624,624
625,COUNTRY_NAME625,625
626,COUNTRY_NAME626,626
627,COUNTRY_NAME627,627
628,COUNTRY_NAME628,628
629,COUNTRY_NAME629,629
630,COUNTRY_NAME630,630
631,COUNTRY_NAME631,631
632,COUNTRY_NAME632,632
633,COUNTRY_NAME633,633
634,COUNTRY_NAME634,634
635,COUNTRY_NAME635,635
636,COUNTRY_NAME636,636
637,COUNTRY_NAME637,637
638,COUNTRY_NAME638,638
639,COUNTRY_NAME639,639
640,COUNTRY_NAME640,640
641,COUNTRY_NAME641,641
642,COUNTRY_NAME642,642
643,COUNTRY_NAME643,643
644,COUNTRY_NAME644,644
645,COUNTRY_NAME645,645
646,COUNTRY_NAME646,646
647,COUNTRY_NAME647,647
648,COUNTRY_NAME648,648
649,COUNTRY_NAME649,649
650,COUNTRY_NAME650,650
651,COUNTRY_NAME651,651
652,COUNTRY_NAME652,652
653,COUNTRY_NAME653,653
654,COUNTRY_NAME654,654
655,COUNTRY_NAME655,655
656,COUNTRY_NAME656,656
657,COUNTRY_NAME657,657
658,COUNTRY_NAME658,658
659,COUNTRY_NAME659,659
660,COUNTRY_NAME660,660
661,COUNTRY_NAME661,661
662,COUNTRY_NAME662,662
663,COUNTRY_NAME663,663
664,COUNTRY_NAME664,664
665,COUNTRY_NAME665,665
666,COUNTRY_NAME666,666
667,COUNTRY_NAME667,667
668,COUNTRY_NAME668,668
669,COUNTRY_NAME669,669
670,COUNTRY_NAME670,670
671,COUNTRY_NAME671,671
672,COUNTRY_NAME672,672
673,COUNTRY_NAME673,673
674,COUNTRY_NAME674,674
675,COUNTRY_NAME675,675
676,COUNTRY_NAME676,676
677,COUNTRY_NAME677,677
678,COUNTRY_NAME678,678
679,COUNTRY_NAME679,679
680,COUNTRY_NAME680,680
681,COUNTRY_NAME681,681
682,COUNTRY_NAME682,682
683,COUNTRY_NAME683,683
684,COUNTRY_NAME684,684
685,COUNTRY_NAME685,685
686,COUNTRY_NAME686,686
687,COUNTRY_NAME687,687
688,COUNTRY_NAME688,688
689,COUNTRY_NAME689,689
690,COUNTRY_NAME690,690
691,COUNTRY_NAME691,691
692,COUNTRY_NAME692,692
693,COUNTRY_NAME693,693
694,COUNTRY_NAME694,694
695,COUNTRY_NAME695,695
696,COUNTRY_NAME696,696
697,COUNTRY_NAME697,697
698,COUNTRY_NAME698,698
699,COUNTRY_NAME699,699
700,COUNTRY_NAME700,700
701,COUNTRY_NAME701,701
702,COUNTRY_NAME702,702
703,COUNTRY_NAME703,703
704,COUNTRY_NAME704,704
705,COUNTRY_NAME705,705
706,COUNTRY_NAME706,706
707,COUNTRY_NAME707,707
708,COUNTRY_NAME708,708
709,COUNTRY_NAME709,709
710,COUNTRY_NAME710,710
711,COUNTRY_NAME711,711
712,COUNTRY_NAME712,712
713,COUNTRY_NAME713,713
714,COUNTRY_NAME714,714
715,COUNTRY_NAME715,715
716,COUNTRY_NAME716,716
717,COUNTRY_NAME717,717
718,COUNTRY_NAME718,718
719,COUNTRY_NAME719,719
720,COUNTRY_NAME720,720
721,COUNTRY_NAME721,721
722,COUNTRY_NAME722,722
723,COUNTRY_NAME723,723
724,COUNTRY_NAME724,724
725,COUNTRY_NAME725,725
726,COUNTRY_NAME726,726
727,COUNTRY_NAME727,727
728,COUNTRY_NAME728,728
729,COUNTRY_NAME729,729
730,COUNTRY_NAME730,730
731,COUNTRY_NAME731,731
732,COUNTRY_NAME732,732
733,COUNTRY_NAME733,733
734,COUNTRY_NAME734,734
735,COUNTRY_NAME735,735
736,COUNTRY_NAME736,736
737,COUNTRY_NAME737,737
738,COUNTRY_NAME738,738
739,COUNTRY_NAME739,739
740,COUNTRY_NAME740,740
741,COUNTRY_NAME741,741
742,COUNTRY_NAME742,742
743,COUNTRY_NAME743,743
744,COUNTRY_NAME744,744
745,COUNTRY_NAME745,745
746,COUNTRY_NAME746,746
747,COUNTRY_NAME747,747
748,COUNTRY_NAME748,748
749,COUNTRY_NAME749,749
750,COUNTRY_NAME750,750
751,COUNTRY_NAME751,751
752,COUNTRY_NAME752,752
753,COUNTRY_NAME753,753
754,COUNTRY_NAME754,754
755,COUNTRY_NAME755,755
756,COUNTRY_NAME756,756
757,COUNTRY_NAME757,757
758,COUNTRY_NAME758,758
759,COUNTRY_NAME759,759
760,COUNTRY_NAME760,760
761,COUNTRY_NAME761,761
