455,AIRPORT_NAME455,AIRPORT_TYPE455,455,455
456,AIRPORT_NAME456,AIRPORT_TYPE456,456,456
457,AIRPORT_NAME457,AIRPORT_TYPE457,457,457
458,AIRPORT_NAME458,AIRPORT_TYPE458,458,458
459,AIRPORT_NAME459,AIRPORT_TYPE459,459,459
460,AIRPORT_NAME460,AIRPORT_TYPE460,460,460
461,AIRPORT_NAME461,AIRPORT_TYPE461,461,461
462,AIRPORT_NAME462,AIRPORT_TYPE462,462,462
463,AIRPORT_NAME463,AIRPORT_TYPE463,463,463
464,AIRPORT_NAME464,AIRPORT_TYPE464,464,464
465,AIRPORT_NAME465,AIRPORT_TYPE465,465,465
466,AIRPORT_NAME466,AIRPORT_TYPE466,466,466
467,AIRPORT_NAME467,AIRPORT_TYPE467,467,467
468,AIRPORT_NAME468,AIRPORT_TYPE468,468,468
469,AIRPORT_NAME469,AIRPORT_TYPE469,469,469
470,AIRPORT_NAME470,AIRPORT_TYPE470,470,470
471,AIRPORT_NAME471,AIRPORT_TYPE471,471,471
472,AIRPORT_NAME472,AIRPORT_TYPE472,472,472
473,AIRPORT_NAME473,AIRPORT_TYPE473,473,473
474,AIRPORT_NAME474,AIRPORT_TYPE474,474,474
475,AIRPORT_NAME475,AIRPORT_TYPE475,475,475
476,AIRPORT_NAME476,AIRPORT_TYPE476,476,476
477,AIRPORT_NAME477,AIRPORT_TYPE477,477,477
478,AIRPORT_NAME478,AIRPORT_TYPE478,478,478
479,AIRPORT_NAME479,AIRPORT_TYPE479,479,479
480,AIRPORT_NAME480,AIRPORT_TYPE480,480,480
481,AIRPORT_NAME481,AIRPORT_TYPE481,481,481
482,AIRPORT_NAME482,AIRPORT_TYPE482,482,482
483,AIRPORT_NAME483,AIRPORT_TYPE483,483,483
484,AIRPORT_NAME484,AIRPORT_TYPE484,484,484
485,AIRPORT_NAME485,AIRPORT_TYPE485,485,485
486,AIRPORT_NAME486,AIRPORT_TYPE486,486,486
487,AIRPORT_NAME487,AIRPORT_TYPE487,487,487
488,AIRPORT_NAME488,AIRPORT_TYPE488,488,488
489,AIRPORT_NAME489,AIRPORT_TYPE489,489,489
490,AIRPORT_NAME490,AIRPORT_TYPE490,490,490
491,AIRPORT_NAME491,AIRPORT_TYPE491,491,491
492,AIRPORT_NAME492,AIRPORT_TYPE492,492,492
493,AIRPORT_NAME493,AIRPORT_TYPE493,493,493
494,AIRPORT_NAME494,AIRPORT_TYPE494,494,494
495,AIRPORT_NAME495,AIRPORT_TYPE495,495,495
496,AIRPORT_NAME496,AIRPORT_TYPE496,496,496
497,AIRPORT_NAME497,AIRPORT_TYPE497,497,497
498,AIRPORT_NAME498,AIRPORT_TYPE498,498,498
499,AIRPORT_NAME499,AIRPORT_TYPE499,499,499
500,AIRPORT_NAME500,AIRPORT_TYPE500,500,500
501,AIRPORT_NAME501,AIRPORT_TYPE501,501,501
502,AIRPORT_NAME502,AIRPORT_TYPE502,502,502
503,AIRPORT_NAME503,AIRPORT_TYPE503,503,503
504,AIRPORT_NAME504,AIRPORT_TYPE504,504,504
505,AIRPORT_NAME505,AIRPORT_TYPE505,505,505
506,AIRPORT_NAME506,AIRPORT_TYPE506,506,506
507,AIRPORT_NAME507,AIRPORT_TYPE507,507,507
508,AIRPORT_NAME508,AIRPORT_TYPE508,508,508
509,AIRPORT_NAME509,AIRPORT_TYPE509,509,509
510,AIRPORT_NAME510,AIRPORT_TYPE510,510,510
511,AIRPORT_NAME511,AIRPORT_TYPE511,511,511
512,AIRPORT_NAME512,AIRPORT_TYPE512,512,512
513,AIRPORT_NAME513,AIRPORT_TYPE513,513,513
514,AIRPORT_NAME514,AIRPORT_TYPE514,514,514
515,AIRPORT_NAME515,AIRPORT_TYPE515,515,515
516,AIRPORT_NAME516,AIRPORT_TYPE516,516,516
517,AIRPORT_NAME517,AIRPORT_TYPE517,517,517
518,AIRPORT_NAME518,AIRPORT_TYPE518,518,518
519,AIRPORT_NAME519,AIRPORT_TYPE519,519,519
520,AIRPORT_NAME520,AIRPORT_TYPE520,520,520
521,AIRPORT_NAME521,AIRPORT_TYPE521,521,521
522,AIRPORT_NAME522,AIRPORT_TYPE522,522,522
523,AIRPORT_NAME523,AIRPORT_TYPE523,523,523
524,AIRPORT_NAME524,AIRPORT_TYPE524,524,524
525,AIRPORT_NAME525,AIRPORT_TYPE525,525,525
526,AIRPORT_NAME526,AIRPORT_TYPE526,526,526
527,AIRPORT_NAME527,AIRPORT_TYPE527,527,527
528,AIRPORT_NAME528,AIRPORT_TYPE528,528,528
529,AIRPORT_NAME529,AIRPORT_TYPE529,529,529
530,AIRPORT_NAME530,AIRPORT_TYPE530,530,530
531,AIRPORT_NAME531,AIRPORT_TYPE531,531,531
532,AIRPORT_NAME532,AIRPORT_TYPE532,532,532
533,AIRPORT_NAME533,AIRPORT_TYPE533,533,533
534,AIRPORT_NAME534,AIRPORT_TYPE534,534,534
535,AIRPORT_NAME535,AIRPORT_TYPE535,535,535
536,AIRPORT_NAME536,AIRPORT_TYPE536,536,536
537,AIRPORT_NAME537,AIRPORT_TYPE537,537,537
538,AIRPORT_NAME538,AIRPORT_TYPE538,538,538
539,AIRPORT_NAME539,AIRPORT_TYPE539,539,539
540,AIRPORT_NAME540,AIRPORT_TYPE540,540,540
541,AIRPORT_NAME541,AIRPORT_TYPE541,541,541
542,AIRPORT_NAME542,AIRPORT_TYPE542,542,542
543,AIRPORT_NAME543,AIRPORT_TYPE543,543,543
544,AIRPORT_NAME544,AIRPORT_TYPE544,544,544
545,AIRPORT_NAME545,AIRPORT_TYPE545,545,545
546,AIRPORT_NAME546,AIRPORT_TYPE546,546,546
547,AIRPORT_NAME547,AIRPORT_TYPE547,547,547
548,AIRPORT_NAME548,AIRPORT_TYPE548,548,548
549,AIRPORT_NAME549,AIRPORT_TYPE549,549,549
550,AIRPORT_NAME550,AIRPORT_TYPE550,550,550
551,AIRPORT_NAME551,AIRPORT_TYPE551,551,551
552,AIRPORT_NAME552,AIRPORT_TYPE552,552,552
553,AIRPORT_NAME553,AIRPORT_TYPE553,553,553
554,AIRPORT_NAME554,AIRPORT_TYPE554,554,554
555,AIRPORT_NAME555,AIRPORT_TYPE555,555,555
556,AIRPORT_NAME556,AIRPORT_TYPE556,556,556
557,AIRPORT_NAME557,AIRPORT_TYPE557,557,557
558,AIRPORT_NAME558,AIRPORT_TYPE558,558,558
559,AIRPORT_NAME559,AIRPORT_TYPE559,559,559
560,AIRPORT_NAME560,AIRPORT_TYPE560,560,560
561,AIRPORT_NAME561,AIRPORT_TYPE561,561,561
562,AIRPORT_NAME562,AIRPORT_TYPE562,562,562
563,AIRPORT_NAME563,AIRPORT_TYPE563,563,563
564,AIRPORT_NAME564,AIRPORT_TYPE564,564,564
565,AIRPORT_NAME565,AIRPORT_TYPE565,565,565
566,AIRPORT_NAME566,AIRPORT_TYPE566,566,566
567,AIRPORT_NAME567,AIRPORT_TYPE567,567,567
568,AIRPORT_NAME568,AIRPORT_TYPE568,568,568
569,AIRPORT_NAME569,AIRPORT_TYPE569,569,569
570,AIRPORT_NAME570,AIRPORT_TYPE570,570,570
571,AIRPORT_NAME571,AIRPORT_TYPE571,571,571
572,AIRPORT_NAME572,AIRPORT_TYPE572,572,572
573,AIRPORT_NAME573,AIRPORT_TYPE573,573,573
574,AIRPORT_NAME574,AIRPORT_TYPE574,574,574
575,AIRPORT_NAME575,AIRPORT_TYPE575,575,575
576,AIRPORT_NAME576,AIRPORT_TYPE576,576,576
577,AIRPORT_NAME577,AIRPORT_TYPE577,577,577
578,AIRPORT_NAME578,AIRPORT_TYPE578,578,578
579,AIRPORT_NAME579,AIRPORT_TYPE579,579,579
580,AIRPORT_NAME580,AIRPORT_TYPE580,580,580
581,AIRPORT_NAME581,AIRPORT_TYPE581,581,581
582,AIRPORT_NAME582,AIRPORT_TYPE582,582,582
583,AIRPORT_NAME583,AIRPORT_TYPE583,583,583
584,AIRPORT_NAME584,AIRPORT_TYPE584,584,584
585,AIRPORT_NAME585,AIRPORT_TYPE585,585,585
586,AIRPORT_NAME586,AIRPORT_TYPE586,586,586
587,AIRPORT_NAME587,AIRPORT_TYPE587,587,587
588,AIRPORT_NAME588,AIRPORT_TYPE588,588,588
589,AIRPORT_NAME589,AIRPORT_TYPE589,589,589
590,AIRPORT_NAME590,AIRPORT_TYPE590,590,590
591,AIRPORT_NAME591,AIRPORT_TYPE591,591,591
592,AIRPORT_NAME592,AIRPORT_TYPE592,592,592
593,AIRPORT_NAME593,AIRPORT_TYPE593,593,593
594,AIRPORT_NAME594,AIRPORT_TYPE594,594,594
595,AIRPORT_NAME595,AIRPORT_TYPE595,595,595
596,AIRPORT_NAME596,AIRPORT_TYPE596,596,596
597,AIRPORT_NAME597,AIRPORT_TYPE597,597,597
598,AIRPORT_NAME598,AIRPORT_TYPE598,598,598
599,AIRPORT_NAME599,AIRPORT_TYPE599,599,599
600,AIRPORT_NAME600,AIRPORT_TYPE600,600,600
601,AIRPORT_NAME601,AIRPORT_TYPE601,601,601
602,AIRPORT_NAME602,AIRPORT_TYPE602,602,602
603,AIRPORT_NAME603,AIRPORT_TYPE603,603,603
604,AIRPORT_NAME604,AIRPORT_TYPE604,604,604
605,AIRPORT_NAME605,AIRPORT_TYPE605,605,605
606,AIRPORT_NAME606,AIRPORT_TYPE606,606,606
607,AIRPORT_NAME607,AIRPORT_TYPE607,607,607
608,AIRPORT_NAME608,AIRPORT_TYPE608,608,608
609,AIRPORT_NAME609,AIRPORT_TYPE609,609,609
610,AIRPORT_NAME610,AIRPORT_TYPE610,610,610
611,AIRPORT_NAME611,AIRPORT_TYPE611,611,611
612,AIRPORT_NAME612,AIRPORT_TYPE612,612,612
613,AIRPORT_NAME613,AIRPORT_TYPE613,613,613
614,AIRPORT_NAME614,AIRPORT_TYPE614,614,614
615,AIRPORT_NAME615,AIRPORT_TYPE615,615,615
616,AIRPORT_NAME616,AIRPORT_TYPE616,616,616
617,AIRPORT_NAME617,AIRPORT_TYPE617,617,617
618,AIRPORT_NAME618,AIRPORT_TYPE618,618,618
619,AIRPORT_NAME619,AIRPORT_TYPE619,619,619
620,AIRPORT_NAME620,AIRPORT_TYPE620,620,620
621,AIRPORT_NAME621,AIRPORT_TYPE621,621,621
622,AIRPORT_NAME622,AIRPORT_TYPE622,622,622
623,AIRPORT_NAME623,AIRPORT_TYPE623,623,623
624,AIRPORT_NAME624,AIRPORT_TYPE624,624,624
625,AIRPORT_NAME625,AIRPORT_TYPE625,625,625
626,AIRPORT_NAME626,AIRPORT_TYPE626,626,626
627,AIRPORT_NAME627,AIRPORT_TYPE627,627,627
628,AIRPORT_NAME628,AIRPORT_TYPE628,628,628
629,AIRPORT_NAME629,AIRPORT_TYPE629,629,629
630,AIRPORT_NAME630,AIRPORT_TYPE630,630,630
631,AIRPORT_NAME631,AIRPORT_TYPE631,631,631
632,AIRPORT_NAME632,AIRPORT_TYPE632,632,632
633,AIRPORT_NAME633,AIRPORT_TYPE633,633,633
634,AIRPORT_NAME634,AIRPORT_TYPE634,634,634
635,AIRPORT_NAME635,AIRPORT_TYPE635,635,635
636,AIRPORT_NAME636,AIRPORT_TYPE636,636,636
637,AIRPORT_NAME637,AIRPORT_TYPE637,637,637
638,AIRPORT_NAME638,AIRPORT_TYPE638,638,638
639,AIRPORT_NAME639,AIRPORT_TYPE639,639,639
640,AIRPORT_NAME640,AIRPORT_TYPE640,640,640
641,AIRPORT_NAME641,AIRPORT_TYPE641,641,641
642,AIRPORT_NAME642,AIRPORT_TYPE642,642,642
643,AIRPORT_NAME643,AIRPORT_TYPE643,643,643
644,AIRPORT_NAME644,AIRPORT_TYPE644,644,644
645,AIRPORT_NAME645,AIRPORT_TYPE645,645,645
646,AIRPORT_NAME646,AIRPORT_TYPE646,646,646
647,AIRPORT_NAME647,AIRPORT_TYPE647,647,647
648,AIRPORT_NAME648,AIRPORT_TYPE648,648,648
649,AIRPORT_NAME649,AIRPORT_TYPE649,649,649
650,AIRPORT_NAME650,AIRPORT_TYPE650,650,650
651,AIRPORT_NAME651,AIRPORT_TYPE651,651,651
652,AIRPORT_NAME652,AIRPORT_TYPE652,652,652
653,AIRPORT_NAME653,AIRPORT_TYPE653,653,653
654,AIRPORT_NAME654,AIRPORT_TYPE654,654,654
655,AIRPORT_NAME655,AIRPORT_TYPE655,655,655
656,AIRPORT_NAME656,AIRPORT_TYPE656,656,656
657,AIRPORT_NAME657,AIRPORT_TYPE657,657,657
658,AIRPORT_NAME658,AIRPORT_TYPE658,658,658
659,AIRPORT_NAME659,AIRPORT_TYPE659,659,659
660,AIRPORT_NAME660,AIRPORT_TYPE660,660,660
661,AIRPORT_NAME661,AIRPORT_TYPE661,661,661
662,AIRPORT_NAME662,AIRPORT_TYPE662,662,662
663,AIRPORT_NAME663,AIRPORT_TYPE663,663,663
664,AIRPORT_NAME664,AIRPORT_TYPE664,664,664
665,AIRPORT_NAME665,AIRPORT_TYPE665,665,665
666,AIRPORT_NAME666,AIRPORT_TYPE666,666,666
667,AIRPORT_NAME667,AIRPORT_TYPE667,667,667
668,AIRPORT_NAME668,AIRPORT_TYPE668,668,668
669,AIRPORT_NAME669,AIRPORT_TYPE669,669,669
670,AIRPORT_NAME670,AIRPORT_TYPE670,670,670
671,AIRPORT_NAME671,AIRPORT_TYPE671,671,671
672,AIRPORT_NAME672,AIRPORT_TYPE672,672,672
673,AIRPORT_NAME673,AIRPORT_TYPE673,673,673
674,AIRPORT_NAME674,AIRPORT_TYPE674,674,674
675,AIRPORT_NAME675,AIRPORT_TYPE675,675,675
676,AIRPORT_NAME676,AIRPORT_TYPE676,676,676
677,AIRPORT_NAME677,AIRPORT_TYPE677,677,677
678,AIRPORT_NAME678,AIRPORT_TYPE678,678,678
679,AIRPORT_NAME679,AIRPORT_TYPE679,679,679
680,AIRPORT_NAME680,AIRPORT_TYPE680,680,680
681,AIRPORT_NAME681,AIRPORT_TYPE681,681,681
682,AIRPORT_NAME682,AIRPORT_TYPE682,682,682
683,AIRPORT_NAME683,AIRPORT_TYPE683,683,683
684,AIRPORT_NAME684,AIRPORT_TYPE684,684,684
685,AIRPORT_NAME685,AIRPORT_TYPE685,685,685
686,AIRPORT_NAME686,AIRPORT_TYPE686,686,686
687,AIRPORT_NAME687,AIRPORT_TYPE687,687,687
688,AIRPORT_NAME688,AIRPORT_TYPE688,688,688
689,AIRPORT_NAME689,AIRPORT_TYPE689,689,689
690,AIRPORT_NAME690,AIRPORT_TYPE690,690,690
691,AIRPORT_NAME691,AIRPORT_TYPE691,691,691
692,AIRPORT_NAME692,AIRPORT_TYPE692,692,692
693,AIRPORT_NAME693,AIRPORT_TYPE693,693,693
694,AIRPORT_NAME694,AIRPORT_TYPE694,694,694
695,AIRPORT_NAME695,AIRPORT_TYPE695,695,695
696,AIRPORT_NAME696,AIRPORT_TYPE696,696,696
697,AIRPORT_NAME697,AIRPORT_TYPE697,697,697
698,AIRPORT_NAME698,AIRPORT_TYPE698,698,698
699,AIRPORT_NAME699,AIRPORT_TYPE699,699,699
700,AIRPORT_NAME700,AIRPORT_TYPE700,700,700
701,AIRPORT_NAME701,AIRPORT_TYPE701,701,701
702,AIRPORT_NAME702,AIRPORT_TYPE702,702,702
703,AIRPORT_NAME703,AIRPORT_TYPE703,703,703
704,AIRPORT_NAME704,AIRPORT_TYPE704,704,704
705,AIRPORT_NAME705,AIRPORT_TYPE705,705,705
706,AIRPORT_NAME706,AIRPORT_TYPE706,706,706
707,AIRPORT_NAME707,AIRPORT_TYPE707,707,707
708,AIRPORT_NAME708,AIRPORT_TYPE708,708,708
709,AIRPORT_NAME709,AIRPORT_TYPE709,709,709
710,AIRPORT_NAME710,AIRPORT_TYPE710,710,710
711,AIRPORT_NAME711,AIRPORT_TYPE711,711,711
712,AIRPORT_NAME712,AIRPORT_TYPE712,712,712
713,AIRPORT_NAME713,AIRPORT_TYPE713,713,713
714,AIRPORT_NAME714,AIRPORT_TYPE714,714,714
715,AIRPORT_NAME715,AIRPORT_TYPE715,715,715
716,AIRPORT_NAME716,AIRPORT_TYPE716,716,716
717,AIRPORT_NAME717,AIRPORT_TYPE717,717,717
718,AIRPORT_NAME718,AIRPORT_TYPE718,718,718
719,AIRPORT_NAME719,AIRPORT_TYPE719,719,719
720,AIRPORT_NAME720,AIRPORT_TYPE720,720,720
721,AIRPORT_NAME721,AIRPORT_TYPE721,721,721
722,AIRPORT_NAME722,AIRPORT_TYPE722,722,722
723,AIRPORT_NAME723,AIRPORT_TYPE723,723,723
724,AIRPORT_NAME724,AIRPORT_TYPE724,724,724
725,AIRPORT_NAME725,AIRPORT_TYPE725,725,725
726,AIRPORT_NAME726,AIRPORT_TYPE726,726,726
727,AIRPORT_NAME727,AIRPORT_TYPE727,727,727
728,AIRPORT_NAME728,AIRPORT_TYPE728,728,728
729,AIRPORT_NAME729,AIRPORT_TYPE729,729,729
730,AIRPORT_NAME730,AIRPORT_TYPE730,730,730
731,AIRPORT_NAME731,AIRPORT_TYPE731,731,731
732,AIRPORT_NAME732,AIRPORT_TYPE732,732,732
733,AIRPORT_NAME733,AIRPORT_TYPE733,733,733
734,AIRPORT_NAME734,AIRPORT_TYPE734,734,734
735,AIRPORT_NAME735,AIRPORT_TYPE735,735,735
736,AIRPORT_NAME736,AIRPORT_TYPE736,736,736
737,AIRPORT_NAME737,AIRPORT_TYPE737,737,737
738,AIRPORT_NAME738,AIRPORT_TYPE738,738,738
739,AIRPORT_NAME739,AIRPORT_TYPE739,739,739
740,AIRPORT_NAME740,AIRPORT_TYPE740,740,740
741,AIRPORT_NAME741,AIRPORT_TYPE741,741,741
742,AIRPORT_NAME742,AIRPORT_TYPE742,742,742
743,AIRPORT_NAME743,AIRPORT_TYPE743,743,743
744,AIRPORT_NAME744,AIRPORT_TYPE744,744,744
745,AIRPORT_NAME745,AIRPORT_TYPE745,745,745
746,AIRPORT_NAME746,AIRPORT_TYPE746,746,746
747,AIRPORT_NAME747,AIRPORT_TYPE747,747,747
748,AIRPORT_NAME748,AIRPORT_TYPE748,748,748
749,AIRPORT_NAME749,AIRPORT_TYPE749,749,749
750,AIRPORT_NAME750,AIRPORT_TYPE750,750,750
1,AIRPORT_NAME1,AIRPORT_TYPE1,1,1
2,AIRPORT_NAME2,AIRPORT_TYPE2,2,2
3,AIRPORT_NAME3,AIRPORT_TYPE3,3,3
4,AIRPORT_NAME4,AIRPORT_TYPE4,4,4
5,AIRPORT_NAME5,AIRPORT_TYPE5,5,5
6,AIRPORT_NAME6,AIRPORT_TYPE6,6,6
7,AIRPORT_NAME7,AIRPORT_TYPE7,7,7
8,AIRPORT_NAME8,AIRPORT_TYPE8,8,8
9,AIRPORT_NAME9,AIRPORT_TYPE9,9,9
10,AIRPORT_NAME10,AIRPORT_TYPE10,10,10
11,AIRPORT_NAME11,AIRPORT_TYPE11,11,11
12,AIRPORT_NAME12,AIRPORT_TYPE12,12,12
13,AIRPORT_NAME13,AIRPORT_TYPE13,13,13
14,AIRPORT_NAME14,AIRPORT_TYPE14,14,14
15,AIRPORT_NAME15,AIRPORT_TYPE15,15,15
16,AIRPORT_NAME16,AIRPORT_TYPE16,16,16
17,AIRPORT_NAME17,AIRPORT_TYPE17,17,17
18,AIRPORT_NAME18,AIRPORT_TYPE18,18,18
19,AIRPORT_NAME19,AIRPORT_TYPE19,19,19
20,AIRPORT_NAME20,AIRPORT_TYPE20,20,20
21,AIRPORT_NAME21,AIRPORT_TYPE21,21,21
22,AIRPORT_NAME22,AIRPORT_TYPE22,22,22
23,AIRPORT_NAME23,AIRPORT_TYPE23,23,23
24,AIRPORT_NAME24,AIRPORT_TYPE24,24,24
25,AIRPORT_NAME25,AIRPORT_TYPE25,25,25
26,AIRPORT_NAME26,AIRPORT_TYPE26,26,26
27,AIRPORT_NAME27,AIRPORT_TYPE27,27,27
28,AIRPORT_NAME28,AIRPORT_TYPE28,28,28
29,AIRPORT_NAME29,AIRPORT_TYPE29,29,29
30,AIRPORT_NAME30,AIRPORT_TYPE30,30,30
31,AIRPORT_NAME31,AIRPORT_TYPE31,31,31
32,AIRPORT_NAME32,AIRPORT_TYPE32,32,32
33,AIRPORT_NAME33,AIRPORT_TYPE33,33,33
34,AIRPORT_NAME34,AIRPORT_TYPE34,34,34
35,AIRPORT_NAME35,AIRPORT_TYPE35,35,35
36,AIRPORT_NAME36,AIRPORT_TYPE36,36,36
37,AIRPORT_NAME37,AIRPORT_TYPE37,37,37
38,AIRPORT_NAME38,AIRPORT_TYPE38,38,38
39,AIRPORT_NAME39,AIRPORT_TYPE39,39,39
40,AIRPORT_NAME40,AIRPORT_TYPE40,40,40
41,AIRPORT_NAME41,AIRPORT_TYPE41,41,41
42,AIRPORT_NAME42,AIRPORT_TYPE42,42,42
43,AIRPORT_NAME43,AIRPORT_TYPE43,43,43
44,AIRPORT_NAME44,AIRPORT_TYPE44,44,44
45,AIRPORT_NAME45,AIRPORT_TYPE45,45,45
46,AIRPORT_NAME46,AIRPORT_TYPE46,46,46
47,AIRPORT_NAME47,AIRPORT_TYPE47,47,47
48,AIRPORT_NAME48,AIRPORT_TYPE48,48,48
49,AIRPORT_NAME49,AIRPORT_TYPE49,49,49
50,AIRPORT_NAME50,AIRPORT_TYPE50,50,50
51,AIRPORT_NAME51,AIRPORT_TYPE51,51,51
52,AIRPORT_NAME52,AIRPORT_TYPE52,52,52
53,AIRPORT_NAME53,AIRPORT_TYPE53,53,53
54,AIRPORT_NAME54,AIRPORT_TYPE54,54,54
55,AIRPORT_NAME55,AIRPORT_TYPE55,55,55
56,AIRPORT_NAME56,AIRPORT_TYPE56,56,56
57,AIRPORT_NAME57,AIRPORT_TYPE57,57,57
58,AIRPORT_NAME58,AIRPORT_TYPE58,58,58
59,AIRPORT_NAME59,AIRPORT_TYPE59,59,59
60,AIRPORT_NAME60,AIRPORT_TYPE60,60,60
61,AIRPORT_NAME61,AIRPORT_TYPE61,61,61
62,AIRPORT_NAME62,AIRPORT_TYPE62,62,62
63,AIRPORT_NAME63,AIRPORT_TYPE63,63,63
64,AIRPORT_NAME64,AIRPORT_TYPE64,64,64
65,AIRPORT_NAME65,AIRPORT_TYPE65,65,65
66,AIRPORT_NAME66,AIRPORT_TYPE66,66,66
67,AIRPORT_NAME67,AIRPORT_TYPE67,67,67
68,AIRPORT_NAME68,AIRPORT_TYPE68,68,68
69,AIRPORT_NAME69,AIRPORT_TYPE69,69,69
70,AIRPORT_NAME70,AIRPORT_TYPE70,70,70
71,AIRPORT_NAME71,AIRPORT_TYPE71,71,71
72,AIRPORT_NAME72,AIRPORT_TYPE72,72,72
73,AIRPORT_NAME73,AIRPORT_TYPE73,73,73
74,AIRPORT_NAME74,AIRPORT_TYPE74,74,74
75,AIRPORT_NAME75,AIRPORT_TYPE75,75,75
76,AIRPORT_NAME76,AIRPORT_TYPE76,76,76
77,AIRPORT_NAME77,AIRPORT_TYPE77,77,77
78,AIRPORT_NAME78,AIRPORT_TYPE78,78,78
79,AIRPORT_NAME79,AIRPORT_TYPE79,79,79
80,AIRPORT_NAME80,AIRPORT_TYPE80,80,80
81,AIRPORT_NAME81,AIRPORT_TYPE81,81,81
82,AIRPORT_NAME82,AIRPORT_TYPE82,82,82
83,AIRPORT_NAME83,AIRPORT_TYPE83,83,83
84,AIRPORT_NAME84,AIRPORT_TYPE84,84,84
85,AIRPORT_NAME85,AIRPORT_TYPE85,85,85
86,AIRPORT_NAME86,AIRPORT_TYPE86,86,86
87,AIRPORT_NAME87,AIRPORT_TYPE87,87,87
88,AIRPORT_NAME88,AIRPORT_TYPE88,88,88
89,AIRPORT_NAME89,AIRPORT_TYPE89,89,89
90,AIRPORT_NAME90,AIRPORT_TYPE90,90,90
91,AIRPORT_NAME91,AIRPORT_TYPE91,91,91
92,AIRPORT_NAME92,AIRPORT_TYPE92,92,92
93,AIRPORT_NAME93,AIRPORT_TYPE93,93,93
94,AIRPORT_NAME94,AIRPORT_TYPE94,94,94
95,AIRPORT_NAME95,AIRPORT_TYPE95,95,95
96,AIRPORT_NAME96,AIRPORT_TYPE96,96,96
97,AIRPORT_NAME97,AIRPORT_TYPE97,97,97
98,AIRPORT_NAME98,AIRPORT_TYPE98,98,98
99,AIRPORT_NAME99,AIRPORT_TYPE99,99,99
100,AIRPORT_NAME100,AIRPORT_TYPE100,100,100
101,AIRPORT_NAME101,AIRPORT_TYPE101,101,101
102,AIRPORT_NAME102,AIRPORT_TYPE102,102,102
103,AIRPORT_NAME103,AIRPORT_TYPE103,103,103
104,AIRPORT_NAME104,AIRPORT_TYPE104,104,104
105,AIRPORT_NAME105,AIRPORT_TYPE105,105,105
106,AIRPORT_NAME106,AIRPORT_TYPE106,106,106
107,AIRPORT_NAME107,AIRPORT_TYPE107,107,107
108,AIRPORT_NAME108,AIRPORT_TYPE108,108,108
109,AIRPORT_NAME109,AIRPORT_TYPE109,109,109
110,AIRPORT_NAME110,AIRPORT_TYPE110,110,110
111,AIRPORT_NAME111,AIRPORT_TYPE111,111,111
112,AIRPORT_NAME112,AIRPORT_TYPE112,112,112
113,AIRPORT_NAME113,AIRPORT_TYPE113,113,113
114,AIRPORT_NAME114,AIRPORT_TYPE114,114,114
115,AIRPORT_NAME115,AIRPORT_TYPE115,115,115
116,AIRPORT_NAME116,AIRPORT_TYPE116,116,116
117,AIRPORT_NAME117,AIRPORT_TYPE117,117,117
118,AIRPORT_NAME118,AIRPORT_TYPE118,118,118
119,AIRPORT_NAME119,AIRPORT_TYPE119,119,119
120,AIRPORT_NAME120,AIRPORT_TYPE120,120,120
121,AIRPORT_NAME121,AIRPORT_TYPE121,121,121
122,AIRPORT_NAME122,AIRPORT_TYPE122,122,122
123,AIRPORT_NAME123,AIRPORT_TYPE123,123,123
124,AIRPORT_NAME124,AIRPORT_TYPE124,124,124
125,AIRPORT_NAME125,AIRPORT_TYPE125,125,125
126,AIRPORT_NAME126,AIRPORT_TYPE126,126,126
127,AIRPORT_NAME127,AIRPORT_TYPE127,127,127
128,AIRPORT_NAME128,AIRPORT_TYPE128,128,128
129,AIRPORT_NAME129,AIRPORT_TYPE129,129,129
130,AIRPORT_NAME130,AIRPORT_TYPE130,130,130
131,AIRPORT_NAME131,AIRPORT_TYPE131,131,131
132,AIRPORT_NAME132,AIRPORT_TYPE132,132,132
133,AIRPORT_NAME133,AIRPORT_TYPE133,133,133
134,AIRPORT_NAME134,AIRPORT_TYPE134,134,134
135,AIRPORT_NAME135,AIRPORT_TYPE135,135,135
136,AIRPORT_NAME136,AIRPORT_TYPE136,136,136
137,AIRPORT_NAME137,AIRPORT_TYPE137,137,137
138,AIRPORT_NAME138,AIRPORT_TYPE138,138,138
139,AIRPORT_NAME139,AIRPORT_TYPE139,139,139
140,AIRPORT_NAME140,AIRPORT_TYPE140,140,140
141,AIRPORT_NAME141,AIRPORT_TYPE141,141,141
142,AIRPORT_NAME142,AIRPORT_TYPE142,142,142
143,AIRPORT_NAME143,AIRPORT_TYPE143,143,143
144,AIRPORT_NAME144,AIRPORT_TYPE144,144,144
145,AIRPORT_NAME145,AIRPORT_TYPE145,145,145
146,AIRPORT_NAME146,AIRPORT_TYPE146,146,146
147,AIRPORT_NAME147,AIRPORT_TYPE147,147,147
148,AIRPORT_NAME148,AIRPORT_TYPE148,148,148
149,AIRPORT_NAME149,AIRPORT_TYPE149,149,149
150,AIRPORT_NAME150,AIRPORT_TYPE150,150,150
151,AIRPORT_NAME151,AIRPORT_TYPE151,151,151
152,AIRPORT_NAME152,AIRPORT_TYPE152,152,152
153,AIRPORT_NAME153,AIRPORT_TYPE153,153,153
154,AIRPORT_NAME154,AIRPORT_TYPE154,154,154
155,AIRPORT_NAME155,AIRPORT_TYPE155,155,155
156,AIRPORT_NAME156,AIRPORT_TYPE156,156,156
157,AIRPORT_NAME157,AIRPORT_TYPE157,157,157
158,AIRPORT_NAME158,AIRPORT_TYPE158,158,158
159,AIRPORT_NAME159,AIRPORT_TYPE159,159,159
160,AIRPORT_NAME160,AIRPORT_TYPE160,160,160
161,AIRPORT_NAME161,AIRPORT_TYPE161,161,161
162,AIRPORT_NAME162,AIRPORT_TYPE162,162,162
163,AIRPORT_NAME163,AIRPORT_TYPE163,163,163
164,AIRPORT_NAME164,AIRPORT_TYPE164,164,164
165,AIRPORT_NAME165,AIRPORT_TYPE165,165,165
166,AIRPORT_NAME166,AIRPORT_TYPE166,166,166
167,AIRPORT_NAME167,AIRPORT_TYPE167,167,167
168,AIRPORT_NAME168,AIRPORT_TYPE168,168,168
169,AIRPORT_NAME169,AIRPORT_TYPE169,169,169
170,AIRPORT_NAME170,AIRPORT_TYPE170,170,170
171,AIRPORT_NAME171,AIRPORT_TYPE171,171,171
172,AIRPORT_NAME172,AIRPORT_TYPE172,172,172
173,AIRPORT_NAME173,AIRPORT_TYPE173,173,173
174,AIRPORT_NAME174,AIRPORT_TYPE174,174,174
175,AIRPORT_NAME175,AIRPORT_TYPE175,175,175
176,AIRPORT_NAME176,AIRPORT_TYPE176,176,176
177,AIRPORT_NAME177,AIRPORT_TYPE177,177,177
178,AIRPORT_NAME178,AIRPORT_TYPE178,178,178
179,AIRPORT_NAME179,AIRPORT_TYPE179,179,179
180,AIRPORT_NAME180,AIRPORT_TYPE180,180,180
181,AIRPORT_NAME181,AIRPORT_TYPE181,181,181
182,AIRPORT_NAME182,AIRPORT_TYPE182,182,182
183,AIRPORT_NAME183,AIRPORT_TYPE183,183,183
184,AIRPORT_NAME184,AIRPORT_TYPE184,184,184
185,AIRPORT_NAME185,AIRPORT_TYPE185,185,185
186,AIRPORT_NAME186,AIRPORT_TYPE186,186,186
187,AIRPORT_NAME187,AIRPORT_TYPE187,187,187
188,AIRPORT_NAME188,AIRPORT_TYPE188,188,188
189,AIRPORT_NAME189,AIRPORT_TYPE189,189,189
190,AIRPORT_NAME190,AIRPORT_TYPE190,190,190
191,AIRPORT_NAME191,AIRPORT_TYPE191,191,191
192,AIRPORT_NAME192,AIRPORT_TYPE192,192,192
193,AIRPORT_NAME193,AIRPORT_TYPE193,193,193
194,AIRPORT_NAME194,AIRPORT_TYPE194,194,194
195,AIRPORT_NAME195,AIRPORT_TYPE195,195,195
196,AIRPORT_NAME196,AIRPORT_TYPE196,196,196
197,AIRPORT_NAME197,AIRPORT_TYPE197,197,197
198,AIRPORT_NAME198,AIRPORT_TYPE198,198,198
199,AIRPORT_NAME199,AIRPORT_TYPE199,199,199
200,AIRPORT_NAME200,AIRPORT_TYPE200,200,200
201,AIRPORT_NAME201,AIRPORT_TYPE201,201,201
202,AIRPORT_NAME202,AIRPORT_TYPE202,202,202
203,AIRPORT_NAME203,AIRPORT_TYPE203,203,203
204,AIRPORT_NAME204,AIRPORT_TYPE204,204,204
205,AIRPORT_NAME205,AIRPORT_TYPE205,205,205
206,AIRPORT_NAME206,AIRPORT_TYPE206,206,206
207,AIRPORT_NAME207,AIRPORT_TYPE207,207,207
208,AIRPORT_NAME208,AIRPORT_TYPE208,208,208
209,AIRPORT_NAME209,AIRPORT_TYPE209,209,209
210,AIRPORT_NAME210,AIRPORT_TYPE210,210,210
211,AIRPORT_NAME211,AIRPORT_TYPE211,211,211
212,AIRPORT_NAME212,AIRPORT_TYPE212,212,212
213,AIRPORT_NAME213,AIRPORT_TYPE213,213,213
214,AIRPORT_NAME214,AIRPORT_TYPE214,214,214
215,AIRPORT_NAME215,AIRPORT_TYPE215,215,215
216,AIRPORT_NAME216,AIRPORT_TYPE216,216,216
217,AIRPORT_NAME217,AIRPORT_TYPE217,217,217
218,AIRPORT_NAME218,AIRPORT_TYPE218,218,218
219,AIRPORT_NAME219,AIRPORT_TYPE219,219,219
220,AIRPORT_NAME220,AIRPORT_TYPE220,220,220
221,AIRPORT_NAME221,AIRPORT_TYPE221,221,221
222,AIRPORT_NAME222,AIRPORT_TYPE222,222,222
223,AIRPORT_NAME223,AIRPORT_TYPE223,223,223
224,AIRPORT_NAME224,AIRPORT_TYPE224,224,224
225,AIRPORT_NAME225,AIRPORT_TYPE225,225,225
226,AIRPORT_NAME226,AIRPORT_TYPE226,226,226
227,AIRPORT_NAME227,AIRPORT_TYPE227,227,227
228,AIRPORT_NAME228,AIRPORT_TYPE228,228,228
229,AIRPORT_NAME229,AIRPORT_TYPE229,229,229
230,AIRPORT_NAME230,AIRPORT_TYPE230,230,230
231,AIRPORT_NAME231,AIRPORT_TYPE231,231,231
232,AIRPORT_NAME232,AIRPORT_TYPE232,232,232
233,AIRPORT_NAME233,AIRPORT_TYPE233,233,233
234,AIRPORT_NAME234,AIRPORT_TYPE234,234,234
235,AIRPORT_NAME235,AIRPORT_TYPE235,235,235
236,AIRPORT_NAME236,AIRPORT_TYPE236,236,236
237,AIRPORT_NAME237,AIRPORT_TYPE237,237,237
238,AIRPORT_NAME238,AIRPORT_TYPE238,238,238
239,AIRPORT_NAME239,AIRPORT_TYPE239,239,239
240,AIRPORT_NAME240,AIRPORT_TYPE240,240,240
241,AIRPORT_NAME241,AIRPORT_TYPE241,241,241
242,AIRPORT_NAME242,AIRPORT_TYPE242,242,242
243,AIRPORT_NAME243,AIRPORT_TYPE243,243,243
244,AIRPORT_NAME244,AIRPORT_TYPE244,244,244
245,AIRPORT_NAME245,AIRPORT_TYPE245,245,245
246,AIRPORT_NAME246,AIRPORT_TYPE246,246,246
247,AIRPORT_NAME247,AIRPORT_TYPE247,247,247
248,AIRPORT_NAME248,AIRPORT_TYPE248,248,248
249,AIRPORT_NAME249,AIRPORT_TYPE249,249,249
250,AIRPORT_NAME250,AIRPORT_TYPE250,250,250
251,AIRPORT_NAME251,AIRPORT_TYPE251,251,251
252,AIRPORT_NAME252,AIRPORT_TYPE252,252,252
253,AIRPORT_NAME253,AIRPORT_TYPE253,253,253
254,AIRPORT_NAME254,AIRPORT_TYPE254,254,254
255,AIRPORT_NAME255,AIRPORT_TYPE255,255,255
256,AIRPORT_NAME256,AIRPORT_TYPE256,256,256
257,AIRPORT_NAME257,AIRPORT_TYPE257,257,257
258,AIRPORT_NAME258,AIRPORT_TYPE258,258,258
259,AIRPORT_NAME259,AIRPORT_TYPE259,259,259
260,AIRPORT_NAME260,AIRPORT_TYPE260,260,260
261,AIRPORT_NAME261,AIRPORT_TYPE261,261,261
262,AIRPORT_NAME262,AIRPORT_TYPE262,262,262
263,AIRPORT_NAME263,AIRPORT_TYPE263,263,263
264,AIRPORT_NAME264,AIRPORT_TYPE264,264,264
265,AIRPORT_NAME265,AIRPORT_TYPE265,265,265
266,AIRPORT_NAME266,AIRPORT_TYPE266,266,266
267,AIRPORT_NAME267,AIRPORT_TYPE267,267,267
268,AIRPORT_NAME268,AIRPORT_TYPE268,268,268
269,AIRPORT_NAME269,AIRPORT_TYPE269,269,269
270,AIRPORT_NAME270,AIRPORT_TYPE270,270,270
271,AIRPORT_NAME271,AIRPORT_TYPE271,271,271
272,AIRPORT_NAME272,AIRPORT_TYPE272,272,272
273,AIRPORT_NAME273,AIRPORT_TYPE273,273,273
274,AIRPORT_NAME274,AIRPORT_TYPE274,274,274
275,AIRPORT_NAME275,AIRPORT_TYPE275,275,275
276,AIRPORT_NAME276,AIRPORT_TYPE276,276,276
277,AIRPORT_NAME277,AIRPORT_TYPE277,277,277
278,AIRPORT_NAME278,AIRPORT_TYPE278,278,278
279,AIRPORT_NAME279,AIRPORT_TYPE279,279,279
280,AIRPORT_NAME280,AIRPORT_TYPE280,280,280
281,AIRPORT_NAME281,AIRPORT_TYPE281,281,281
282,AIRPORT_NAME282,AIRPORT_TYPE282,282,282
283,AIRPORT_NAME283,AIRPORT_TYPE283,283,283
284,AIRPORT_NAME284,AIRPORT_TYPE284,284,284
285,AIRPORT_NAME285,AIRPORT_TYPE285,285,285
286,AIRPORT_NAME286,AIRPORT_TYPE286,286,286
287,AIRPORT_NAME287,AIRPORT_TYPE287,287,287
288,AIRPORT_NAME288,AIRPORT_TYPE288,288,288
289,AIRPORT_NAME289,AIRPORT_TYPE289,289,289
290,AIRPORT_NAME290,AIRPORT_TYPE290,290,290
291,AIRPORT_NAME291,AIRPORT_TYPE291,291,291
292,AIRPORT_NAME292,AIRPORT_TYPE292,292,292
293,AIRPORT_NAME293,AIRPORT_TYPE293,293,293
294,AIRPORT_NAME294,AIRPORT_TYPE294,294,294
295,AIRPORT_NAME295,AIRPORT_TYPE295,295,295
296,AIRPORT_NAME296,AIRPORT_TYPE296,296,296
297,AIRPORT_NAME297,AIRPORT_TYPE297,297,297
298,AIRPORT_NAME298,AIRPORT_TYPE298,298,298
299,AIRPORT_NAME299,AIRPORT_TYPE299,299,299
300,AIRPORT_NAME300,AIRPORT_TYPE300,300,300
301,AIRPORT_NAME301,AIRPORT_TYPE301,301,301
302,AIRPORT_NAME302,AIRPORT_TYPE302,302,302
303,AIRPORT_NAME303,AIRPORT_TYPE303,303,303
304,AIRPORT_NAME304,AIRPORT_TYPE304,304,304
305,AIRPORT_NAME305,AIRPORT_TYPE305,305,305
306,AIRPORT_NAME306,AIRPORT_TYPE306,306,306
307,AIRPORT_NAME307,AIRPORT_TYPE307,307,307
308,AIRPORT_NAME308,AIRPORT_TYPE308,308,308
309,AIRPORT_NAME309,AIRPORT_TYPE309,309,309
310,AIRPORT_NAME310,AIRPORT_TYPE310,310,310
311,AIRPORT_NAME311,AIRPORT_TYPE311,311,311
312,AIRPORT_NAME312,AIRPORT_TYPE312,312,312
313,AIRPORT_NAME313,AIRPORT_TYPE313,313,313
314,AIRPORT_NAME314,AIRPORT_TYPE314,314,314
315,AIRPORT_NAME315,AIRPORT_TYPE315,315,315
316,AIRPORT_NAME316,AIRPORT_TYPE316,316,316
317,AIRPORT_NAME317,AIRPORT_TYPE317,317,317
318,AIRPORT_NAME318,AIRPORT_TYPE318,318,318
319,AIRPORT_NAME319,AIRPORT_TYPE319,319,319
320,AIRPORT_NAME320,AIRPORT_TYPE320,320,320
321,AIRPORT_NAME321,AIRPORT_TYPE321,321,321
322,AIRPORT_NAME322,AIRPORT_TYPE322,322,322
323,AIRPORT_NAME323,AIRPORT_TYPE323,323,323
324,AIRPORT_NAME324,AIRPORT_TYPE324,324,324
325,AIRPORT_NAME325,AIRPORT_TYPE325,325,325
326,AIRPORT_NAME326,AIRPORT_TYPE326,326,326
327,AIRPORT_NAME327,AIRPORT_TYPE327,327,327
328,AIRPORT_NAME328,AIRPORT_TYPE328,328,328
329,AIRPORT_NAME329,AIRPORT_TYPE329,329,329
330,AIRPORT_NAME330,AIRPORT_TYPE330,330,330
331,AIRPORT_NAME331,AIRPORT_TYPE331,331,331
332,AIRPORT_NAME332,AIRPORT_TYPE332,332,332
333,AIRPORT_NAME333,AIRPORT_TYPE333,333,333
334,AIRPORT_NAME334,AIRPORT_TYPE334,334,334
335,AIRPORT_NAME335,AIRPORT_TYPE335,335,335
336,AIRPORT_NAME336,AIRPORT_TYPE336,336,336
337,AIRPORT_NAME337,AIRPORT_TYPE337,337,337
338,AIRPORT_NAME338,AIRPORT_TYPE338,338,338
339,AIRPORT_NAME339,AIRPORT_TYPE339,339,339
340,AIRPORT_NAME340,AIRPORT_TYPE340,340,340
341,AIRPORT_NAME341,AIRPORT_TYPE341,341,341
342,AIRPORT_NAME342,AIRPORT_TYPE342,342,342
343,AIRPORT_NAME343,AIRPORT_TYPE343,343,343
344,AIRPORT_NAME344,AIRPORT_TYPE344,344,344
345,AIRPORT_NAME345,AIRPORT_TYPE345,345,345
346,AIRPORT_NAME346,AIRPORT_TYPE346,346,346
347,AIRPORT_NAME347,AIRPORT_TYPE347,347,347
348,AIRPORT_NAME348,AIRPORT_TYPE348,348,348
349,AIRPORT_NAME349,AIRPORT_TYPE349,349,349
350,AIRPORT_NAME350,AIRPORT_TYPE350,350,350
351,AIRPORT_NAME351,AIRPORT_TYPE351,351,351
352,AIRPORT_NAME352,AIRPORT_TYPE352,352,352
353,AIRPORT_NAME353,AIRPORT_TYPE353,353,353
354,AIRPORT_NAME354,AIRPORT_TYPE354,354,354
355,AIRPORT_NAME355,AIRPORT_TYPE355,355,355
356,AIRPORT_NAME356,AIRPORT_TYPE356,356,356
357,AIRPORT_NAME357,AIRPORT_TYPE357,357,357
358,AIRPORT_NAME358,AIRPORT_TYPE358,358,358
359,AIRPORT_NAME359,AIRPORT_TYPE359,359,359
360,AIRPORT_NAME360,AIRPORT_TYPE360,360,360
361,AIRPORT_NAME361,AIRPORT_TYPE361,361,361
362,AIRPORT_NAME362,AIRPORT_TYPE362,362,362
363,AIRPORT_NAME363,AIRPORT_TYPE363,363,363
364,AIRPORT_NAME364,AIRPORT_TYPE364,364,364
365,AIRPORT_NAME365,AIRPORT_TYPE365,365,365
366,AIRPORT_NAME366,AIRPORT_TYPE366,366,366
367,AIRPORT_NAME367,AIRPORT_TYPE367,367,367
368,AIRPORT_NAME368,AIRPORT_TYPE368,368,368
369,AIRPORT_NAME369,AIRPORT_TYPE369,369,369
370,AIRPORT_NAME370,AIRPORT_TYPE370,370,370
371,AIRPORT_NAME371,AIRPORT_TYPE371,371,371
372,AIRPORT_NAME372,AIRPORT_TYPE372,372,372
373,AIRPORT_NAME373,AIRPORT_TYPE373,373,373
374,AIRPORT_NAME374,AIRPORT_TYPE374,374,374
375,AIRPORT_NAME375,AIRPORT_TYPE375,375,375
376,AIRPORT_NAME376,AIRPORT_TYPE376,376,376
377,AIRPORT_NAME377,AIRPORT_TYPE377,377,377
378,AIRPORT_NAME378,AIRPORT_TYPE378,378,378
379,AIRPORT_NAME379,AIRPORT_TYPE379,379,379
380,AIRPORT_NAME380,AIRPORT_TYPE380,380,380
381,AIRPORT_NAME381,AIRPORT_TYPE381,381,381
382,AIRPORT_NAME382,AIRPORT_TYPE382,382,382
383,AIRPORT_NAME383,AIRPORT_TYPE383,383,383
384,AIRPORT_NAME384,AIRPORT_TYPE384,384,384
385,AIRPORT_NAME385,AIRPORT_TYPE385,385,385
386,AIRPORT_NAME386,AIRPORT_TYPE386,386,386
387,AIRPORT_NAME387,AIRPORT_TYPE387,387,387
388,AIRPORT_NAME388,AIRPORT_TYPE388,388,388
389,AIRPORT_NAME389,AIRPORT_TYPE389,389,389
390,AIRPORT_NAME390,AIRPORT_TYPE390,390,390
391,AIRPORT_NAME391,AIRPORT_TYPE391,391,391
392,AIRPORT_NAME392,AIRPORT_TYPE392,392,392
393,AIRPORT_NAME393,AIRPORT_TYPE393,393,393
394,AIRPORT_NAME394,AIRPORT_TYPE394,394,394
395,AIRPORT_NAME395,AIRPORT_TYPE395,395,395
396,AIRPORT_NAME396,AIRPORT_TYPE396,396,396
397,AIRPORT_NAME397,AIRPORT_TYPE397,397,397
398,AIRPORT_NAME398,AIRPORT_TYPE398,398,398
399,AIRPORT_NAME399,AIRPORT_TYPE399,399,399
400,AIRPORT_NAME400,AIRPORT_TYPE400,400,400
401,AIRPORT_NAME401,AIRPORT_TYPE401,401,401
402,AIRPORT_NAME402,AIRPORT_TYPE402,402,402
403,AIRPORT_NAME403,AIRPORT_TYPE403,403,403
404,AIRPORT_NAME404,AIRPORT_TYPE404,404,404
405,AIRPORT_NAME405,AIRPORT_TYPE405,405,405
406,AIRPORT_NAME406,AIRPORT_TYPE406,406,406
407,AIRPORT_NAME407,AIRPORT_TYPE407,407,407
408,AIRPORT_NAME408,AIRPORT_TYPE408,408,408
409,AIRPORT_NAME409,AIRPORT_TYPE409,409,409
410,AIRPORT_NAME410,AIRPORT_TYPE410,410,410
411,AIRPORT_NAME411,AIRPORT_TYPE411,411,411
412,AIRPORT_NAME412,AIRPORT_TYPE412,412,412
413,AIRPORT_NAME413,AIRPORT_TYPE413,413,413
414,AIRPORT_NAME414,AIRPORT_TYPE414,414,414
415,AIRPORT_NAME415,AIRPORT_TYPE415,415,415
416,AIRPORT_NAME416,AIRPORT_TYPE416,416,416
417,AIRPORT_NAME417,AIRPORT_TYPE417,417,417
418,AIRPORT_NAME418,AIRPORT_TYPE418,418,418
419,AIRPORT_NAME419,AIRPORT_TYPE419,419,419
420,AIRPORT_NAME420,AIRPORT_TYPE420,420,420
421,AIRPORT_NAME421,AIRPORT_TYPE421,421,421
422,AIRPORT_NAME422,AIRPORT_TYPE422,422,422
423,AIRPORT_NAME423,AIRPORT_TYPE423,423,423
424,AIRPORT_NAME424,AIRPORT_TYPE424,424,424
425,AIRPORT_NAME425,AIRPORT_TYPE425,425,425
426,AIRPORT_NAME426,AIRPORT_TYPE426,426,426
427,AIRPORT_NAME427,AIRPORT_TYPE427,427,427
428,AIRPORT_NAME428,AIRPORT_TYPE428,428,428
429,AIRPORT_NAME429,AIRPORT_TYPE429,429,429
430,AIRPORT_NAME430,AIRPORT_TYPE430,430,430
431,AIRPORT_NAME431,AIRPORT_TYPE431,431,431
432,AIRPORT_NAME432,AIRPORT_TYPE432,432,432
433,AIRPORT_NAME433,AIRPORT_TYPE433,433,433
434,AIRPORT_NAME434,AIRPORT_TYPE434,434,434
435,AIRPORT_NAME435,AIRPORT_TYPE435,435,435
436,AIRPORT_NAME436,AIRPORT_TYPE436,436,436
437,AIRPORT_NAME437,AIRPORT_TYPE437,437,437
438,AIRPORT_NAME438,AIRPORT_TYPE438,438,438
439,AIRPORT_NAME439,AIRPORT_TYPE439,439,439
440,AIRPORT_NAME440,AIRPORT_TYPE440,440,440
441,AIRPORT_NAME441,AIRPORT_TYPE441,441,441
442,AIRPORT_NAME442,AIRPORT_TYPE442,442,442
443,AIRPORT_NAME443,AIRPORT_TYPE443,443,443
444,AIRPORT_NAME444,AIRPORT_TYPE444,444,444
445,AIRPORT_NAME445,AIRPORT_TYPE445,445,445
446,AIRPORT_NAME446,AIRPORT_TYPE446,446,446
447,AIRPORT_NAME447,AIRPORT_TYPE447,447,447
448,AIRPORT_NAME448,AIRPORT_TYPE448,448,448
449,AIRPORT_NAME449,AIRPORT_TYPE449,449,449
450,AIRPORT_NAME450,AIRPORT_TYPE450,450,450
451,AIRPORT_NAME451,AIRPORT_TYPE451,451,451
452,AIRPORT_NAME452,AIRPORT_TYPE452,452,452
453,AIRPORT_NAME453,AIRPORT_TYPE453,453,453
454,AIRPORT_NAME454,AIRPORT_TYPE454,454,454
751,AIRPORT_NAME751,AIRPORT_TYPE751,751,751
752,AIRPORT_NAME752,AIRPORT_TYPE752,752,752
753,AIRPORT_NAME753,AIRPORT_TYPE753,753,753
754,AIRPORT_NAME754,AIRPORT_TYPE754,754,754
755,AIRPORT_NAME755,AIRPORT_TYPE755,755,755
756,AIRPORT_NAME756,AIRPORT_TYPE756,756,756
757,AIRPORT_NAME757,AIRPORT_TYPE757,757,757
758,AIRPORT_NAME758,AIRPORT_TYPE758,758,758
759,AIRPORT_NAME759,AIRPORT_TYPE759,759,759
760,AIRPORT_NAME760,AIRPORT_TYPE760,760,760
761,AIRPORT_NAME761,AIRPORT_TYPE761,761,761
762,AIRPORT_NAME762,AIRPORT_TYPE762,762,762
763,AIRPORT_NAME763,AIRPORT_TYPE763,763,763
764,AIRPORT_NAME764,AIRPORT_TYPE764,764,764
765,AIRPORT_NAME765,AIRPORT_TYPE765,765,765
766,AIRPORT_NAME766,AIRPORT_TYPE766,766,766
767,AIRPORT_NAME767,AIRPORT_TYPE767,767,767
768,AIRPORT_NAME768,AIRPORT_TYPE768,768,768
769,AIRPORT_NAME769,AIRPORT_TYPE769,769,769
770,AIRPORT_NAME770,AIRPORT_TYPE770,770,770
771,AIRPORT_NAME771,AIRPORT_TYPE771,771,771
772,AIRPORT_NAME772,AIRPORT_TYPE772,772,772
773,AIRPORT_NAME773,AIRPORT_TYPE773,773,773
774,AIRPORT_NAME774,AIRPORT_TYPE774,774,774
775,AIRPORT_NAME775,AIRPORT_TYPE775,775,775
776,AIRPORT_NAME776,AIRPORT_TYPE776,776,776
777,AIRPORT_NAME777,AIRPORT_TYPE777,777,777
778,AIRPORT_NAME778,AIRPORT_TYPE778,778,778
779,AIRPORT_NAME779,AIRPORT_TYPE779,779,779
780,AIRPORT_NAME780,AIRPORT_TYPE780,780,780
781,AIRPORT_NAME781,AIRPORT_TYPE781,781,781
782,AIRPORT_NAME782,AIRPORT_TYPE782,782,782
783,AIRPORT_NAME783,AIRPORT_TYPE783,783,783
784,AIRPORT_NAME784,AIRPORT_TYPE784,784,784
785,AIRPORT_NAME785,AIRPORT_TYPE785,785,785
786,AIRPORT_NAME786,AIRPORT_TYPE786,786,786
787,AIRPORT_NAME787,AIRPORT_TYPE787,787,787
788,AIRPORT_NAME788,AIRPORT_TYPE788,788,788
789,AIRPORT_NAME789,AIRPORT_TYPE789,789,789
790,AIRPORT_NAME790,AIRPORT_TYPE790,790,790
791,AIRPORT_NAME791,AIRPORT_TYPE791,791,791
792,AIRPORT_NAME792,AIRPORT_TYPE792,792,792
793,AIRPORT_NAME793,AIRPORT_TYPE793,793,793
794,AIRPORT_NAME794,AIRPORT_TYPE794,794,794
795,AIRPORT_NAME795,AIRPORT_TYPE795,795,795
796,AIRPORT_NAME796,AIRPORT_TYPE796,796,796
797,AIRPORT_NAME797,AIRPORT_TYPE797,797,797
798,AIRPORT_NAME798,AIRPORT_TYPE798,798,798
799,AIRPORT_NAME799,AIRPORT_TYPE799,799,799
800,AIRPORT_NAME800,AIRPORT_TYPE800,800,800
801,AIRPORT_NAME801,AIRPORT_TYPE801,801,801
802,AIRPORT_NAME802,AIRPORT_TYPE802,802,802
803,AIRPORT_NAME803,AIRPORT_TYPE803,803,803
804,AIRPORT_NAME804,AIRPORT_TYPE804,804,804
805,AIRPORT_NAME805,AIRPORT_TYPE805,805,805
806,AIRPORT_NAME806,AIRPORT_TYPE806,806,806
807,AIRPORT_NAME807,AIRPORT_TYPE807,807,807
808,AIRPORT_NAME808,AIRPORT_TYPE808,808,808
809,AIRPORT_NAME809,AIRPORT_TYPE809,809,809
810,AIRPORT_NAME810,AIRPORT_TYPE810,810,810
811,AIRPORT_NAME811,AIRPORT_TYPE811,811,811
812,AIRPORT_NAME812,AIRPORT_TYPE812,812,812
813,AIRPORT_NAME813,AIRPORT_TYPE813,813,813
814,AIRPORT_NAME814,AIRPORT_TYPE814,814,814
815,AIRPORT_NAME815,AIRPORT_TYPE815,815,815
816,AIRPORT_NAME816,AIRPORT_TYPE816,816,816
817,AIRPORT_NAME817,AIRPORT_TYPE817,817,817
818,AIRPORT_NAME818,AIRPORT_TYPE818,818,818
819,AIRPORT_NAME819,AIRPORT_TYPE819,819,819
820,AIRPORT_NAME820,AIRPORT_TYPE820,820,820
821,AIRPORT_NAME821,AIRPORT_TYPE821,821,821
822,AIRPORT_NAME822,AIRPORT_TYPE822,822,822
823,AIRPORT_NAME823,AIRPORT_TYPE823,823,823
824,AIRPORT_NAME824,AIRPORT_TYPE824,824,824
825,AIRPORT_NAME825,AIRPORT_TYPE825,825,825
826,AIRPORT_NAME826,AIRPORT_TYPE826,826,826
827,AIRPORT_NAME827,AIRPORT_TYPE827,827,827
828,AIRPORT_NAME828,AIRPORT_TYPE828,828,828
829,AIRPORT_NAME829,AIRPORT_TYPE829,829,829
830,AIRPORT_NAME830,AIRPORT_TYPE830,830,830
831,AIRPORT_NAME831,AIRPORT_TYPE831,831,831
832,AIRPORT_NAME832,AIRPORT_TYPE832,832,832
833,AIRPORT_NAME833,AIRPORT_TYPE833,833,833
834,AIRPORT_NAME834,AIRPORT_TYPE834,834,834
835,AIRPORT_NAME835,AIRPORT_TYPE835,835,835
836,AIRPORT_NAME836,AIRPORT_TYPE836,836,836
837,AIRPORT_NAME837,AIRPORT_TYPE837,837,837
838,AIRPORT_NAME838,AIRPORT_TYPE838,838,838
839,AIRPORT_NAME839,AIRPORT_TYPE839,839,839
840,AIRPORT_NAME840,AIRPORT_TYPE840,840,840
841,AIRPORT_NAME841,AIRPORT_TYPE841,841,841
842,AIRPORT_NAME842,AIRPORT_TYPE842,842,842
843,AIRPORT_NAME843,AIRPORT_TYPE843,843,843
844,AIRPORT_NAME844,AIRPORT_TYPE844,844,844
845,AIRPORT_NAME845,AIRPORT_TYPE845,845,845
846,AIRPORT_NAME846,AIRPORT_TYPE846,846,846
847,AIRPORT_NAME847,AIRPORT_TYPE847,847,847
848,AIRPORT_NAME848,AIRPORT_TYPE848,848,848
849,AIRPORT_NAME849,AIRPORT_TYPE849,849,849
850,AIRPORT_NAME850,AIRPORT_TYPE850,850,850
851,AIRPORT_NAME851,AIRPORT_TYPE851,851,851
852,AIRPORT_NAME852,AIRPORT_TYPE852,852,852
853,AIRPORT_NAME853,AIRPORT_TYPE853,853,853
854,AIRPORT_NAME854,AIRPORT_TYPE854,854,854
855,AIRPORT_NAME855,AIRPORT_TYPE855,855,855
856,AIRPORT_NAME856,AIRPORT_TYPE856,856,856
857,AIRPORT_NAME857,AIRPORT_TYPE857,857,857
858,AIRPORT_NAME858,AIRPORT_TYPE858,858,858
859,AIRPORT_NAME859,AIRPORT_TYPE859,859,859
860,AIRPORT_NAME860,AIRPORT_TYPE860,860,860
861,AIRPORT_NAME861,AIRPORT_TYPE861,861,861
862,AIRPORT_NAME862,AIRPORT_TYPE862,862,862
863,AIRPORT_NAME863,AIRPORT_TYPE863,863,863
864,AIRPORT_NAME864,AIRPORT_TYPE864,864,864
865,AIRPORT_NAME865,AIRPORT_TYPE865,865,865
866,AIRPORT_NAME866,AIRPORT_TYPE866,866,866
867,AIRPORT_NAME867,AIRPORT_TYPE867,867,867
868,AIRPORT_NAME868,AIRPORT_TYPE868,868,868
869,AIRPORT_NAME869,AIRPORT_TYPE869,869,869
870,AIRPORT_NAME870,AIRPORT_TYPE870,870,870
871,AIRPORT_NAME871,AIRPORT_TYPE871,871,871
872,AIRPORT_NAME872,AIRPORT_TYPE872,872,872
873,AIRPORT_NAME873,AIRPORT_TYPE873,873,873
874,AIRPORT_NAME874,AIRPORT_TYPE874,874,874
875,AIRPORT_NAME875,AIRPORT_TYPE875,875,875
876,AIRPORT_NAME876,AIRPORT_TYPE876,876,876
877,AIRPORT_NAME877,AIRPORT_TYPE877,877,877
878,AIRPORT_NAME878,AIRPORT_TYPE878,878,878
879,AIRPORT_NAME879,AIRPORT_TYPE879,879,879
880,AIRPORT_NAME880,AIRPORT_TYPE880,880,880
881,AIRPORT_NAME881,AIRPORT_TYPE881,881,881
882,AIRPORT_NAME882,AIRPORT_TYPE882,882,882
883,AIRPORT_NAME883,AIRPORT_TYPE883,883,883
884,AIRPORT_NAME884,AIRPORT_TYPE884,884,884
885,AIRPORT_NAME885,AIRPORT_TYPE885,885,885
886,AIRPORT_NAME886,AIRPORT_TYPE886,886,886
887,AIRPORT_NAME887,AIRPORT_TYPE887,887,887
888,AIRPORT_NAME888,AIRPORT_TYPE888,888,888
889,AIRPORT_NAME889,AIRPORT_TYPE889,889,889
890,AIRPORT_NAME890,AIRPORT_TYPE890,890,890
891,AIRPORT_NAME891,AIRPORT_TYPE891,891,891
892,AIRPORT_NAME892,AIRPORT_TYPE892,892,892
893,AIRPORT_NAME893,AIRPORT_TYPE893,893,893
894,AIRPORT_NAME894,AIRPORT_TYPE894,894,894
895,AIRPORT_NAME895,AIRPORT_TYPE895,895,895
896,AIRPORT_NAME896,AIRPORT_TYPE896,896,896
897,AIRPORT_NAME897,AIRPORT_TYPE897,897,897
898,AIRPORT_NAME898,AIRPORT_TYPE898,898,898
899,AIRPORT_NAME899,AIRPORT_TYPE899,899,899
900,AIRPORT_NAME900,AIRPORT_TYPE900,900,900
901,AIRPORT_NAME901,AIRPORT_TYPE901,901,901
902,AIRPORT_NAME902,AIRPORT_TYPE902,902,902
903,AIRPORT_NAME903,AIRPORT_TYPE903,903,903
904,AIRPORT_NAME904,AIRPORT_TYPE904,904,904
905,AIRPORT_NAME905,AIRPORT_TYPE905,905,905
906,AIRPORT_NAME906,AIRPORT_TYPE906,906,906
907,AIRPORT_NAME907,AIRPORT_TYPE907,907,907
908,AIRPORT_NAME908,AIRPORT_TYPE908,908,908
909,AIRPORT_NAME909,AIRPORT_TYPE909,909,909
910,AIRPORT_NAME910,AIRPORT_TYPE910,910,910
911,AIRPORT_NAME911,AIRPORT_TYPE911,911,911
912,AIRPORT_NAME912,AIRPORT_TYPE912,912,912
913,AIRPORT_NAME913,AIRPORT_TYPE913,913,913
914,AIRPORT_NAME914,AIRPORT_TYPE914,914,914
915,AIRPORT_NAME915,AIRPORT_TYPE915,915,915
916,AIRPORT_NAME916,AIRPORT_TYPE916,916,916
917,AIRPORT_NAME917,AIRPORT_TYPE917,917,917
918,AIRPORT_NAME918,AIRPORT_TYPE918,918,918
919,AIRPORT_NAME919,AIRPORT_TYPE919,919,919
920,AIRPORT_NAME920,AIRPORT_TYPE920,920,920
921,AIRPORT_NAME921,AIRPORT_TYPE921,921,921
922,AIRPORT_NAME922,AIRPORT_TYPE922,922,922
923,AIRPORT_NAME923,AIRPORT_TYPE923,923,923
924,AIRPORT_NAME924,AIRPORT_TYPE924,924,924
925,AIRPORT_NAME925,AIRPORT_TYPE925,925,925
926,AIRPORT_NAME926,AIRPORT_TYPE926,926,926
927,AIRPORT_NAME927,AIRPORT_TYPE927,927,927
928,AIRPORT_NAME928,AIRPORT_TYPE928,928,928
929,AIRPORT_NAME929,AIRPORT_TYPE929,929,929
930,AIRPORT_NAME930,AIRPORT_TYPE930,930,930
931,AIRPORT_NAME931,AIRPORT_TYPE931,931,931
932,AIRPORT_NAME932,AIRPORT_TYPE932,932,932
933,AIRPORT_NAME933,AIRPORT_TYPE933,933,933
934,AIRPORT_NAME934,AIRPORT_TYPE934,934,934
935,AIRPORT_NAME935,AIRPORT_TYPE935,935,935
936,AIRPORT_NAME936,AIRPORT_TYPE936,936,936
937,AIRPORT_NAME937,AIRPORT_TYPE937,937,937
938,AIRPORT_NAME938,AIRPORT_TYPE938,938,938
939,AIRPORT_NAME939,AIRPORT_TYPE939,939,939
940,AIRPORT_NAME940,AIRPORT_TYPE940,940,940
941,AIRPORT_NAME941,AIRPORT_TYPE941,941,941
942,AIRPORT_NAME942,AIRPORT_TYPE942,942,942
943,AIRPORT_NAME943,AIRPORT_TYPE943,943,943
944,AIRPORT_NAME944,AIRPORT_TYPE944,944,944
945,AIRPORT_NAME945,AIRPORT_TYPE945,945,945
946,AIRPORT_NAME946,AIRPORT_TYPE946,946,946
947,AIRPORT_NAME947,AIRPORT_TYPE947,947,947
948,AIRPORT_NAME948,AIRPORT_TYPE948,948,948
949,AIRPORT_NAME949,AIRPORT_TYPE949,949,949
950,AIRPORT_NAME950,AIRPORT_TYPE950,950,950
951,AIRPORT_NAME951,AIRPORT_TYPE951,951,951
952,AIRPORT_NAME952,AIRPORT_TYPE952,952,952
953,AIRPORT_NAME953,AIRPORT_TYPE953,953,953
954,AIRPORT_NAME954,AIRPORT_TYPE954,954,954
955,AIRPORT_NAME955,AIRPORT_TYPE955,955,955
956,AIRPORT_NAME956,AIRPORT_TYPE956,956,956
957,AIRPORT_NAME957,AIRPORT_TYPE957,957,957
958,AIRPORT_NAME958,AIRPORT_TYPE958,958,958
959,AIRPORT_NAME959,AIRPORT_TYPE959,959,959
960,AIRPORT_NAME960,AIRPORT_TYPE960,960,960
961,AIRPORT_NAME961,AIRPORT_TYPE961,961,961
962,AIRPORT_NAME962,AIRPORT_TYPE962,962,962
963,AIRPORT_NAME963,AIRPORT_TYPE963,963,963
964,AIRPORT_NAME964,AIRPORT_TYPE964,964,964
965,AIRPORT_NAME965,AIRPORT_TYPE965,965,965
966,AIRPORT_NAME966,AIRPORT_TYPE966,966,966
967,AIRPORT_NAME967,AIRPORT_TYPE967,967,967
968,AIRPORT_NAME968,AIRPORT_TYPE968,968,968
969,AIRPORT_NAME969,AIRPORT_TYPE969,969,969
970,AIRPORT_NAME970,AIRPORT_TYPE970,970,970
971,AIRPORT_NAME971,AIRPORT_TYPE971,971,971
972,AIRPORT_NAME972,AIRPORT_TYPE972,972,972
973,AIRPORT_NAME973,AIRPORT_TYPE973,973,973
974,AIRPORT_NAME974,AIRPORT_TYPE974,974,974
975,AIRPORT_NAME975,AIRPORT_TYPE975,975,975
976,AIRPORT_NAME976,AIRPORT_TYPE976,976,976
977,AIRPORT_NAME977,AIRPORT_TYPE977,977,977
978,AIRPORT_NAME978,AIRPORT_TYPE978,978,978
979,AIRPORT_NAME979,AIRPORT_TYPE979,979,979
980,AIRPORT_NAME980,AIRPORT_TYPE980,980,980
981,AIRPORT_NAME981,AIRPORT_TYPE981,981,981
982,AIRPORT_NAME982,AIRPORT_TYPE982,982,982
983,AIRPORT_NAME983,AIRPORT_TYPE983,983,983
984,AIRPORT_NAME984,AIRPORT_TYPE984,984,984
985,AIRPORT_NAME985,AIRPORT_TYPE985,985,985
986,AIRPORT_NAME986,AIRPORT_TYPE986,986,986
987,AIRPORT_NAME987,AIRPORT_TYPE987,987,987
988,AIRPORT_NAME988,AIRPORT_TYPE988,988,988
989,AIRPORT_NAME989,AIRPORT_TYPE989,989,989
990,AIRPORT_NAME990,AIRPORT_TYPE990,990,990
991,AIRPORT_NAME991,AIRPORT_TYPE991,991,991
992,AIRPORT_NAME992,AIRPORT_TYPE992,992,992
993,AIRPORT_NAME993,AIRPORT_TYPE993,993,993
994,AIRPORT_NAME994,AIRPORT_TYPE994,994,994
995,AIRPORT_NAME995,AIRPORT_TYPE995,995,995
996,AIRPORT_NAME996,AIRPORT_TYPE996,996,996
997,AIRPORT_NAME997,AIRPORT_TYPE997,997,997
998,AIRPORT_NAME998,AIRPORT_TYPE998,998,998
999,AIRPORT_NAME999,AIRPORT_TYPE999,999,999
