955,FLIGHT_NUM955
956,FLIGHT_NUM956
957,FLIGHT_NUM957
958,FLIGHT_NUM958
959,FLIGHT_NUM959
960,FLIGHT_NUM960
961,FLIGHT_NUM961
962,FLIGHT_NUM962
963,FLIGHT_NUM963
964,FLIGHT_NUM964
965,FLIGHT_NUM965
966,FLIGHT_NUM966
967,FLIGHT_NUM967
968,FLIGHT_NUM968
969,FLIGHT_NUM969
970,FLIGHT_NUM970
971,FLIGHT_NUM971
972,FLIGHT_NUM972
973,FLIGHT_NUM973
974,FLIGHT_NUM974
975,FLIGHT_NUM975
976,FLIGHT_NUM976
977,FLIGHT_NUM977
978,FLIGHT_NUM978
979,FLIGHT_NUM979
980,FLIGHT_NUM980
981,FLIGHT_NUM981
982,FLIGHT_NUM982
983,FLIGHT_NUM983
984,FLIGHT_NUM984
985,FLIGHT_NUM985
986,FLIGHT_NUM986
987,FLIGHT_NUM987
988,FLIGHT_NUM988
989,FLIGHT_NUM989
990,FLIGHT_NUM990
991,FLIGHT_NUM991
992,FLIGHT_NUM992
993,FLIGHT_NUM993
994,FLIGHT_NUM994
995,FLIGHT_NUM995
996,FLIGHT_NUM996
997,FLIGHT_NUM997
998,FLIGHT_NUM998
999,FLIGHT_NUM999
1,FLIGHT_NUM1
2,FLIGHT_NUM2
3,FLIGHT_NUM3
4,FLIGHT_NUM4
5,FLIGHT_NUM5
6,FLIGHT_NUM6
7,FLIGHT_NUM7
8,FLIGHT_NUM8
9,FLIGHT_NUM9
10,FLIGHT_NUM10
11,FLIGHT_NUM11
12,FLIGHT_NUM12
13,FLIGHT_NUM13
14,FLIGHT_NUM14
15,FLIGHT_NUM15
16,FLIGHT_NUM16
17,FLIGHT_NUM17
18,FLIGHT_NUM18
19,FLIGHT_NUM19
20,FLIGHT_NUM20
21,FLIGHT_NUM21
22,FLIGHT_NUM22
23,FLIGHT_NUM23
24,FLIGHT_NUM24
25,FLIGHT_NUM25
26,FLIGHT_NUM26
27,FLIGHT_NUM27
28,FLIGHT_NUM28
29,FLIGHT_NUM29
30,FLIGHT_NUM30
31,FLIGHT_NUM31
32,FLIGHT_NUM32
33,FLIGHT_NUM33
34,FLIGHT_NUM34
35,FLIGHT_NUM35
36,FLIGHT_NUM36
37,FLIGHT_NUM37
38,FLIGHT_NUM38
39,FLIGHT_NUM39
40,FLIGHT_NUM40
41,FLIGHT_NUM41
42,FLIGHT_NUM42
43,FLIGHT_NUM43
44,FLIGHT_NUM44
45,FLIGHT_NUM45
46,FLIGHT_NUM46
47,FLIGHT_NUM47
48,FLIGHT_NUM48
49,FLIGHT_NUM49
50,FLIGHT_NUM50
51,FLIGHT_NUM51
52,FLIGHT_NUM52
53,FLIGHT_NUM53
54,FLIGHT_NUM54
55,FLIGHT_NUM55
56,FLIGHT_NUM56
57,FLIGHT_NUM57
58,FLIGHT_NUM58
59,FLIGHT_NUM59
60,FLIGHT_NUM60
61,FLIGHT_NUM61
62,FLIGHT_NUM62
63,FLIGHT_NUM63
64,FLIGHT_NUM64
65,FLIGHT_NUM65
66,FLIGHT_NUM66
67,FLIGHT_NUM67
68,FLIGHT_NUM68
69,FLIGHT_NUM69
70,FLIGHT_NUM70
71,FLIGHT_NUM71
72,FLIGHT_NUM72
73,FLIGHT_NUM73
74,FLIGHT_NUM74
75,FLIGHT_NUM75
76,FLIGHT_NUM76
77,FLIGHT_NUM77
78,FLIGHT_NUM78
79,FLIGHT_NUM79
80,FLIGHT_NUM80
81,FLIGHT_NUM81
82,FLIGHT_NUM82
83,FLIGHT_NUM83
84,FLIGHT_NUM84
85,FLIGHT_NUM85
86,FLIGHT_NUM86
87,FLIGHT_NUM87
88,FLIGHT_NUM88
89,FLIGHT_NUM89
90,FLIGHT_NUM90
91,FLIGHT_NUM91
92,FLIGHT_NUM92
93,FLIGHT_NUM93
94,FLIGHT_NUM94
95,FLIGHT_NUM95
96,FLIGHT_NUM96
97,FLIGHT_NUM97
98,FLIGHT_NUM98
99,FLIGHT_NUM99
100,FLIGHT_NUM100
101,FLIGHT_NUM101
102,FLIGHT_NUM102
103,FLIGHT_NUM103
104,FLIGHT_NUM104
105,FLIGHT_NUM105
106,FLIGHT_NUM106
107,FLIGHT_NUM107
108,FLIGHT_NUM108
109,FLIGHT_NUM109
110,FLIGHT_NUM110
111,FLIGHT_NUM111
112,FLIGHT_NUM112
113,FLIGHT_NUM113
114,FLIGHT_NUM114
115,FLIGHT_NUM115
116,FLIGHT_NUM116
117,FLIGHT_NUM117
118,FLIGHT_NUM118
119,FLIGHT_NUM119
120,FLIGHT_NUM120
121,FLIGHT_NUM121
122,FLIGHT_NUM122
123,FLIGHT_NUM123
124,FLIGHT_NUM124
125,FLIGHT_NUM125
126,FLIGHT_NUM126
127,FLIGHT_NUM127
128,FLIGHT_NUM128
129,FLIGHT_NUM129
130,FLIGHT_NUM130
131,FLIGHT_NUM131
132,FLIGHT_NUM132
133,FLIGHT_NUM133
134,FLIGHT_NUM134
135,FLIGHT_NUM135
136,FLIGHT_NUM136
137,FLIGHT_NUM137
138,FLIGHT_NUM138
139,FLIGHT_NUM139
140,FLIGHT_NUM140
141,FLIGHT_NUM141
142,FLIGHT_NUM142
143,FLIGHT_NUM143
144,FLIGHT_NUM144
145,FLIGHT_NUM145
146,FLIGHT_NUM146
147,FLIGHT_NUM147
148,FLIGHT_NUM148
149,FLIGHT_NUM149
150,FLIGHT_NUM150
151,FLIGHT_NUM151
152,FLIGHT_NUM152
153,FLIGHT_NUM153
154,FLIGHT_NUM154
155,FLIGHT_NUM155
156,FLIGHT_NUM156
157,FLIGHT_NUM157
158,FLIGHT_NUM158
159,FLIGHT_NUM159
160,FLIGHT_NUM160
161,FLIGHT_NUM161
162,FLIGHT_NUM162
163,FLIGHT_NUM163
164,FLIGHT_NUM164
165,FLIGHT_NUM165
166,FLIGHT_NUM166
167,FLIGHT_NUM167
168,FLIGHT_NUM168
169,FLIGHT_NUM169
170,FLIGHT_NUM170
171,FLIGHT_NUM171
172,FLIGHT_NUM172
173,FLIGHT_NUM173
174,FLIGHT_NUM174
175,FLIGHT_NUM175
176,FLIGHT_NUM176
177,FLIGHT_NUM177
178,FLIGHT_NUM178
179,FLIGHT_NUM179
180,FLIGHT_NUM180
181,FLIGHT_NUM181
182,FLIGHT_NUM182
183,FLIGHT_NUM183
184,FLIGHT_NUM184
185,FLIGHT_NUM185
186,FLIGHT_NUM186
187,FLIGHT_NUM187
188,FLIGHT_NUM188
189,FLIGHT_NUM189
190,FLIGHT_NUM190
191,FLIGHT_NUM191
192,FLIGHT_NUM192
193,FLIGHT_NUM193
194,FLIGHT_NUM194
195,FLIGHT_NUM195
196,FLIGHT_NUM196
197,FLIGHT_NUM197
198,FLIGHT_NUM198
199,FLIGHT_NUM199
200,FLIGHT_NUM200
201,FLIGHT_NUM201
202,FLIGHT_NUM202
203,FLIGHT_NUM203
204,FLIGHT_NUM204
205,FLIGHT_NUM205
206,FLIGHT_NUM206
207,FLIGHT_NUM207
208,FLIGHT_NUM208
209,FLIGHT_NUM209
210,FLIGHT_NUM210
211,FLIGHT_NUM211
212,FLIGHT_NUM212
213,FLIGHT_NUM213
214,FLIGHT_NUM214
215,FLIGHT_NUM215
216,FLIGHT_NUM216
217,FLIGHT_NUM217
218,FLIGHT_NUM218
219,FLIGHT_NUM219
220,FLIGHT_NUM220
221,FLIGHT_NUM221
222,FLIGHT_NUM222
223,FLIGHT_NUM223
224,FLIGHT_NUM224
225,FLIGHT_NUM225
226,FLIGHT_NUM226
227,FLIGHT_NUM227
228,FLIGHT_NUM228
229,FLIGHT_NUM229
230,FLIGHT_NUM230
231,FLIGHT_NUM231
232,FLIGHT_NUM232
233,FLIGHT_NUM233
234,FLIGHT_NUM234
235,FLIGHT_NUM235
236,FLIGHT_NUM236
237,FLIGHT_NUM237
238,FLIGHT_NUM238
239,FLIGHT_NUM239
240,FLIGHT_NUM240
241,FLIGHT_NUM241
242,FLIGHT_NUM242
243,FLIGHT_NUM243
244,FLIGHT_NUM244
245,FLIGHT_NUM245
246,FLIGHT_NUM246
247,FLIGHT_NUM247
248,FLIGHT_NUM248
249,FLIGHT_NUM249
250,FLIGHT_NUM250
251,FLIGHT_NUM251
252,FLIGHT_NUM252
253,FLIGHT_NUM253
254,FLIGHT_NUM254
255,FLIGHT_NUM255
256,FLIGHT_NUM256
257,FLIGHT_NUM257
258,FLIGHT_NUM258
259,FLIGHT_NUM259
260,FLIGHT_NUM260
261,FLIGHT_NUM261
262,FLIGHT_NUM262
263,FLIGHT_NUM263
264,FLIGHT_NUM264
265,FLIGHT_NUM265
266,FLIGHT_NUM266
267,FLIGHT_NUM267
268,FLIGHT_NUM268
269,FLIGHT_NUM269
270,FLIGHT_NUM270
271,FLIGHT_NUM271
272,FLIGHT_NUM272
273,FLIGHT_NUM273
274,FLIGHT_NUM274
275,FLIGHT_NUM275
276,FLIGHT_NUM276
277,FLIGHT_NUM277
278,FLIGHT_NUM278
279,FLIGHT_NUM279
280,FLIGHT_NUM280
281,FLIGHT_NUM281
282,FLIGHT_NUM282
283,FLIGHT_NUM283
284,FLIGHT_NUM284
285,FLIGHT_NUM285
286,FLIGHT_NUM286
287,FLIGHT_NUM287
288,FLIGHT_NUM288
289,FLIGHT_NUM289
290,FLIGHT_NUM290
291,FLIGHT_NUM291
292,FLIGHT_NUM292
293,FLIGHT_NUM293
294,FLIGHT_NUM294
295,FLIGHT_NUM295
296,FLIGHT_NUM296
297,FLIGHT_NUM297
298,FLIGHT_NUM298
299,FLIGHT_NUM299
300,FLIGHT_NUM300
301,FLIGHT_NUM301
302,FLIGHT_NUM302
303,FLIGHT_NUM303
304,FLIGHT_NUM304
305,FLIGHT_NUM305
306,FLIGHT_NUM306
307,FLIGHT_NUM307
308,FLIGHT_NUM308
309,FLIGHT_NUM309
310,FLIGHT_NUM310
311,FLIGHT_NUM311
312,FLIGHT_NUM312
313,FLIGHT_NUM313
314,FLIGHT_NUM314
315,FLIGHT_NUM315
316,FLIGHT_NUM316
317,FLIGHT_NUM317
318,FLIGHT_NUM318
319,FLIGHT_NUM319
320,FLIGHT_NUM320
321,FLIGHT_NUM321
322,FLIGHT_NUM322
323,FLIGHT_NUM323
324,FLIGHT_NUM324
325,FLIGHT_NUM325
326,FLIGHT_NUM326
327,FLIGHT_NUM327
328,FLIGHT_NUM328
329,FLIGHT_NUM329
330,FLIGHT_NUM330
331,FLIGHT_NUM331
332,FLIGHT_NUM332
333,FLIGHT_NUM333
334,FLIGHT_NUM334
335,FLIGHT_NUM335
336,FLIGHT_NUM336
337,FLIGHT_NUM337
338,FLIGHT_NUM338
339,FLIGHT_NUM339
340,FLIGHT_NUM340
341,FLIGHT_NUM341
342,FLIGHT_NUM342
343,FLIGHT_NUM343
344,FLIGHT_NUM344
345,FLIGHT_NUM345
346,FLIGHT_NUM346
347,FLIGHT_NUM347
348,FLIGHT_NUM348
349,FLIGHT_NUM349
350,FLIGHT_NUM350
351,FLIGHT_NUM351
352,FLIGHT_NUM352
353,FLIGHT_NUM353
354,FLIGHT_NUM354
355,FLIGHT_NUM355
356,FLIGHT_NUM356
357,FLIGHT_NUM357
358,FLIGHT_NUM358
359,FLIGHT_NUM359
360,FLIGHT_NUM360
361,FLIGHT_NUM361
362,FLIGHT_NUM362
363,FLIGHT_NUM363
364,FLIGHT_NUM364
365,FLIGHT_NUM365
366,FLIGHT_NUM366
367,FLIGHT_NUM367
368,FLIGHT_NUM368
369,FLIGHT_NUM369
370,FLIGHT_NUM370
371,FLIGHT_NUM371
372,FLIGHT_NUM372
373,FLIGHT_NUM373
374,FLIGHT_NUM374
375,FLIGHT_NUM375
376,FLIGHT_NUM376
377,FLIGHT_NUM377
378,FLIGHT_NUM378
379,FLIGHT_NUM379
380,FLIGHT_NUM380
381,FLIGHT_NUM381
382,FLIGHT_NUM382
383,FLIGHT_NUM383
384,FLIGHT_NUM384
385,FLIGHT_NUM385
386,FLIGHT_NUM386
387,FLIGHT_NUM387
388,FLIGHT_NUM388
389,FLIGHT_NUM389
390,FLIGHT_NUM390
391,FLIGHT_NUM391
392,FLIGHT_NUM392
393,FLIGHT_NUM393
394,FLIGHT_NUM394
395,FLIGHT_NUM395
396,FLIGHT_NUM396
397,FLIGHT_NUM397
398,FLIGHT_NUM398
399,FLIGHT_NUM399
400,FLIGHT_NUM400
401,FLIGHT_NUM401
402,FLIGHT_NUM402
403,FLIGHT_NUM403
404,FLIGHT_NUM404
405,FLIGHT_NUM405
406,FLIGHT_NUM406
407,FLIGHT_NUM407
408,FLIGHT_NUM408
409,FLIGHT_NUM409
410,FLIGHT_NUM410
411,FLIGHT_NUM411
412,FLIGHT_NUM412
413,FLIGHT_NUM413
414,FLIGHT_NUM414
415,FLIGHT_NUM415
416,FLIGHT_NUM416
417,FLIGHT_NUM417
418,FLIGHT_NUM418
419,FLIGHT_NUM419
420,FLIGHT_NUM420
421,FLIGHT_NUM421
422,FLIGHT_NUM422
423,FLIGHT_NUM423
424,FLIGHT_NUM424
425,FLIGHT_NUM425
426,FLIGHT_NUM426
427,FLIGHT_NUM427
428,FLIGHT_NUM428
429,FLIGHT_NUM429
430,FLIGHT_NUM430
431,FLIGHT_NUM431
432,FLIGHT_NUM432
433,FLIGHT_NUM433
434,FLIGHT_NUM434
435,FLIGHT_NUM435
436,FLIGHT_NUM436
437,FLIGHT_NUM437
438,FLIGHT_NUM438
439,FLIGHT_NUM439
440,FLIGHT_NUM440
441,FLIGHT_NUM441
442,FLIGHT_NUM442
443,FLIGHT_NUM443
444,FLIGHT_NUM444
445,FLIGHT_NUM445
446,FLIGHT_NUM446
447,FLIGHT_NUM447
448,FLIGHT_NUM448
449,FLIGHT_NUM449
450,FLIGHT_NUM450
451,FLIGHT_NUM451
452,FLIGHT_NUM452
453,FLIGHT_NUM453
454,FLIGHT_NUM454
455,FLIGHT_NUM455
456,FLIGHT_NUM456
457,FLIGHT_NUM457
458,FLIGHT_NUM458
459,FLIGHT_NUM459
460,FLIGHT_NUM460
461,FLIGHT_NUM461
462,FLIGHT_NUM462
463,FLIGHT_NUM463
464,FLIGHT_NUM464
465,FLIGHT_NUM465
466,FLIGHT_NUM466
467,FLIGHT_NUM467
468,FLIGHT_NUM468
469,FLIGHT_NUM469
470,FLIGHT_NUM470
471,FLIGHT_NUM471
472,FLIGHT_NUM472
473,FLIGHT_NUM473
474,FLIGHT_NUM474
475,FLIGHT_NUM475
476,FLIGHT_NUM476
477,FLIGHT_NUM477
478,FLIGHT_NUM478
479,FLIGHT_NUM479
480,FLIGHT_NUM480
481,FLIGHT_NUM481
482,FLIGHT_NUM482
483,FLIGHT_NUM483
484,FLIGHT_NUM484
485,FLIGHT_NUM485
486,FLIGHT_NUM486
487,FLIGHT_NUM487
488,FLIGHT_NUM488
489,FLIGHT_NUM489
490,FLIGHT_NUM490
491,FLIGHT_NUM491
492,FLIGHT_NUM492
493,FLIGHT_NUM493
494,FLIGHT_NUM494
495,FLIGHT_NUM495
496,FLIGHT_NUM496
497,FLIGHT_NUM497
498,FLIGHT_NUM498
499,FLIGHT_NUM499
500,FLIGHT_NUM500
501,FLIGHT_NUM501
502,FLIGHT_NUM502
503,FLIGHT_NUM503
504,FLIGHT_NUM504
505,FLIGHT_NUM505
506,FLIGHT_NUM506
507,FLIGHT_NUM507
508,FLIGHT_NUM508
509,FLIGHT_NUM509
510,FLIGHT_NUM510
511,FLIGHT_NUM511
512,FLIGHT_NUM512
513,FLIGHT_NUM513
514,FLIGHT_NUM514
515,FLIGHT_NUM515
516,FLIGHT_NUM516
517,FLIGHT_NUM517
518,FLIGHT_NUM518
519,FLIGHT_NUM519
520,FLIGHT_NUM520
521,FLIGHT_NUM521
522,FLIGHT_NUM522
523,FLIGHT_NUM523
524,FLIGHT_NUM524
525,FLIGHT_NUM525
526,FLIGHT_NUM526
527,FLIGHT_NUM527
528,FLIGHT_NUM528
529,FLIGHT_NUM529
530,FLIGHT_NUM530
531,FLIGHT_NUM531
532,FLIGHT_NUM532
533,FLIGHT_NUM533
534,FLIGHT_NUM534
535,FLIGHT_NUM535
536,FLIGHT_NUM536
537,FLIGHT_NUM537
538,FLIGHT_NUM538
539,FLIGHT_NUM539
540,FLIGHT_NUM540
541,FLIGHT_NUM541
542,FLIGHT_NUM542
543,FLIGHT_NUM543
544,FLIGHT_NUM544
545,FLIGHT_NUM545
546,FLIGHT_NUM546
547,FLIGHT_NUM547
548,FLIGHT_NUM548
549,FLIGHT_NUM549
550,FLIGHT_NUM550
551,FLIGHT_NUM551
552,FLIGHT_NUM552
553,FLIGHT_NUM553
554,FLIGHT_NUM554
555,FLIGHT_NUM555
556,FLIGHT_NUM556
557,FLIGHT_NUM557
558,FLIGHT_NUM558
559,FLIGHT_NUM559
560,FLIGHT_NUM560
561,FLIGHT_NUM561
562,FLIGHT_NUM562
563,FLIGHT_NUM563
564,FLIGHT_NUM564
565,FLIGHT_NUM565
566,FLIGHT_NUM566
567,FLIGHT_NUM567
568,FLIGHT_NUM568
569,FLIGHT_NUM569
570,FLIGHT_NUM570
571,FLIGHT_NUM571
572,FLIGHT_NUM572
573,FLIGHT_NUM573
574,FLIGHT_NUM574
575,FLIGHT_NUM575
576,FLIGHT_NUM576
577,FLIGHT_NUM577
578,FLIGHT_NUM578
579,FLIGHT_NUM579
580,FLIGHT_NUM580
581,FLIGHT_NUM581
582,FLIGHT_NUM582
583,FLIGHT_NUM583
584,FLIGHT_NUM584
585,FLIGHT_NUM585
586,FLIGHT_NUM586
587,FLIGHT_NUM587
588,FLIGHT_NUM588
589,FLIGHT_NUM589
590,FLIGHT_NUM590
591,FLIGHT_NUM591
592,FLIGHT_NUM592
593,FLIGHT_NUM593
594,FLIGHT_NUM594
595,FLIGHT_NUM595
596,FLIGHT_NUM596
597,FLIGHT_NUM597
598,FLIGHT_NUM598
599,FLIGHT_NUM599
600,FLIGHT_NUM600
601,FLIGHT_NUM601
602,FLIGHT_NUM602
603,FLIGHT_NUM603
604,FLIGHT_NUM604
605,FLIGHT_NUM605
606,FLIGHT_NUM606
607,FLIGHT_NUM607
608,FLIGHT_NUM608
609,FLIGHT_NUM609
610,FLIGHT_NUM610
611,FLIGHT_NUM611
612,FLIGHT_NUM612
613,FLIGHT_NUM613
614,FLIGHT_NUM614
615,FLIGHT_NUM615
616,FLIGHT_NUM616
617,FLIGHT_NUM617
618,FLIGHT_NUM618
619,FLIGHT_NUM619
620,FLIGHT_NUM620
621,FLIGHT_NUM621
622,FLIGHT_NUM622
623,FLIGHT_NUM623
624,FLIGHT_NUM624
625,FLIGHT_NUM625
626,FLIGHT_NUM626
627,FLIGHT_NUM627
628,FLIGHT_NUM628
629,FLIGHT_NUM629
630,FLIGHT_NUM630
631,FLIGHT_NUM631
632,FLIGHT_NUM632
633,FLIGHT_NUM633
634,FLIGHT_NUM634
635,FLIGHT_NUM635
636,FLIGHT_NUM636
637,FLIGHT_NUM637
638,FLIGHT_NUM638
639,FLIGHT_NUM639
640,FLIGHT_NUM640
641,FLIGHT_NUM641
642,FLIGHT_NUM642
643,FLIGHT_NUM643
644,FLIGHT_NUM644
645,FLIGHT_NUM645
646,FLIGHT_NUM646
647,FLIGHT_NUM647
648,FLIGHT_NUM648
649,FLIGHT_NUM649
650,FLIGHT_NUM650
651,FLIGHT_NUM651
652,FLIGHT_NUM652
653,FLIGHT_NUM653
654,FLIGHT_NUM654
655,FLIGHT_NUM655
656,FLIGHT_NUM656
657,FLIGHT_NUM657
658,FLIGHT_NUM658
659,FLIGHT_NUM659
660,FLIGHT_NUM660
661,FLIGHT_NUM661
662,FLIGHT_NUM662
663,FLIGHT_NUM663
664,FLIGHT_NUM664
665,FLIGHT_NUM665
666,FLIGHT_NUM666
667,FLIGHT_NUM667
668,FLIGHT_NUM668
669,FLIGHT_NUM669
670,FLIGHT_NUM670
671,FLIGHT_NUM671
672,FLIGHT_NUM672
673,FLIGHT_NUM673
674,FLIGHT_NUM674
675,FLIGHT_NUM675
676,FLIGHT_NUM676
677,FLIGHT_NUM677
678,FLIGHT_NUM678
679,FLIGHT_NUM679
680,FLIGHT_NUM680
681,FLIGHT_NUM681
682,FLIGHT_NUM682
683,FLIGHT_NUM683
684,FLIGHT_NUM684
685,FLIGHT_NUM685
686,FLIGHT_NUM686
687,FLIGHT_NUM687
688,FLIGHT_NUM688
689,FLIGHT_NUM689
690,FLIGHT_NUM690
691,FLIGHT_NUM691
692,FLIGHT_NUM692
693,FLIGHT_NUM693
694,FLIGHT_NUM694
695,FLIGHT_NUM695
696,FLIGHT_NUM696
697,FLIGHT_NUM697
698,FLIGHT_NUM698
699,FLIGHT_NUM699
700,FLIGHT_NUM700
701,FLIGHT_NUM701
702,FLIGHT_NUM702
703,FLIGHT_NUM703
704,FLIGHT_NUM704
705,FLIGHT_NUM705
706,FLIGHT_NUM706
707,FLIGHT_NUM707
708,FLIGHT_NUM708
709,FLIGHT_NUM709
710,FLIGHT_NUM710
711,FLIGHT_NUM711
712,FLIGHT_NUM712
713,FLIGHT_NUM713
714,FLIGHT_NUM714
715,FLIGHT_NUM715
716,FLIGHT_NUM716
717,FLIGHT_NUM717
718,FLIGHT_NUM718
719,FLIGHT_NUM719
720,FLIGHT_NUM720
721,FLIGHT_NUM721
722,FLIGHT_NUM722
723,FLIGHT_NUM723
724,FLIGHT_NUM724
725,FLIGHT_NUM725
726,FLIGHT_NUM726
727,FLIGHT_NUM727
728,FLIGHT_NUM728
729,FLIGHT_NUM729
730,FLIGHT_NUM730
731,FLIGHT_NUM731
732,FLIGHT_NUM732
733,FLIGHT_NUM733
734,FLIGHT_NUM734
735,FLIGHT_NUM735
736,FLIGHT_NUM736
737,FLIGHT_NUM737
738,FLIGHT_NUM738
739,FLIGHT_NUM739
740,FLIGHT_NUM740
741,FLIGHT_NUM741
742,FLIGHT_NUM742
743,FLIGHT_NUM743
744,FLIGHT_NUM744
745,FLIGHT_NUM745
746,FLIGHT_NUM746
747,FLIGHT_NUM747
748,FLIGHT_NUM748
749,FLIGHT_NUM749
750,FLIGHT_NUM750
751,FLIGHT_NUM751
752,FLIGHT_NUM752
753,FLIGHT_NUM753
754,FLIGHT_NUM754
755,FLIGHT_NUM755
756,FLIGHT_NUM756
757,FLIGHT_NUM757
758,FLIGHT_NUM758
759,FLIGHT_NUM759
760,FLIGHT_NUM760
761,FLIGHT_NUM761
762,FLIGHT_NUM762
763,FLIGHT_NUM763
764,FLIGHT_NUM764
765,FLIGHT_NUM765
766,FLIGHT_NUM766
767,FLIGHT_NUM767
768,FLIGHT_NUM768
769,FLIGHT_NUM769
770,FLIGHT_NUM770
771,FLIGHT_NUM771
772,FLIGHT_NUM772
773,FLIGHT_NUM773
774,FLIGHT_NUM774
775,FLIGHT_NUM775
776,FLIGHT_NUM776
777,FLIGHT_NUM777
778,FLIGHT_NUM778
779,FLIGHT_NUM779
780,FLIGHT_NUM780
781,FLIGHT_NUM781
782,FLIGHT_NUM782
783,FLIGHT_NUM783
784,FLIGHT_NUM784
785,FLIGHT_NUM785
786,FLIGHT_NUM786
787,FLIGHT_NUM787
788,FLIGHT_NUM788
789,FLIGHT_NUM789
790,FLIGHT_NUM790
791,FLIGHT_NUM791
792,FLIGHT_NUM792
793,FLIGHT_NUM793
794,FLIGHT_NUM794
795,FLIGHT_NUM795
796,FLIGHT_NUM796
797,FLIGHT_NUM797
798,FLIGHT_NUM798
799,FLIGHT_NUM799
800,FLIGHT_NUM800
801,FLIGHT_NUM801
802,FLIGHT_NUM802
803,FLIGHT_NUM803
804,FLIGHT_NUM804
805,FLIGHT_NUM805
806,FLIGHT_NUM806
807,FLIGHT_NUM807
808,FLIGHT_NUM808
809,FLIGHT_NUM809
810,FLIGHT_NUM810
811,FLIGHT_NUM811
812,FLIGHT_NUM812
813,FLIGHT_NUM813
814,FLIGHT_NUM814
815,FLIGHT_NUM815
816,FLIGHT_NUM816
817,FLIGHT_NUM817
818,FLIGHT_NUM818
819,FLIGHT_NUM819
820,FLIGHT_NUM820
821,FLIGHT_NUM821
822,FLIGHT_NUM822
823,FLIGHT_NUM823
824,FLIGHT_NUM824
825,FLIGHT_NUM825
826,FLIGHT_NUM826
827,FLIGHT_NUM827
828,FLIGHT_NUM828
829,FLIGHT_NUM829
830,FLIGHT_NUM830
831,FLIGHT_NUM831
832,FLIGHT_NUM832
833,FLIGHT_NUM833
834,FLIGHT_NUM834
835,FLIGHT_NUM835
836,FLIGHT_NUM836
837,FLIGHT_NUM837
838,FLIGHT_NUM838
839,FLIGHT_NUM839
840,FLIGHT_NUM840
841,FLIGHT_NUM841
842,FLIGHT_NUM842
843,FLIGHT_NUM843
844,FLIGHT_NUM844
845,FLIGHT_NUM845
846,FLIGHT_NUM846
847,FLIGHT_NUM847
848,FLIGHT_NUM848
849,FLIGHT_NUM849
850,FLIGHT_NUM850
851,FLIGHT_NUM851
852,FLIGHT_NUM852
853,FLIGHT_NUM853
854,FLIGHT_NUM854
855,FLIGHT_NUM855
856,FLIGHT_NUM856
857,FLIGHT_NUM857
858,FLIGHT_NUM858
859,FLIGHT_NUM859
860,FLIGHT_NUM860
861,FLIGHT_NUM861
862,FLIGHT_NUM862
863,FLIGHT_NUM863
864,FLIGHT_NUM864
865,FLIGHT_NUM865
866,FLIGHT_NUM866
867,FLIGHT_NUM867
868,FLIGHT_NUM868
869,FLIGHT_NUM869
870,FLIGHT_NUM870
871,FLIGHT_NUM871
872,FLIGHT_NUM872
873,FLIGHT_NUM873
874,FLIGHT_NUM874
875,FLIGHT_NUM875
876,FLIGHT_NUM876
877,FLIGHT_NUM877
878,FLIGHT_NUM878
879,FLIGHT_NUM879
880,FLIGHT_NUM880
881,FLIGHT_NUM881
882,FLIGHT_NUM882
883,FLIGHT_NUM883
884,FLIGHT_NUM884
885,FLIGHT_NUM885
886,FLIGHT_NUM886
887,FLIGHT_NUM887
888,FLIGHT_NUM888
889,FLIGHT_NUM889
890,FLIGHT_NUM890
891,FLIGHT_NUM891
892,FLIGHT_NUM892
893,FLIGHT_NUM893
894,FLIGHT_NUM894
895,FLIGHT_NUM895
896,FLIGHT_NUM896
897,FLIGHT_NUM897
898,FLIGHT_NUM898
899,FLIGHT_NUM899
900,FLIGHT_NUM900
901,FLIGHT_NUM901
902,FLIGHT_NUM902
903,FLIGHT_NUM903
904,FLIGHT_NUM904
905,FLIGHT_NUM905
906,FLIGHT_NUM906
907,FLIGHT_NUM907
908,FLIGHT_NUM908
909,FLIGHT_NUM909
910,FLIGHT_NUM910
911,FLIGHT_NUM911
912,FLIGHT_NUM912
913,FLIGHT_NUM913
914,FLIGHT_NUM914
915,FLIGHT_NUM915
916,FLIGHT_NUM916
917,FLIGHT_NUM917
918,FLIGHT_NUM918
919,FLIGHT_NUM919
920,FLIGHT_NUM920
921,FLIGHT_NUM921
922,FLIGHT_NUM922
923,FLIGHT_NUM923
924,FLIGHT_NUM924
925,FLIGHT_NUM925
926,FLIGHT_NUM926
927,FLIGHT_NUM927
928,FLIGHT_NUM928
929,FLIGHT_NUM929
930,FLIGHT_NUM930
931,FLIGHT_NUM931
932,FLIGHT_NUM932
933,FLIGHT_NUM933
934,FLIGHT_NUM934
935,FLIGHT_NUM935
936,FLIGHT_NUM936
937,FLIGHT_NUM937
938,FLIGHT_NUM938
939,FLIGHT_NUM939
940,FLIGHT_NUM940
941,FLIGHT_NUM941
942,FLIGHT_NUM942
943,FLIGHT_NUM943
944,FLIGHT_NUM944
945,FLIGHT_NUM945
946,FLIGHT_NUM946
947,FLIGHT_NUM947
948,FLIGHT_NUM948
949,FLIGHT_NUM949
950,FLIGHT_NUM950
951,FLIGHT_NUM951
952,FLIGHT_NUM952
953,FLIGHT_NUM953
954,FLIGHT_NUM954
