542,PNR_NAME542,CONTACT_INFO542,542
543,PNR_NAME543,CONTACT_INFO543,543
544,PNR_NAME544,CONTACT_INFO544,544
545,PNR_NAME545,CONTACT_INFO545,545
546,PNR_NAME546,CONTACT_INFO546,546
547,PNR_NAME547,CONTACT_INFO547,547
548,PNR_NAME548,CONTACT_INFO548,548
549,PNR_NAME549,CONTACT_INFO549,549
550,PNR_NAME550,CONTACT_INFO550,550
551,PNR_NAME551,CONTACT_INFO551,551
552,PNR_NAME552,CONTACT_INFO552,552
553,PNR_NAME553,CONTACT_INFO553,553
554,PNR_NAME554,CONTACT_INFO554,554
555,PNR_NAME555,CONTACT_INFO555,555
556,PNR_NAME556,CONTACT_INFO556,556
557,PNR_NAME557,CONTACT_INFO557,557
558,PNR_NAME558,CONTACT_INFO558,558
559,PNR_NAME559,CONTACT_INFO559,559
560,PNR_NAME560,CONTACT_INFO560,560
561,PNR_NAME561,CONTACT_INFO561,561
562,PNR_NAME562,CONTACT_INFO562,562
563,PNR_NAME563,CONTACT_INFO563,563
564,PNR_NAME564,CONTACT_INFO564,564
565,PNR_NAME565,CONTACT_INFO565,565
566,PNR_NAME566,CONTACT_INFO566,566
567,PNR_NAME567,CONTACT_INFO567,567
568,PNR_NAME568,CONTACT_INFO568,568
569,PNR_NAME569,CONTACT_INFO569,569
570,PNR_NAME570,CONTACT_INFO570,570
571,PNR_NAME571,CONTACT_INFO571,571
572,PNR_NAME572,CONTACT_INFO572,572
573,PNR_NAME573,CONTACT_INFO573,573
574,PNR_NAME574,CONTACT_INFO574,574
575,PNR_NAME575,CONTACT_INFO575,575
576,PNR_NAME576,CONTACT_INFO576,576
577,PNR_NAME577,CONTACT_INFO577,577
578,PNR_NAME578,CONTACT_INFO578,578
579,PNR_NAME579,CONTACT_INFO579,579
580,PNR_NAME580,CONTACT_INFO580,580
581,PNR_NAME581,CONTACT_INFO581,581
582,PNR_NAME582,CONTACT_INFO582,582
583,PNR_NAME583,CONTACT_INFO583,583
584,PNR_NAME584,CONTACT_INFO584,584
585,PNR_NAME585,CONTACT_INFO585,585
586,PNR_NAME586,CONTACT_INFO586,586
587,PNR_NAME587,CONTACT_INFO587,587
588,PNR_NAME588,CONTACT_INFO588,588
589,PNR_NAME589,CONTACT_INFO589,589
590,PNR_NAME590,CONTACT_INFO590,590
591,PNR_NAME591,CONTACT_INFO591,591
592,PNR_NAME592,CONTACT_INFO592,592
593,PNR_NAME593,CONTACT_INFO593,593
594,PNR_NAME594,CONTACT_INFO594,594
595,PNR_NAME595,CONTACT_INFO595,595
596,PNR_NAME596,CONTACT_INFO596,596
597,PNR_NAME597,CONTACT_INFO597,597
598,PNR_NAME598,CONTACT_INFO598,598
599,PNR_NAME599,CONTACT_INFO599,599
600,PNR_NAME600,CONTACT_INFO600,600
601,PNR_NAME601,CONTACT_INFO601,601
602,PNR_NAME602,CONTACT_INFO602,602
603,PNR_NAME603,CONTACT_INFO603,603
604,PNR_NAME604,CONTACT_INFO604,604
605,PNR_NAME605,CONTACT_INFO605,605
606,PNR_NAME606,CONTACT_INFO606,606
607,PNR_NAME607,CONTACT_INFO607,607
608,PNR_NAME608,CONTACT_INFO608,608
609,PNR_NAME609,CONTACT_INFO609,609
610,PNR_NAME610,CONTACT_INFO610,610
611,PNR_NAME611,CONTACT_INFO611,611
612,PNR_NAME612,CONTACT_INFO612,612
613,PNR_NAME613,CONTACT_INFO613,613
614,PNR_NAME614,CONTACT_INFO614,614
615,PNR_NAME615,CONTACT_INFO615,615
616,PNR_NAME616,CONTACT_INFO616,616
617,PNR_NAME617,CONTACT_INFO617,617
618,PNR_NAME618,CONTACT_INFO618,618
619,PNR_NAME619,CONTACT_INFO619,619
620,PNR_NAME620,CONTACT_INFO620,620
621,PNR_NAME621,CONTACT_INFO621,621
622,PNR_NAME622,CONTACT_INFO622,622
623,PNR_NAME623,CONTACT_INFO623,623
624,PNR_NAME624,CONTACT_INFO624,624
625,PNR_NAME625,CONTACT_INFO625,625
626,PNR_NAME626,CONTACT_INFO626,626
627,PNR_NAME627,CONTACT_INFO627,627
628,PNR_NAME628,CONTACT_INFO628,628
629,PNR_NAME629,CONTACT_INFO629,629
630,PNR_NAME630,CONTACT_INFO630,630
631,PNR_NAME631,CONTACT_INFO631,631
632,PNR_NAME632,CONTACT_INFO632,632
633,PNR_NAME633,CONTACT_INFO633,633
634,PNR_NAME634,CONTACT_INFO634,634
635,PNR_NAME635,CONTACT_INFO635,635
636,PNR_NAME636,CONTACT_INFO636,636
637,PNR_NAME637,CONTACT_INFO637,637
638,PNR_NAME638,CONTACT_INFO638,638
639,PNR_NAME639,CONTACT_INFO639,639
640,PNR_NAME640,CONTACT_INFO640,640
641,PNR_NAME641,CONTACT_INFO641,641
642,PNR_NAME642,CONTACT_INFO642,642
643,PNR_NAME643,CONTACT_INFO643,643
644,PNR_NAME644,CONTACT_INFO644,644
645,PNR_NAME645,CONTACT_INFO645,645
646,PNR_NAME646,CONTACT_INFO646,646
647,PNR_NAME647,CONTACT_INFO647,647
648,PNR_NAME648,CONTACT_INFO648,648
649,PNR_NAME649,CONTACT_INFO649,649
650,PNR_NAME650,CONTACT_INFO650,650
651,PNR_NAME651,CONTACT_INFO651,651
652,PNR_NAME652,CONTACT_INFO652,652
653,PNR_NAME653,CONTACT_INFO653,653
654,PNR_NAME654,CONTACT_INFO654,654
655,PNR_NAME655,CONTACT_INFO655,655
656,PNR_NAME656,CONTACT_INFO656,656
657,PNR_NAME657,CONTACT_INFO657,657
658,PNR_NAME658,CONTACT_INFO658,658
659,PNR_NAME659,CONTACT_INFO659,659
660,PNR_NAME660,CONTACT_INFO660,660
661,PNR_NAME661,CONTACT_INFO661,661
662,PNR_NAME662,CONTACT_INFO662,662
663,PNR_NAME663,CONTACT_INFO663,663
664,PNR_NAME664,CONTACT_INFO664,664
665,PNR_NAME665,CONTACT_INFO665,665
666,PNR_NAME666,CONTACT_INFO666,666
667,PNR_NAME667,CONTACT_INFO667,667
668,PNR_NAME668,CONTACT_INFO668,668
669,PNR_NAME669,CONTACT_INFO669,669
670,PNR_NAME670,CONTACT_INFO670,670
671,PNR_NAME671,CONTACT_INFO671,671
672,PNR_NAME672,CONTACT_INFO672,672
673,PNR_NAME673,CONTACT_INFO673,673
674,PNR_NAME674,CONTACT_INFO674,674
675,PNR_NAME675,CONTACT_INFO675,675
676,PNR_NAME676,CONTACT_INFO676,676
677,PNR_NAME677,CONTACT_INFO677,677
678,PNR_NAME678,CONTACT_INFO678,678
679,PNR_NAME679,CONTACT_INFO679,679
680,PNR_NAME680,CONTACT_INFO680,680
681,PNR_NAME681,CONTACT_INFO681,681
682,PNR_NAME682,CONTACT_INFO682,682
683,PNR_NAME683,CONTACT_INFO683,683
684,PNR_NAME684,CONTACT_INFO684,684
685,PNR_NAME685,CONTACT_INFO685,685
686,PNR_NAME686,CONTACT_INFO686,686
687,PNR_NAME687,CONTACT_INFO687,687
688,PNR_NAME688,CONTACT_INFO688,688
689,PNR_NAME689,CONTACT_INFO689,689
690,PNR_NAME690,CONTACT_INFO690,690
691,PNR_NAME691,CONTACT_INFO691,691
692,PNR_NAME692,CONTACT_INFO692,692
693,PNR_NAME693,CONTACT_INFO693,693
694,PNR_NAME694,CONTACT_INFO694,694
695,PNR_NAME695,CONTACT_INFO695,695
696,PNR_NAME696,CONTACT_INFO696,696
697,PNR_NAME697,CONTACT_INFO697,697
698,PNR_NAME698,CONTACT_INFO698,698
699,PNR_NAME699,CONTACT_INFO699,699
700,PNR_NAME700,CONTACT_INFO700,700
701,PNR_NAME701,CONTACT_INFO701,701
702,PNR_NAME702,CONTACT_INFO702,702
703,PNR_NAME703,CONTACT_INFO703,703
704,PNR_NAME704,CONTACT_INFO704,704
705,PNR_NAME705,CONTACT_INFO705,705
706,PNR_NAME706,CONTACT_INFO706,706
707,PNR_NAME707,CONTACT_INFO707,707
708,PNR_NAME708,CONTACT_INFO708,708
709,PNR_NAME709,CONTACT_INFO709,709
710,PNR_NAME710,CONTACT_INFO710,710
711,PNR_NAME711,CONTACT_INFO711,711
712,PNR_NAME712,CONTACT_INFO712,712
713,PNR_NAME713,CONTACT_INFO713,713
714,PNR_NAME714,CONTACT_INFO714,714
715,PNR_NAME715,CONTACT_INFO715,715
716,PNR_NAME716,CONTACT_INFO716,716
717,PNR_NAME717,CONTACT_INFO717,717
718,PNR_NAME718,CONTACT_INFO718,718
719,PNR_NAME719,CONTACT_INFO719,719
720,PNR_NAME720,CONTACT_INFO720,720
721,PNR_NAME721,CONTACT_INFO721,721
722,PNR_NAME722,CONTACT_INFO722,722
723,PNR_NAME723,CONTACT_INFO723,723
724,PNR_NAME724,CONTACT_INFO724,724
725,PNR_NAME725,CONTACT_INFO725,725
726,PNR_NAME726,CONTACT_INFO726,726
727,PNR_NAME727,CONTACT_INFO727,727
728,PNR_NAME728,CONTACT_INFO728,728
729,PNR_NAME729,CONTACT_INFO729,729
730,PNR_NAME730,CONTACT_INFO730,730
731,PNR_NAME731,CONTACT_INFO731,731
732,PNR_NAME732,CONTACT_INFO732,732
733,PNR_NAME733,CONTACT_INFO733,733
734,PNR_NAME734,CONTACT_INFO734,734
735,PNR_NAME735,CONTACT_INFO735,735
736,PNR_NAME736,CONTACT_INFO736,736
737,PNR_NAME737,CONTACT_INFO737,737
738,PNR_NAME738,CONTACT_INFO738,738
739,PNR_NAME739,CONTACT_INFO739,739
740,PNR_NAME740,CONTACT_INFO740,740
741,PNR_NAME741,CONTACT_INFO741,741
742,PNR_NAME742,CONTACT_INFO742,742
743,PNR_NAME743,CONTACT_INFO743,743
744,PNR_NAME744,CONTACT_INFO744,744
745,PNR_NAME745,CONTACT_INFO745,745
746,PNR_NAME746,CONTACT_INFO746,746
747,PNR_NAME747,CONTACT_INFO747,747
748,PNR_NAME748,CONTACT_INFO748,748
749,PNR_NAME749,CONTACT_INFO749,749
750,PNR_NAME750,CONTACT_INFO750,750
751,PNR_NAME751,CONTACT_INFO751,751
752,PNR_NAME752,CONTACT_INFO752,752
753,PNR_NAME753,CONTACT_INFO753,753
754,PNR_NAME754,CONTACT_INFO754,754
755,PNR_NAME755,CONTACT_INFO755,755
756,PNR_NAME756,CONTACT_INFO756,756
757,PNR_NAME757,CONTACT_INFO757,757
758,PNR_NAME758,CONTACT_INFO758,758
759,PNR_NAME759,CONTACT_INFO759,759
760,PNR_NAME760,CONTACT_INFO760,760
761,PNR_NAME761,CONTACT_INFO761,761
762,PNR_NAME762,CONTACT_INFO762,762
763,PNR_NAME763,CONTACT_INFO763,763
764,PNR_NAME764,CONTACT_INFO764,764
765,PNR_NAME765,CONTACT_INFO765,765
766,PNR_NAME766,CONTACT_INFO766,766
767,PNR_NAME767,CONTACT_INFO767,767
768,PNR_NAME768,CONTACT_INFO768,768
769,PNR_NAME769,CONTACT_INFO769,769
770,PNR_NAME770,CONTACT_INFO770,770
771,PNR_NAME771,CONTACT_INFO771,771
772,PNR_NAME772,CONTACT_INFO772,772
773,PNR_NAME773,CONTACT_INFO773,773
774,PNR_NAME774,CONTACT_INFO774,774
775,PNR_NAME775,CONTACT_INFO775,775
776,PNR_NAME776,CONTACT_INFO776,776
777,PNR_NAME777,CONTACT_INFO777,777
778,PNR_NAME778,CONTACT_INFO778,778
779,PNR_NAME779,CONTACT_INFO779,779
780,PNR_NAME780,CONTACT_INFO780,780
781,PNR_NAME781,CONTACT_INFO781,781
782,PNR_NAME782,CONTACT_INFO782,782
783,PNR_NAME783,CONTACT_INFO783,783
784,PNR_NAME784,CONTACT_INFO784,784
785,PNR_NAME785,CONTACT_INFO785,785
786,PNR_NAME786,CONTACT_INFO786,786
787,PNR_NAME787,CONTACT_INFO787,787
788,PNR_NAME788,CONTACT_INFO788,788
789,PNR_NAME789,CONTACT_INFO789,789
790,PNR_NAME790,CONTACT_INFO790,790
791,PNR_NAME791,CONTACT_INFO791,791
792,PNR_NAME792,CONTACT_INFO792,792
793,PNR_NAME793,CONTACT_INFO793,793
794,PNR_NAME794,CONTACT_INFO794,794
795,PNR_NAME795,CONTACT_INFO795,795
796,PNR_NAME796,CONTACT_INFO796,796
797,PNR_NAME797,CONTACT_INFO797,797
798,PNR_NAME798,CONTACT_INFO798,798
799,PNR_NAME799,CONTACT_INFO799,799
800,PNR_NAME800,CONTACT_INFO800,800
801,PNR_NAME801,CONTACT_INFO801,801
802,PNR_NAME802,CONTACT_INFO802,802
803,PNR_NAME803,CONTACT_INFO803,803
804,PNR_NAME804,CONTACT_INFO804,804
805,PNR_NAME805,CONTACT_INFO805,805
806,PNR_NAME806,CONTACT_INFO806,806
807,PNR_NAME807,CONTACT_INFO807,807
808,PNR_NAME808,CONTACT_INFO808,808
809,PNR_NAME809,CONTACT_INFO809,809
810,PNR_NAME810,CONTACT_INFO810,810
811,PNR_NAME811,CONTACT_INFO811,811
812,PNR_NAME812,CONTACT_INFO812,812
813,PNR_NAME813,CONTACT_INFO813,813
814,PNR_NAME814,CONTACT_INFO814,814
815,PNR_NAME815,CONTACT_INFO815,815
816,PNR_NAME816,CONTACT_INFO816,816
817,PNR_NAME817,CONTACT_INFO817,817
818,PNR_NAME818,CONTACT_INFO818,818
819,PNR_NAME819,CONTACT_INFO819,819
820,PNR_NAME820,CONTACT_INFO820,820
821,PNR_NAME821,CONTACT_INFO821,821
822,PNR_NAME822,CONTACT_INFO822,822
823,PNR_NAME823,CONTACT_INFO823,823
824,PNR_NAME824,CONTACT_INFO824,824
825,PNR_NAME825,CONTACT_INFO825,825
826,PNR_NAME826,CONTACT_INFO826,826
827,PNR_NAME827,CONTACT_INFO827,827
828,PNR_NAME828,CONTACT_INFO828,828
829,PNR_NAME829,CONTACT_INFO829,829
830,PNR_NAME830,CONTACT_INFO830,830
831,PNR_NAME831,CONTACT_INFO831,831
832,PNR_NAME832,CONTACT_INFO832,832
833,PNR_NAME833,CONTACT_INFO833,833
834,PNR_NAME834,CONTACT_INFO834,834
835,PNR_NAME835,CONTACT_INFO835,835
836,PNR_NAME836,CONTACT_INFO836,836
837,PNR_NAME837,CONTACT_INFO837,837
838,PNR_NAME838,CONTACT_INFO838,838
839,PNR_NAME839,CONTACT_INFO839,839
840,PNR_NAME840,CONTACT_INFO840,840
841,PNR_NAME841,CONTACT_INFO841,841
842,PNR_NAME842,CONTACT_INFO842,842
843,PNR_NAME843,CONTACT_INFO843,843
844,PNR_NAME844,CONTACT_INFO844,844
845,PNR_NAME845,CONTACT_INFO845,845
846,PNR_NAME846,CONTACT_INFO846,846
847,PNR_NAME847,CONTACT_INFO847,847
848,PNR_NAME848,CONTACT_INFO848,848
849,PNR_NAME849,CONTACT_INFO849,849
850,PNR_NAME850,CONTACT_INFO850,850
851,PNR_NAME851,CONTACT_INFO851,851
852,PNR_NAME852,CONTACT_INFO852,852
853,PNR_NAME853,CONTACT_INFO853,853
854,PNR_NAME854,CONTACT_INFO854,854
855,PNR_NAME855,CONTACT_INFO855,855
856,PNR_NAME856,CONTACT_INFO856,856
857,PNR_NAME857,CONTACT_INFO857,857
858,PNR_NAME858,CONTACT_INFO858,858
859,PNR_NAME859,CONTACT_INFO859,859
860,PNR_NAME860,CONTACT_INFO860,860
861,PNR_NAME861,CONTACT_INFO861,861
862,PNR_NAME862,CONTACT_INFO862,862
863,PNR_NAME863,CONTACT_INFO863,863
864,PNR_NAME864,CONTACT_INFO864,864
865,PNR_NAME865,CONTACT_INFO865,865
866,PNR_NAME866,CONTACT_INFO866,866
867,PNR_NAME867,CONTACT_INFO867,867
868,PNR_NAME868,CONTACT_INFO868,868
869,PNR_NAME869,CONTACT_INFO869,869
870,PNR_NAME870,CONTACT_INFO870,870
871,PNR_NAME871,CONTACT_INFO871,871
872,PNR_NAME872,CONTACT_INFO872,872
873,PNR_NAME873,CONTACT_INFO873,873
874,PNR_NAME874,CONTACT_INFO874,874
875,PNR_NAME875,CONTACT_INFO875,875
876,PNR_NAME876,CONTACT_INFO876,876
877,PNR_NAME877,CONTACT_INFO877,877
878,PNR_NAME878,CONTACT_INFO878,878
879,PNR_NAME879,CONTACT_INFO879,879
880,PNR_NAME880,CONTACT_INFO880,880
881,PNR_NAME881,CONTACT_INFO881,881
882,PNR_NAME882,CONTACT_INFO882,882
883,PNR_NAME883,CONTACT_INFO883,883
884,PNR_NAME884,CONTACT_INFO884,884
885,PNR_NAME885,CONTACT_INFO885,885
886,PNR_NAME886,CONTACT_INFO886,886
887,PNR_NAME887,CONTACT_INFO887,887
888,PNR_NAME888,CONTACT_INFO888,888
889,PNR_NAME889,CONTACT_INFO889,889
890,PNR_NAME890,CONTACT_INFO890,890
891,PNR_NAME891,CONTACT_INFO891,891
892,PNR_NAME892,CONTACT_INFO892,892
893,PNR_NAME893,CONTACT_INFO893,893
894,PNR_NAME894,CONTACT_INFO894,894
895,PNR_NAME895,CONTACT_INFO895,895
1,PNR_NAME1,CONTACT_INFO1,1
2,PNR_NAME2,CONTACT_INFO2,2
3,PNR_NAME3,CONTACT_INFO3,3
4,PNR_NAME4,CONTACT_INFO4,4
5,PNR_NAME5,CONTACT_INFO5,5
6,PNR_NAME6,CONTACT_INFO6,6
7,PNR_NAME7,CONTACT_INFO7,7
8,PNR_NAME8,CONTACT_INFO8,8
9,PNR_NAME9,CONTACT_INFO9,9
10,PNR_NAME10,CONTACT_INFO10,10
11,PNR_NAME11,CONTACT_INFO11,11
12,PNR_NAME12,CONTACT_INFO12,12
13,PNR_NAME13,CONTACT_INFO13,13
14,PNR_NAME14,CONTACT_INFO14,14
15,PNR_NAME15,CONTACT_INFO15,15
16,PNR_NAME16,CONTACT_INFO16,16
17,PNR_NAME17,CONTACT_INFO17,17
18,PNR_NAME18,CONTACT_INFO18,18
19,PNR_NAME19,CONTACT_INFO19,19
20,PNR_NAME20,CONTACT_INFO20,20
21,PNR_NAME21,CONTACT_INFO21,21
22,PNR_NAME22,CONTACT_INFO22,22
23,PNR_NAME23,CONTACT_INFO23,23
24,PNR_NAME24,CONTACT_INFO24,24
25,PNR_NAME25,CONTACT_INFO25,25
26,PNR_NAME26,CONTACT_INFO26,26
27,PNR_NAME27,CONTACT_INFO27,27
28,PNR_NAME28,CONTACT_INFO28,28
29,PNR_NAME29,CONTACT_INFO29,29
30,PNR_NAME30,CONTACT_INFO30,30
31,PNR_NAME31,CONTACT_INFO31,31
32,PNR_NAME32,CONTACT_INFO32,32
33,PNR_NAME33,CONTACT_INFO33,33
34,PNR_NAME34,CONTACT_INFO34,34
35,PNR_NAME35,CONTACT_INFO35,35
36,PNR_NAME36,CONTACT_INFO36,36
37,PNR_NAME37,CONTACT_INFO37,37
38,PNR_NAME38,CONTACT_INFO38,38
39,PNR_NAME39,CONTACT_INFO39,39
40,PNR_NAME40,CONTACT_INFO40,40
41,PNR_NAME41,CONTACT_INFO41,41
42,PNR_NAME42,CONTACT_INFO42,42
43,PNR_NAME43,CONTACT_INFO43,43
44,PNR_NAME44,CONTACT_INFO44,44
45,PNR_NAME45,CONTACT_INFO45,45
46,PNR_NAME46,CONTACT_INFO46,46
47,PNR_NAME47,CONTACT_INFO47,47
48,PNR_NAME48,CONTACT_INFO48,48
49,PNR_NAME49,CONTACT_INFO49,49
50,PNR_NAME50,CONTACT_INFO50,50
51,PNR_NAME51,CONTACT_INFO51,51
52,PNR_NAME52,CONTACT_INFO52,52
53,PNR_NAME53,CONTACT_INFO53,53
54,PNR_NAME54,CONTACT_INFO54,54
55,PNR_NAME55,CONTACT_INFO55,55
56,PNR_NAME56,CONTACT_INFO56,56
57,PNR_NAME57,CONTACT_INFO57,57
58,PNR_NAME58,CONTACT_INFO58,58
59,PNR_NAME59,CONTACT_INFO59,59
60,PNR_NAME60,CONTACT_INFO60,60
61,PNR_NAME61,CONTACT_INFO61,61
62,PNR_NAME62,CONTACT_INFO62,62
63,PNR_NAME63,CONTACT_INFO63,63
64,PNR_NAME64,CONTACT_INFO64,64
65,PNR_NAME65,CONTACT_INFO65,65
66,PNR_NAME66,CONTACT_INFO66,66
67,PNR_NAME67,CONTACT_INFO67,67
68,PNR_NAME68,CONTACT_INFO68,68
69,PNR_NAME69,CONTACT_INFO69,69
70,PNR_NAME70,CONTACT_INFO70,70
71,PNR_NAME71,CONTACT_INFO71,71
72,PNR_NAME72,CONTACT_INFO72,72
73,PNR_NAME73,CONTACT_INFO73,73
74,PNR_NAME74,CONTACT_INFO74,74
75,PNR_NAME75,CONTACT_INFO75,75
76,PNR_NAME76,CONTACT_INFO76,76
77,PNR_NAME77,CONTACT_INFO77,77
78,PNR_NAME78,CONTACT_INFO78,78
79,PNR_NAME79,CONTACT_INFO79,79
80,PNR_NAME80,CONTACT_INFO80,80
81,PNR_NAME81,CONTACT_INFO81,81
82,PNR_NAME82,CONTACT_INFO82,82
83,PNR_NAME83,CONTACT_INFO83,83
84,PNR_NAME84,CONTACT_INFO84,84
85,PNR_NAME85,CONTACT_INFO85,85
86,PNR_NAME86,CONTACT_INFO86,86
87,PNR_NAME87,CONTACT_INFO87,87
88,PNR_NAME88,CONTACT_INFO88,88
89,PNR_NAME89,CONTACT_INFO89,89
90,PNR_NAME90,CONTACT_INFO90,90
91,PNR_NAME91,CONTACT_INFO91,91
92,PNR_NAME92,CONTACT_INFO92,92
93,PNR_NAME93,CONTACT_INFO93,93
94,PNR_NAME94,CONTACT_INFO94,94
95,PNR_NAME95,CONTACT_INFO95,95
96,PNR_NAME96,CONTACT_INFO96,96
97,PNR_NAME97,CONTACT_INFO97,97
98,PNR_NAME98,CONTACT_INFO98,98
99,PNR_NAME99,CONTACT_INFO99,99
100,PNR_NAME100,CONTACT_INFO100,100
101,PNR_NAME101,CONTACT_INFO101,101
102,PNR_NAME102,CONTACT_INFO102,102
103,PNR_NAME103,CONTACT_INFO103,103
104,PNR_NAME104,CONTACT_INFO104,104
105,PNR_NAME105,CONTACT_INFO105,105
106,PNR_NAME106,CONTACT_INFO106,106
107,PNR_NAME107,CONTACT_INFO107,107
108,PNR_NAME108,CONTACT_INFO108,108
109,PNR_NAME109,CONTACT_INFO109,109
110,PNR_NAME110,CONTACT_INFO110,110
111,PNR_NAME111,CONTACT_INFO111,111
112,PNR_NAME112,CONTACT_INFO112,112
113,PNR_NAME113,CONTACT_INFO113,113
114,PNR_NAME114,CONTACT_INFO114,114
115,PNR_NAME115,CONTACT_INFO115,115
116,PNR_NAME116,CONTACT_INFO116,116
117,PNR_NAME117,CONTACT_INFO117,117
118,PNR_NAME118,CONTACT_INFO118,118
119,PNR_NAME119,CONTACT_INFO119,119
120,PNR_NAME120,CONTACT_INFO120,120
121,PNR_NAME121,CONTACT_INFO121,121
122,PNR_NAME122,CONTACT_INFO122,122
123,PNR_NAME123,CONTACT_INFO123,123
124,PNR_NAME124,CONTACT_INFO124,124
125,PNR_NAME125,CONTACT_INFO125,125
126,PNR_NAME126,CONTACT_INFO126,126
127,PNR_NAME127,CONTACT_INFO127,127
128,PNR_NAME128,CONTACT_INFO128,128
129,PNR_NAME129,CONTACT_INFO129,129
130,PNR_NAME130,CONTACT_INFO130,130
131,PNR_NAME131,CONTACT_INFO131,131
132,PNR_NAME132,CONTACT_INFO132,132
133,PNR_NAME133,CONTACT_INFO133,133
134,PNR_NAME134,CONTACT_INFO134,134
135,PNR_NAME135,CONTACT_INFO135,135
136,PNR_NAME136,CONTACT_INFO136,136
137,PNR_NAME137,CONTACT_INFO137,137
138,PNR_NAME138,CONTACT_INFO138,138
139,PNR_NAME139,CONTACT_INFO139,139
140,PNR_NAME140,CONTACT_INFO140,140
141,PNR_NAME141,CONTACT_INFO141,141
142,PNR_NAME142,CONTACT_INFO142,142
143,PNR_NAME143,CONTACT_INFO143,143
144,PNR_NAME144,CONTACT_INFO144,144
145,PNR_NAME145,CONTACT_INFO145,145
146,PNR_NAME146,CONTACT_INFO146,146
147,PNR_NAME147,CONTACT_INFO147,147
148,PNR_NAME148,CONTACT_INFO148,148
149,PNR_NAME149,CONTACT_INFO149,149
150,PNR_NAME150,CONTACT_INFO150,150
151,PNR_NAME151,CONTACT_INFO151,151
152,PNR_NAME152,CONTACT_INFO152,152
153,PNR_NAME153,CONTACT_INFO153,153
154,PNR_NAME154,CONTACT_INFO154,154
155,PNR_NAME155,CONTACT_INFO155,155
156,PNR_NAME156,CONTACT_INFO156,156
157,PNR_NAME157,CONTACT_INFO157,157
158,PNR_NAME158,CONTACT_INFO158,158
159,PNR_NAME159,CONTACT_INFO159,159
160,PNR_NAME160,CONTACT_INFO160,160
161,PNR_NAME161,CONTACT_INFO161,161
162,PNR_NAME162,CONTACT_INFO162,162
163,PNR_NAME163,CONTACT_INFO163,163
164,PNR_NAME164,CONTACT_INFO164,164
165,PNR_NAME165,CONTACT_INFO165,165
166,PNR_NAME166,CONTACT_INFO166,166
167,PNR_NAME167,CONTACT_INFO167,167
168,PNR_NAME168,CONTACT_INFO168,168
169,PNR_NAME169,CONTACT_INFO169,169
170,PNR_NAME170,CONTACT_INFO170,170
171,PNR_NAME171,CONTACT_INFO171,171
172,PNR_NAME172,CONTACT_INFO172,172
173,PNR_NAME173,CONTACT_INFO173,173
174,PNR_NAME174,CONTACT_INFO174,174
175,PNR_NAME175,CONTACT_INFO175,175
176,PNR_NAME176,CONTACT_INFO176,176
177,PNR_NAME177,CONTACT_INFO177,177
178,PNR_NAME178,CONTACT_INFO178,178
179,PNR_NAME179,CONTACT_INFO179,179
180,PNR_NAME180,CONTACT_INFO180,180
181,PNR_NAME181,CONTACT_INFO181,181
182,PNR_NAME182,CONTACT_INFO182,182
183,PNR_NAME183,CONTACT_INFO183,183
184,PNR_NAME184,CONTACT_INFO184,184
185,PNR_NAME185,CONTACT_INFO185,185
186,PNR_NAME186,CONTACT_INFO186,186
187,PNR_NAME187,CONTACT_INFO187,187
188,PNR_NAME188,CONTACT_INFO188,188
189,PNR_NAME189,CONTACT_INFO189,189
190,PNR_NAME190,CONTACT_INFO190,190
191,PNR_NAME191,CONTACT_INFO191,191
192,PNR_NAME192,CONTACT_INFO192,192
193,PNR_NAME193,CONTACT_INFO193,193
194,PNR_NAME194,CONTACT_INFO194,194
195,PNR_NAME195,CONTACT_INFO195,195
196,PNR_NAME196,CONTACT_INFO196,196
197,PNR_NAME197,CONTACT_INFO197,197
198,PNR_NAME198,CONTACT_INFO198,198
199,PNR_NAME199,CONTACT_INFO199,199
200,PNR_NAME200,CONTACT_INFO200,200
201,PNR_NAME201,CONTACT_INFO201,201
202,PNR_NAME202,CONTACT_INFO202,202
203,PNR_NAME203,CONTACT_INFO203,203
204,PNR_NAME204,CONTACT_INFO204,204
205,PNR_NAME205,CONTACT_INFO205,205
206,PNR_NAME206,CONTACT_INFO206,206
207,PNR_NAME207,CONTACT_INFO207,207
208,PNR_NAME208,CONTACT_INFO208,208
209,PNR_NAME209,CONTACT_INFO209,209
210,PNR_NAME210,CONTACT_INFO210,210
211,PNR_NAME211,CONTACT_INFO211,211
212,PNR_NAME212,CONTACT_INFO212,212
213,PNR_NAME213,CONTACT_INFO213,213
214,PNR_NAME214,CONTACT_INFO214,214
215,PNR_NAME215,CONTACT_INFO215,215
216,PNR_NAME216,CONTACT_INFO216,216
217,PNR_NAME217,CONTACT_INFO217,217
218,PNR_NAME218,CONTACT_INFO218,218
219,PNR_NAME219,CONTACT_INFO219,219
220,PNR_NAME220,CONTACT_INFO220,220
221,PNR_NAME221,CONTACT_INFO221,221
222,PNR_NAME222,CONTACT_INFO222,222
223,PNR_NAME223,CONTACT_INFO223,223
224,PNR_NAME224,CONTACT_INFO224,224
225,PNR_NAME225,CONTACT_INFO225,225
226,PNR_NAME226,CONTACT_INFO226,226
227,PNR_NAME227,CONTACT_INFO227,227
228,PNR_NAME228,CONTACT_INFO228,228
229,PNR_NAME229,CONTACT_INFO229,229
230,PNR_NAME230,CONTACT_INFO230,230
231,PNR_NAME231,CONTACT_INFO231,231
232,PNR_NAME232,CONTACT_INFO232,232
233,PNR_NAME233,CONTACT_INFO233,233
234,PNR_NAME234,CONTACT_INFO234,234
235,PNR_NAME235,CONTACT_INFO235,235
236,PNR_NAME236,CONTACT_INFO236,236
237,PNR_NAME237,CONTACT_INFO237,237
238,PNR_NAME238,CONTACT_INFO238,238
239,PNR_NAME239,CONTACT_INFO239,239
240,PNR_NAME240,CONTACT_INFO240,240
241,PNR_NAME241,CONTACT_INFO241,241
242,PNR_NAME242,CONTACT_INFO242,242
243,PNR_NAME243,CONTACT_INFO243,243
244,PNR_NAME244,CONTACT_INFO244,244
245,PNR_NAME245,CONTACT_INFO245,245
246,PNR_NAME246,CONTACT_INFO246,246
247,PNR_NAME247,CONTACT_INFO247,247
248,PNR_NAME248,CONTACT_INFO248,248
249,PNR_NAME249,CONTACT_INFO249,249
250,PNR_NAME250,CONTACT_INFO250,250
251,PNR_NAME251,CONTACT_INFO251,251
252,PNR_NAME252,CONTACT_INFO252,252
253,PNR_NAME253,CONTACT_INFO253,253
254,PNR_NAME254,CONTACT_INFO254,254
255,PNR_NAME255,CONTACT_INFO255,255
256,PNR_NAME256,CONTACT_INFO256,256
257,PNR_NAME257,CONTACT_INFO257,257
258,PNR_NAME258,CONTACT_INFO258,258
259,PNR_NAME259,CONTACT_INFO259,259
260,PNR_NAME260,CONTACT_INFO260,260
261,PNR_NAME261,CONTACT_INFO261,261
262,PNR_NAME262,CONTACT_INFO262,262
263,PNR_NAME263,CONTACT_INFO263,263
264,PNR_NAME264,CONTACT_INFO264,264
265,PNR_NAME265,CONTACT_INFO265,265
266,PNR_NAME266,CONTACT_INFO266,266
267,PNR_NAME267,CONTACT_INFO267,267
268,PNR_NAME268,CONTACT_INFO268,268
269,PNR_NAME269,CONTACT_INFO269,269
270,PNR_NAME270,CONTACT_INFO270,270
271,PNR_NAME271,CONTACT_INFO271,271
272,PNR_NAME272,CONTACT_INFO272,272
273,PNR_NAME273,CONTACT_INFO273,273
274,PNR_NAME274,CONTACT_INFO274,274
275,PNR_NAME275,CONTACT_INFO275,275
276,PNR_NAME276,CONTACT_INFO276,276
277,PNR_NAME277,CONTACT_INFO277,277
278,PNR_NAME278,CONTACT_INFO278,278
279,PNR_NAME279,CONTACT_INFO279,279
280,PNR_NAME280,CONTACT_INFO280,280
281,PNR_NAME281,CONTACT_INFO281,281
282,PNR_NAME282,CONTACT_INFO282,282
283,PNR_NAME283,CONTACT_INFO283,283
284,PNR_NAME284,CONTACT_INFO284,284
285,PNR_NAME285,CONTACT_INFO285,285
286,PNR_NAME286,CONTACT_INFO286,286
287,PNR_NAME287,CONTACT_INFO287,287
288,PNR_NAME288,CONTACT_INFO288,288
289,PNR_NAME289,CONTACT_INFO289,289
290,PNR_NAME290,CONTACT_INFO290,290
291,PNR_NAME291,CONTACT_INFO291,291
292,PNR_NAME292,CONTACT_INFO292,292
293,PNR_NAME293,CONTACT_INFO293,293
294,PNR_NAME294,CONTACT_INFO294,294
295,PNR_NAME295,CONTACT_INFO295,295
296,PNR_NAME296,CONTACT_INFO296,296
297,PNR_NAME297,CONTACT_INFO297,297
298,PNR_NAME298,CONTACT_INFO298,298
299,PNR_NAME299,CONTACT_INFO299,299
300,PNR_NAME300,CONTACT_INFO300,300
301,PNR_NAME301,CONTACT_INFO301,301
302,PNR_NAME302,CONTACT_INFO302,302
303,PNR_NAME303,CONTACT_INFO303,303
304,PNR_NAME304,CONTACT_INFO304,304
305,PNR_NAME305,CONTACT_INFO305,305
306,PNR_NAME306,CONTACT_INFO306,306
307,PNR_NAME307,CONTACT_INFO307,307
308,PNR_NAME308,CONTACT_INFO308,308
309,PNR_NAME309,CONTACT_INFO309,309
310,PNR_NAME310,CONTACT_INFO310,310
311,PNR_NAME311,CONTACT_INFO311,311
312,PNR_NAME312,CONTACT_INFO312,312
313,PNR_NAME313,CONTACT_INFO313,313
314,PNR_NAME314,CONTACT_INFO314,314
315,PNR_NAME315,CONTACT_INFO315,315
316,PNR_NAME316,CONTACT_INFO316,316
317,PNR_NAME317,CONTACT_INFO317,317
318,PNR_NAME318,CONTACT_INFO318,318
319,PNR_NAME319,CONTACT_INFO319,319
320,PNR_NAME320,CONTACT_INFO320,320
321,PNR_NAME321,CONTACT_INFO321,321
322,PNR_NAME322,CONTACT_INFO322,322
323,PNR_NAME323,CONTACT_INFO323,323
324,PNR_NAME324,CONTACT_INFO324,324
325,PNR_NAME325,CONTACT_INFO325,325
326,PNR_NAME326,CONTACT_INFO326,326
327,PNR_NAME327,CONTACT_INFO327,327
328,PNR_NAME328,CONTACT_INFO328,328
329,PNR_NAME329,CONTACT_INFO329,329
330,PNR_NAME330,CONTACT_INFO330,330
331,PNR_NAME331,CONTACT_INFO331,331
332,PNR_NAME332,CONTACT_INFO332,332
333,PNR_NAME333,CONTACT_INFO333,333
334,PNR_NAME334,CONTACT_INFO334,334
335,PNR_NAME335,CONTACT_INFO335,335
336,PNR_NAME336,CONTACT_INFO336,336
337,PNR_NAME337,CONTACT_INFO337,337
338,PNR_NAME338,CONTACT_INFO338,338
339,PNR_NAME339,CONTACT_INFO339,339
340,PNR_NAME340,CONTACT_INFO340,340
341,PNR_NAME341,CONTACT_INFO341,341
342,PNR_NAME342,CONTACT_INFO342,342
343,PNR_NAME343,CONTACT_INFO343,343
344,PNR_NAME344,CONTACT_INFO344,344
345,PNR_NAME345,CONTACT_INFO345,345
346,PNR_NAME346,CONTACT_INFO346,346
347,PNR_NAME347,CONTACT_INFO347,347
348,PNR_NAME348,CONTACT_INFO348,348
349,PNR_NAME349,CONTACT_INFO349,349
350,PNR_NAME350,CONTACT_INFO350,350
351,PNR_NAME351,CONTACT_INFO351,351
352,PNR_NAME352,CONTACT_INFO352,352
353,PNR_NAME353,CONTACT_INFO353,353
354,PNR_NAME354,CONTACT_INFO354,354
355,PNR_NAME355,CONTACT_INFO355,355
356,PNR_NAME356,CONTACT_INFO356,356
357,PNR_NAME357,CONTACT_INFO357,357
358,PNR_NAME358,CONTACT_INFO358,358
359,PNR_NAME359,CONTACT_INFO359,359
360,PNR_NAME360,CONTACT_INFO360,360
361,PNR_NAME361,CONTACT_INFO361,361
362,PNR_NAME362,CONTACT_INFO362,362
363,PNR_NAME363,CONTACT_INFO363,363
364,PNR_NAME364,CONTACT_INFO364,364
365,PNR_NAME365,CONTACT_INFO365,365
366,PNR_NAME366,CONTACT_INFO366,366
367,PNR_NAME367,CONTACT_INFO367,367
368,PNR_NAME368,CONTACT_INFO368,368
369,PNR_NAME369,CONTACT_INFO369,369
370,PNR_NAME370,CONTACT_INFO370,370
371,PNR_NAME371,CONTACT_INFO371,371
372,PNR_NAME372,CONTACT_INFO372,372
373,PNR_NAME373,CONTACT_INFO373,373
374,PNR_NAME374,CONTACT_INFO374,374
375,PNR_NAME375,CONTACT_INFO375,375
376,PNR_NAME376,CONTACT_INFO376,376
377,PNR_NAME377,CONTACT_INFO377,377
378,PNR_NAME378,CONTACT_INFO378,378
379,PNR_NAME379,CONTACT_INFO379,379
380,PNR_NAME380,CONTACT_INFO380,380
381,PNR_NAME381,CONTACT_INFO381,381
382,PNR_NAME382,CONTACT_INFO382,382
383,PNR_NAME383,CONTACT_INFO383,383
384,PNR_NAME384,CONTACT_INFO384,384
385,PNR_NAME385,CONTACT_INFO385,385
386,PNR_NAME386,CONTACT_INFO386,386
387,PNR_NAME387,CONTACT_INFO387,387
388,PNR_NAME388,CONTACT_INFO388,388
389,PNR_NAME389,CONTACT_INFO389,389
390,PNR_NAME390,CONTACT_INFO390,390
391,PNR_NAME391,CONTACT_INFO391,391
392,PNR_NAME392,CONTACT_INFO392,392
393,PNR_NAME393,CONTACT_INFO393,393
394,PNR_NAME394,CONTACT_INFO394,394
395,PNR_NAME395,CONTACT_INFO395,395
396,PNR_NAME396,CONTACT_INFO396,396
397,PNR_NAME397,CONTACT_INFO397,397
398,PNR_NAME398,CONTACT_INFO398,398
399,PNR_NAME399,CONTACT_INFO399,399
400,PNR_NAME400,CONTACT_INFO400,400
401,PNR_NAME401,CONTACT_INFO401,401
402,PNR_NAME402,CONTACT_INFO402,402
403,PNR_NAME403,CONTACT_INFO403,403
404,PNR_NAME404,CONTACT_INFO404,404
405,PNR_NAME405,CONTACT_INFO405,405
406,PNR_NAME406,CONTACT_INFO406,406
407,PNR_NAME407,CONTACT_INFO407,407
408,PNR_NAME408,CONTACT_INFO408,408
409,PNR_NAME409,CONTACT_INFO409,409
410,PNR_NAME410,CONTACT_INFO410,410
411,PNR_NAME411,CONTACT_INFO411,411
412,PNR_NAME412,CONTACT_INFO412,412
413,PNR_NAME413,CONTACT_INFO413,413
414,PNR_NAME414,CONTACT_INFO414,414
415,PNR_NAME415,CONTACT_INFO415,415
416,PNR_NAME416,CONTACT_INFO416,416
417,PNR_NAME417,CONTACT_INFO417,417
418,PNR_NAME418,CONTACT_INFO418,418
419,PNR_NAME419,CONTACT_INFO419,419
420,PNR_NAME420,CONTACT_INFO420,420
421,PNR_NAME421,CONTACT_INFO421,421
422,PNR_NAME422,CONTACT_INFO422,422
423,PNR_NAME423,CONTACT_INFO423,423
424,PNR_NAME424,CONTACT_INFO424,424
425,PNR_NAME425,CONTACT_INFO425,425
426,PNR_NAME426,CONTACT_INFO426,426
427,PNR_NAME427,CONTACT_INFO427,427
428,PNR_NAME428,CONTACT_INFO428,428
429,PNR_NAME429,CONTACT_INFO429,429
430,PNR_NAME430,CONTACT_INFO430,430
431,PNR_NAME431,CONTACT_INFO431,431
432,PNR_NAME432,CONTACT_INFO432,432
433,PNR_NAME433,CONTACT_INFO433,433
434,PNR_NAME434,CONTACT_INFO434,434
435,PNR_NAME435,CONTACT_INFO435,435
436,PNR_NAME436,CONTACT_INFO436,436
437,PNR_NAME437,CONTACT_INFO437,437
438,PNR_NAME438,CONTACT_INFO438,438
439,PNR_NAME439,CONTACT_INFO439,439
440,PNR_NAME440,CONTACT_INFO440,440
441,PNR_NAME441,CONTACT_INFO441,441
442,PNR_NAME442,CONTACT_INFO442,442
443,PNR_NAME443,CONTACT_INFO443,443
444,PNR_NAME444,CONTACT_INFO444,444
445,PNR_NAME445,CONTACT_INFO445,445
446,PNR_NAME446,CONTACT_INFO446,446
447,PNR_NAME447,CONTACT_INFO447,447
448,PNR_NAME448,CONTACT_INFO448,448
449,PNR_NAME449,CONTACT_INFO449,449
450,PNR_NAME450,CONTACT_INFO450,450
451,PNR_NAME451,CONTACT_INFO451,451
452,PNR_NAME452,CONTACT_INFO452,452
453,PNR_NAME453,CONTACT_INFO453,453
454,PNR_NAME454,CONTACT_INFO454,454
455,PNR_NAME455,CONTACT_INFO455,455
456,PNR_NAME456,CONTACT_INFO456,456
457,PNR_NAME457,CONTACT_INFO457,457
458,PNR_NAME458,CONTACT_INFO458,458
459,PNR_NAME459,CONTACT_INFO459,459
460,PNR_NAME460,CONTACT_INFO460,460
461,PNR_NAME461,CONTACT_INFO461,461
462,PNR_NAME462,CONTACT_INFO462,462
463,PNR_NAME463,CONTACT_INFO463,463
464,PNR_NAME464,CONTACT_INFO464,464
465,PNR_NAME465,CONTACT_INFO465,465
466,PNR_NAME466,CONTACT_INFO466,466
467,PNR_NAME467,CONTACT_INFO467,467
468,PNR_NAME468,CONTACT_INFO468,468
469,PNR_NAME469,CONTACT_INFO469,469
470,PNR_NAME470,CONTACT_INFO470,470
471,PNR_NAME471,CONTACT_INFO471,471
472,PNR_NAME472,CONTACT_INFO472,472
473,PNR_NAME473,CONTACT_INFO473,473
474,PNR_NAME474,CONTACT_INFO474,474
475,PNR_NAME475,CONTACT_INFO475,475
476,PNR_NAME476,CONTACT_INFO476,476
477,PNR_NAME477,CONTACT_INFO477,477
478,PNR_NAME478,CONTACT_INFO478,478
479,PNR_NAME479,CONTACT_INFO479,479
480,PNR_NAME480,CONTACT_INFO480,480
481,PNR_NAME481,CONTACT_INFO481,481
482,PNR_NAME482,CONTACT_INFO482,482
483,PNR_NAME483,CONTACT_INFO483,483
484,PNR_NAME484,CONTACT_INFO484,484
485,PNR_NAME485,CONTACT_INFO485,485
486,PNR_NAME486,CONTACT_INFO486,486
487,PNR_NAME487,CONTACT_INFO487,487
488,PNR_NAME488,CONTACT_INFO488,488
489,PNR_NAME489,CONTACT_INFO489,489
490,PNR_NAME490,CONTACT_INFO490,490
491,PNR_NAME491,CONTACT_INFO491,491
492,PNR_NAME492,CONTACT_INFO492,492
493,PNR_NAME493,CONTACT_INFO493,493
494,PNR_NAME494,CONTACT_INFO494,494
495,PNR_NAME495,CONTACT_INFO495,495
496,PNR_NAME496,CONTACT_INFO496,496
497,PNR_NAME497,CONTACT_INFO497,497
498,PNR_NAME498,CONTACT_INFO498,498
499,PNR_NAME499,CONTACT_INFO499,499
500,PNR_NAME500,CONTACT_INFO500,500
501,PNR_NAME501,CONTACT_INFO501,501
502,PNR_NAME502,CONTACT_INFO502,502
503,PNR_NAME503,CONTACT_INFO503,503
504,PNR_NAME504,CONTACT_INFO504,504
505,PNR_NAME505,CONTACT_INFO505,505
506,PNR_NAME506,CONTACT_INFO506,506
507,PNR_NAME507,CONTACT_INFO507,507
508,PNR_NAME508,CONTACT_INFO508,508
509,PNR_NAME509,CONTACT_INFO509,509
510,PNR_NAME510,CONTACT_INFO510,510
511,PNR_NAME511,CONTACT_INFO511,511
512,PNR_NAME512,CONTACT_INFO512,512
513,PNR_NAME513,CONTACT_INFO513,513
514,PNR_NAME514,CONTACT_INFO514,514
515,PNR_NAME515,CONTACT_INFO515,515
516,PNR_NAME516,CONTACT_INFO516,516
517,PNR_NAME517,CONTACT_INFO517,517
518,PNR_NAME518,CONTACT_INFO518,518
519,PNR_NAME519,CONTACT_INFO519,519
520,PNR_NAME520,CONTACT_INFO520,520
521,PNR_NAME521,CONTACT_INFO521,521
522,PNR_NAME522,CONTACT_INFO522,522
523,PNR_NAME523,CONTACT_INFO523,523
524,PNR_NAME524,CONTACT_INFO524,524
525,PNR_NAME525,CONTACT_INFO525,525
526,PNR_NAME526,CONTACT_INFO526,526
527,PNR_NAME527,CONTACT_INFO527,527
528,PNR_NAME528,CONTACT_INFO528,528
529,PNR_NAME529,CONTACT_INFO529,529
530,PNR_NAME530,CONTACT_INFO530,530
531,PNR_NAME531,CONTACT_INFO531,531
532,PNR_NAME532,CONTACT_INFO532,532
533,PNR_NAME533,CONTACT_INFO533,533
534,PNR_NAME534,CONTACT_INFO534,534
535,PNR_NAME535,CONTACT_INFO535,535
536,PNR_NAME536,CONTACT_INFO536,536
537,PNR_NAME537,CONTACT_INFO537,537
538,PNR_NAME538,CONTACT_INFO538,538
539,PNR_NAME539,CONTACT_INFO539,539
540,PNR_NAME540,CONTACT_INFO540,540
541,PNR_NAME541,CONTACT_INFO541,541
896,PNR_NAME896,CONTACT_INFO896,896
897,PNR_NAME897,CONTACT_INFO897,897
898,PNR_NAME898,CONTACT_INFO898,898
899,PNR_NAME899,CONTACT_INFO899,899
900,PNR_NAME900,CONTACT_INFO900,900
901,PNR_NAME901,CONTACT_INFO901,901
902,PNR_NAME902,CONTACT_INFO902,902
903,PNR_NAME903,CONTACT_INFO903,903
904,PNR_NAME904,CONTACT_INFO904,904
905,PNR_NAME905,CONTACT_INFO905,905
906,PNR_NAME906,CONTACT_INFO906,906
907,PNR_NAME907,CONTACT_INFO907,907
908,PNR_NAME908,CONTACT_INFO908,908
909,PNR_NAME909,CONTACT_INFO909,909
910,PNR_NAME910,CONTACT_INFO910,910
911,PNR_NAME911,CONTACT_INFO911,911
912,PNR_NAME912,CONTACT_INFO912,912
913,PNR_NAME913,CONTACT_INFO913,913
914,PNR_NAME914,CONTACT_INFO914,914
915,PNR_NAME915,CONTACT_INFO915,915
916,PNR_NAME916,CONTACT_INFO916,916
917,PNR_NAME917,CONTACT_INFO917,917
918,PNR_NAME918,CONTACT_INFO918,918
919,PNR_NAME919,CONTACT_INFO919,919
920,PNR_NAME920,CONTACT_INFO920,920
921,PNR_NAME921,CONTACT_INFO921,921
922,PNR_NAME922,CONTACT_INFO922,922
923,PNR_NAME923,CONTACT_INFO923,923
924,PNR_NAME924,CONTACT_INFO924,924
925,PNR_NAME925,CONTACT_INFO925,925
926,PNR_NAME926,CONTACT_INFO926,926
927,PNR_NAME927,CONTACT_INFO927,927
928,PNR_NAME928,CONTACT_INFO928,928
929,PNR_NAME929,CONTACT_INFO929,929
930,PNR_NAME930,CONTACT_INFO930,930
931,PNR_NAME931,CONTACT_INFO931,931
932,PNR_NAME932,CONTACT_INFO932,932
933,PNR_NAME933,CONTACT_INFO933,933
934,PNR_NAME934,CONTACT_INFO934,934
935,PNR_NAME935,CONTACT_INFO935,935
936,PNR_NAME936,CONTACT_INFO936,936
937,PNR_NAME937,CONTACT_INFO937,937
938,PNR_NAME938,CONTACT_INFO938,938
939,PNR_NAME939,CONTACT_INFO939,939
940,PNR_NAME940,CONTACT_INFO940,940
941,PNR_NAME941,CONTACT_INFO941,941
942,PNR_NAME942,CONTACT_INFO942,942
943,PNR_NAME943,CONTACT_INFO943,943
944,PNR_NAME944,CONTACT_INFO944,944
945,PNR_NAME945,CONTACT_INFO945,945
946,PNR_NAME946,CONTACT_INFO946,946
947,PNR_NAME947,CONTACT_INFO947,947
948,PNR_NAME948,CONTACT_INFO948,948
949,PNR_NAME949,CONTACT_INFO949,949
950,PNR_NAME950,CONTACT_INFO950,950
951,PNR_NAME951,CONTACT_INFO951,951
952,PNR_NAME952,CONTACT_INFO952,952
953,PNR_NAME953,CONTACT_INFO953,953
954,PNR_NAME954,CONTACT_INFO954,954
955,PNR_NAME955,CONTACT_INFO955,955
956,PNR_NAME956,CONTACT_INFO956,956
957,PNR_NAME957,CONTACT_INFO957,957
958,PNR_NAME958,CONTACT_INFO958,958
959,PNR_NAME959,CONTACT_INFO959,959
960,PNR_NAME960,CONTACT_INFO960,960
961,PNR_NAME961,CONTACT_INFO961,961
962,PNR_NAME962,CONTACT_INFO962,962
963,PNR_NAME963,CONTACT_INFO963,963
964,PNR_NAME964,CONTACT_INFO964,964
965,PNR_NAME965,CONTACT_INFO965,965
966,PNR_NAME966,CONTACT_INFO966,966
967,PNR_NAME967,CONTACT_INFO967,967
968,PNR_NAME968,CONTACT_INFO968,968
969,PNR_NAME969,CONTACT_INFO969,969
970,PNR_NAME970,CONTACT_INFO970,970
971,PNR_NAME971,CONTACT_INFO971,971
972,PNR_NAME972,CONTACT_INFO972,972
973,PNR_NAME973,CONTACT_INFO973,973
974,PNR_NAME974,CONTACT_INFO974,974
975,PNR_NAME975,CONTACT_INFO975,975
976,PNR_NAME976,CONTACT_INFO976,976
977,PNR_NAME977,CONTACT_INFO977,977
978,PNR_NAME978,CONTACT_INFO978,978
979,PNR_NAME979,CONTACT_INFO979,979
980,PNR_NAME980,CONTACT_INFO980,980
981,PNR_NAME981,CONTACT_INFO981,981
982,PNR_NAME982,CONTACT_INFO982,982
983,PNR_NAME983,CONTACT_INFO983,983
984,PNR_NAME984,CONTACT_INFO984,984
985,PNR_NAME985,CONTACT_INFO985,985
986,PNR_NAME986,CONTACT_INFO986,986
987,PNR_NAME987,CONTACT_INFO987,987
988,PNR_NAME988,CONTACT_INFO988,988
989,PNR_NAME989,CONTACT_INFO989,989
990,PNR_NAME990,CONTACT_INFO990,990
991,PNR_NAME991,CONTACT_INFO991,991
992,PNR_NAME992,CONTACT_INFO992,992
993,PNR_NAME993,CONTACT_INFO993,993
994,PNR_NAME994,CONTACT_INFO994,994
995,PNR_NAME995,CONTACT_INFO995,995
996,PNR_NAME996,CONTACT_INFO996,996
997,PNR_NAME997,CONTACT_INFO997,997
998,PNR_NAME998,CONTACT_INFO998,998
999,PNR_NAME999,CONTACT_INFO999,999
